MetaTest/Average/TerminationRate,policy/KLBefore,MetaTest/bin-picking-v1/MaxReturn,Average/MinReturn,Average/SuccessRate,bin-picking-v1/AverageReturn,bin-picking-v1/MinReturn,bin-picking-v1/TerminationRate,bin-picking-v1/Iteration,Average/AverageDiscountedReturn,policy/Entropy,LinearFeatureBaseline/ExplainedVariance,Average/StdReturn,MetaTest/bin-picking-v1/StdReturn,MetaTest/Average/MinReturn,Average/Iteration,MetaTest/Average/Iteration,MetaTest/bin-picking-v1/SuccessRate,Average/TerminationRate,MetaTest/Average/AverageReturn,Average/NumEpisodes,TotalEnvSteps,policy/dLoss,bin-picking-v1/SuccessRate,MetaTest/bin-picking-v1/NumEpisodes,Average/MaxReturn,MetaTest/Average/MaxReturn,MetaTest/Average/SuccessRate,bin-picking-v1/MaxReturn,policy/KL,bin-picking-v1/AverageDiscountedReturn,MetaTest/Average/NumEpisodes,MetaTest/bin-picking-v1/AverageDiscountedReturn,policy/LossBefore,MetaTest/Average/AverageDiscountedReturn,MetaTest/bin-picking-v1/AverageReturn,bin-picking-v1/StdReturn,bin-picking-v1/NumEpisodes,MetaTest/Average/StdReturn,MetaTest/bin-picking-v1/Iteration,Average/AverageReturn,policy/LossAfter,MetaTest/bin-picking-v1/TerminationRate,MetaTest/bin-picking-v1/MinReturn
0.0,0.0,-53.44149679431206,-165.52236055135447,0.0,-94.4330523994111,-165.52236055135447,0.0,0,-39.9769054415878,5.663691,0.9026487973895546,35.57940372980542,28.04611308441393,-145.59684803830584,0,0,0.0,0.0,-94.23661646563589,100,20000,0.017508628,0.0,10,-31.772905543102734,-53.44149679431206,0.0,-31.772905543102734,0.0054321573,-39.9769054415878,10,-94.23661646563588,-0.004310897,-94.23661646563588,-94.23661646563589,35.57940372980542,100,28.04611308441393,0,-94.4330523994111,-0.021819524,0.0,-145.59684803830584
,0.0,,-129.32219730229653,0.0,-65.19187744065448,-129.32219730229653,0.0,1,-26.655401192106122,5.658973,0.8184975447522097,21.42527752599903,,,1,,,0.0,,100,40000,0.010485364,0.0,,-29.82888354238059,,,-29.82888354238059,0.008804863,-26.655401192106122,,,-0.011645792,,,21.42527752599903,100,,,-65.19187744065448,-0.022131156,,
,0.0,,-180.16665716397836,0.1,27484.4580857033,-180.16665716397836,0.0,2,11869.146399648893,5.628945,0.970739936795229,82777.33820498358,,,2,,,0.0,,100,60000,13.647529,0.1,,283009.7698106105,,,283009.7698106105,0.009922379,11869.146399648893,,,7.3669343,,,82777.33820498358,100,,,27484.4580857033,-6.2805943,,
,0.0,,-202.94394195206766,0.0,-102.84392076603542,-202.94394195206766,0.0,3,-44.24363889852101,5.6120977,0.8981936306941504,34.97112294130167,,,3,,,0.0,,100,80000,0.0038560852,0.0,,-42.316387461544416,,,-42.316387461544416,0.0067434204,-44.24363889852101,,,-0.023410633,,,34.97112294130167,100,,,-102.84392076603542,-0.027266718,,
,0.0,,-129.65270156658386,0.0,-79.07100946332054,-129.65270156658386,0.0,4,-35.182678682117796,5.605532,0.8701803241403944,22.29940190960668,,,4,,,0.0,,100,100000,-0.0022375267,0.0,,-43.5846548090906,,,-43.5846548090906,0.0007774803,-35.182678682117796,,,-0.01876831,,,22.29940190960668,100,,,-79.07100946332054,-0.016530784,,
,0.0,,-134.26480434138804,0.0,-82.43673082768684,-134.26480434138804,0.0,5,-34.636368223500554,5.6030116,0.8947710175503222,28.278679281664058,,,5,,,0.0,,100,120000,-0.0011327965,0.0,,-34.82834089995316,,,-34.82834089995316,0.00012157197,-34.636368223500554,,,-0.009528939,,,28.278679281664058,100,,,-82.43673082768684,-0.008396142,,
,0.0,,-195.14057364492638,0.0,-85.7111234312584,-195.14057364492638,0.0,6,-37.14271802313553,5.602059,0.9380073494247816,43.76055922133744,,,6,,,0.0,,100,140000,0.00045373477,0.0,,-27.567702053394125,,,-27.567702053394125,3.2481457e-05,-37.14271802313553,,,-0.018623596,,,43.76055922133744,100,,,-85.7111234312584,-0.01907733,,
,0.0,,-157.85862349217916,0.0,-87.84338951767592,-157.85862349217916,0.0,7,-37.943486639972726,5.601664,0.9226346684315312,37.809725381061575,,,7,,,0.0,,100,160000,0.00040938705,0.0,,-24.115643039718424,,,-24.115643039718424,2.0203946e-05,-37.943486639972726,,,-0.016768865,,,37.809725381061575,100,,,-87.84338951767592,-0.017178252,,
,0.0,,-168.4080180073317,0.1,28109.63785830108,-168.4080180073317,0.0,8,12186.937525440384,5.5850754,0.9706370302874456,84606.44876087984,,,8,,,0.0,,100,180000,10.029724,0.1,,292021.8417162774,,,292021.8417162774,0.008392845,12186.937525440384,,,3.3951101,,,84606.44876087984,100,,,28109.63785830108,-6.634614,,
,0.0,,-160.12077087026947,0.0,-96.52709052617179,-160.12077087026947,0.0,9,-41.61341130024905,5.572173,0.899315441572184,29.928356690814212,,,9,,,0.0,,100,200000,-0.01682406,0.0,,-35.0626559916358,,,-35.0626559916358,0.0072187004,-41.61341130024905,,,-0.022369208,,,29.928356690814212,100,,,-96.52709052617179,-0.0055451477,,
0.0,0.0,-42.65428182839066,-157.82740908309762,0.0,-77.97698452228143,-157.82740908309762,0.0,10,-33.094068194069536,5.5674314,0.9160209804351866,27.616136061549376,29.304359847865292,-152.04553807314312,10,1,0.0,0.0,-71.02842191128755,100,220000,-0.0025550043,0.0,10,-38.0196577543958,-42.65428182839066,0.0,-38.0196577543958,0.0008410011,-33.094068194069536,10,-71.02842191128755,-0.010680624,-71.02842191128755,-71.02842191128755,27.616136061549376,100,29.304359847865292,1,-77.97698452228143,-0.00812562,0.0,-152.04553807314312
,0.0,,-153.90447018799892,0.0,-91.0146839577253,-153.90447018799892,0.0,11,-38.66644541144094,5.5657296,0.8972209874685125,29.822847560884714,,,11,,,0.0,,100,240000,-0.0013246154,0.0,,-25.253947949830714,,,-25.253947949830714,7.3669515e-05,-38.66644541144094,,,-0.0021174378,,,29.822847560884714,100,,,-91.0146839577253,-0.0007928223,,
,0.0,,-189.65426326712804,0.0,-77.95027178230785,-189.65426326712804,0.0,12,-33.73533928523645,5.565104,0.9525635116898635,49.615195633871,,,12,,,0.0,,100,260000,0.00027700816,0.0,,-20.703431365070927,,,-20.703431365070927,1.4330025e-05,-33.73533928523645,,,-0.0033617492,,,49.615195633871,100,,,-77.95027178230785,-0.0036387574,,
,0.0,,-192.14898685900172,0.1,29650.303338270336,-192.14898685900172,0.0,13,12831.284049011865,5.588465,0.9701944357651475,89236.73830816163,,,13,,,0.0,,100,280000,10.331703,0.1,,300450.0740794299,,,300450.0740794299,0.0068650497,12831.284049011865,,,5.496034,,,89236.73830816163,100,,,29650.303338270336,-4.8356686,,
,0.0,,-201.64911453825547,0.0,-100.54323222525628,-201.64911453825547,0.0,14,-42.462115210809976,5.60216,0.9546598925231454,47.475809139232666,,,14,,,0.0,,100,300000,0.002212122,0.0,,-28.197003283833094,,,-28.197003283833094,0.017046932,-42.462115210809976,,,-0.020606982,,,47.475809139232666,100,,,-100.54323222525628,-0.022819104,,
,0.0,,-170.11716860897755,0.0,-83.86230975246087,-170.11716860897755,0.0,15,-36.637678997287736,5.607132,0.9304374304660151,37.78466109896878,,,15,,,0.0,,100,320000,0.008229177,0.0,,-25.895110218698747,,,-25.895110218698747,0.0018226536,-36.637678997287736,,,-0.007822135,,,37.78466109896878,100,,,-83.86230975246087,-0.016051313,,
,0.0,,-132.8893616298507,0.1,30931.096482600253,-132.8893616298507,0.0,16,13366.155071388364,5.5772023,0.9701927712256584,93004.85637104808,,,16,,,0.0,,100,340000,17.839272,0.1,,316472.7344418448,,,316472.7344418448,0.007724584,13366.155071388364,,,5.5770717,,,93004.85637104808,100,,,30931.096482600253,-12.2622,,
,0.0,,-127.48556753622071,0.0,-82.2511543309425,-127.48556753622071,0.0,17,-35.985542760928745,5.5510106,0.8740560161327855,24.145879623172625,,,17,,,0.0,,100,360000,-0.013101255,0.0,,-29.785618079924003,,,-29.785618079924003,0.004318247,-35.985542760928745,,,-0.0003447632,,,24.145879623172625,100,,,-82.2511543309425,0.012756491,,
,0.0,,-159.65472552399424,0.0,-87.78858014187426,-159.65472552399424,0.0,18,-38.17076220489252,5.541578,0.9184370254082824,34.37850316780867,,,18,,,0.0,,100,380000,-0.0045204777,0.0,,-24.457053806918978,,,-24.457053806918978,0.00061715255,-38.17076220489252,,,-0.0205801,,,34.37850316780867,100,,,-87.78858014187426,-0.016059622,,
,0.0,,-162.6281357539662,0.0,-88.48694253693611,-162.6281357539662,0.0,19,-38.47715072585144,5.5381937,0.926681177850541,32.63367537180212,,,19,,,0.0,,100,400000,-0.00080591254,0.0,,-32.10036778641725,,,-32.10036778641725,8.213324e-05,-38.47715072585144,,,-0.022801716,,,32.63367537180212,100,,,-88.48694253693611,-0.021995803,,
0.0,0.0,-31.098923941812924,-166.48224795148815,0.0,-99.2662649554621,-166.48224795148815,0.0,20,-43.218126334425875,5.53702,0.9053650034475267,27.523784459546786,34.32752366126558,-138.68807372156726,20,2,0.0,0.0,-88.61445862624397,100,420000,0.0014393488,0.0,10,-54.004080676334,-31.098923941812924,0.0,-54.004080676334,4.2068277e-05,-43.218126334425875,10,-88.61445862624399,-0.015031879,-88.61445862624399,-88.61445862624397,27.523784459546786,100,34.32752366126558,2,-99.2662649554621,-0.016471228,0.0,-138.68807372156726
,0.0,,-131.42624308475638,0.0,-70.43915590022408,-131.42624308475638,0.0,21,-30.43659171802173,5.536628,0.920258722421681,29.978133370981507,,,21,,,0.0,,100,440000,0.00085637346,0.0,,-19.5525606705032,,,-19.5525606705032,2.5208195e-05,-30.43659171802173,,,-0.014718968,,,29.978133370981507,100,,,-70.43915590022408,-0.015575342,,
,0.0,,-151.1689293825163,0.1,29561.811672899068,-151.1689293825163,0.0,22,12802.744677942135,5.5131173,0.9685683243296657,88919.27252324784,,,22,,,0.0,,100,460000,13.794093,0.1,,308672.1374415379,,,308672.1374415379,0.0060516433,12802.744677942135,,,5.9391923,,,88919.27252324784,100,,,29561.811672899068,-7.854901,,
,0.0,,-137.5933792506168,0.0,-81.67368837143309,-137.5933792506168,0.0,23,-36.305264622880216,5.4897847,0.9229346866548178,30.890500685237832,,,23,,,0.0,,100,480000,-0.0294986,0.0,,-24.994776053366287,,,-24.994776053366287,0.014235575,-36.305264622880216,,,-0.018635046,,,30.890500685237832,100,,,-81.67368837143309,0.010863553,,
,0.0,,-177.00409963175193,0.0,-92.73089996197393,-177.00409963175193,0.0,24,-39.49049702795121,5.4814606,0.9293864438258663,34.77939021086024,,,24,,,0.0,,100,500000,-0.010043921,0.0,,-33.584790851401536,,,-33.584790851401536,0.0016775973,-39.49049702795121,,,-0.015082739,,,34.77939021086024,100,,,-92.73089996197393,-0.0050388183,,
,0.0,,-159.30903546117497,0.0,-96.1213948430492,-159.30903546117497,0.0,25,-41.61017235138453,5.478518,0.9307301672084575,31.57694777642992,,,25,,,0.0,,100,520000,-0.0029283762,0.0,,-31.789374023006953,,,-31.789374023006953,0.00013111424,-41.61017235138453,,,-0.017165089,,,31.57694777642992,100,,,-96.1213948430492,-0.014236713,,
,0.0,,-184.39450284635407,0.0,-86.42272832839534,-184.39450284635407,0.0,26,-36.785802261657125,5.477486,0.9396659511604556,43.70916182909559,,,26,,,0.0,,100,540000,-2.9537827e-05,0.0,,-17.433999659935278,,,-17.433999659935278,1.1627718e-05,-36.785802261657125,,,-0.026549252,,,43.70916182909559,100,,,-86.42272832839534,-0.026519714,,
,0.0,,-139.2604764097496,0.1,29333.089177999962,-139.2604764097496,0.0,27,12678.38911621209,5.493103,0.9696592651816252,88233.86303951648,,,27,,,0.0,,100,560000,10.985216,0.1,,301251.81816314656,,,301251.81816314656,0.0056102336,12678.38911621209,,,-0.19539687,,,88233.86303951648,100,,,29333.089177999962,-11.180613,,
,0.0,,-165.3165411424024,0.0,-92.21684607489658,-165.3165411424024,0.0,28,-39.72061921630459,5.501534,0.938339707964967,38.90241785220099,,,28,,,0.0,,100,580000,0.00024506077,0.0,,-23.23782390530678,,,-23.23782390530678,0.010656389,-39.72061921630459,,,-0.023809893,,,38.90241785220099,100,,,-92.21684607489658,-0.024054954,,
,0.0,,-157.66242387171974,0.0,-95.78354221340923,-157.66242387171974,0.0,29,-41.440951536187164,5.5045156,0.9385277387084924,37.17631906454609,,,29,,,0.0,,100,600000,0.0030959174,0.0,,-21.482391846225724,,,-21.482391846225724,0.0011723008,-41.440951536187164,,,-0.023213524,,,37.17631906454609,100,,,-95.78354221340923,-0.026309442,,
0.0,0.0,-40.176591923492744,-165.23019118977302,0.0,-94.98206105620427,-165.23019118977302,0.0,30,-41.551417135335335,5.50557,0.9199797582100651,31.39683194406039,24.52829571110724,-116.068448485852,30,3,0.0,0.0,-78.22366216106636,100,620000,0.0023674108,0.0,10,-33.95588076768677,-40.176591923492744,0.0,-33.95588076768677,0.00018177285,-41.551417135335335,10,-78.22366216106634,-0.016760433,-78.22366216106634,-78.22366216106636,31.39683194406039,100,24.52829571110724,3,-94.98206105620427,-0.019127844,0.0,-116.068448485852
,0.0,,-121.41556510831315,0.0,-71.26240393530544,-121.41556510831315,0.0,31,-31.63069665464094,5.5059633,0.8991924497458696,25.148141530811092,,,31,,,0.0,,100,640000,0.0008263658,0.0,,-25.502264767558156,,,-25.502264767558156,3.233363e-05,-31.63069665464094,,,-0.0045357863,,,25.148141530811092,100,,,-71.26240393530544,-0.005362152,,
,0.0,,-158.95783708739927,0.0,-82.23630750497198,-158.95783708739927,0.0,32,-35.811142877237536,5.50611,0.9370645056362912,39.44492978586172,,,32,,,0.0,,100,660000,0.0012604585,0.0,,-26.479331652421966,,,-26.479331652421966,2.2032747e-05,-35.811142877237536,,,-0.012359997,,,39.44492978586172,100,,,-82.23630750497198,-0.013620456,,
,0.0,,-112.94642009262705,0.1,31133.769573344183,-112.94642009262705,0.0,33,13441.339727760494,5.499718,0.9695418037346386,93609.39703412906,,,33,,,0.0,,100,680000,19.690441,0.1,,319205.2590792133,,,319205.2590792133,0.0074598105,13441.339727760494,,,3.6522686,,,93609.39703412906,100,,,31133.769573344183,-16.038172,,
,0.0,,-129.21583151226392,0.0,-81.70778939618044,-129.21583151226392,0.0,34,-35.874538868662356,5.4938116,0.905601129140636,28.059187393346186,,,34,,,0.0,,100,700000,-0.0055286987,0.0,,-35.04947310066007,,,-35.04947310066007,0.0087423595,-35.874538868662356,,,-0.0026211152,,,28.059187393346186,100,,,-81.70778939618044,0.0029075837,,
,0.0,,-165.1864329736223,0.0,-102.05876858139915,-165.1864329736223,0.0,35,-44.414412742049144,5.491697,0.9275788551128545,38.46354869308923,,,35,,,0.0,,100,720000,-0.0034991577,0.0,,-27.64437531660579,,,-27.64437531660579,0.00092650397,-44.414412742049144,,,-0.016939426,,,38.46354869308923,100,,,-102.05876858139915,-0.013440268,,
,0.0,,-117.14635704041044,0.1,30704.799146702248,-117.14635704041044,0.0,36,13241.680321163723,5.4882994,0.9694040932584553,92333.68669604797,,,36,,,0.0,,100,740000,7.3545246,0.1,,319151.4435723756,,,319151.4435723756,0.006255862,13241.680321163723,,,6.720806,,,92333.68669604797,100,,,30704.799146702248,-0.6337187,,
,0.0,,-138.84180461764322,0.0,-81.44294060856937,-138.84180461764322,0.0,37,-35.80008793737891,5.4854913,0.9080106769629297,27.071173882232742,,,37,,,0.0,,100,760000,0.0016186647,0.0,,-20.901852562229532,,,-20.901852562229532,0.007860487,-35.80008793737891,,,-0.019944495,,,27.071173882232742,100,,,-81.44294060856937,-0.02156316,,
,0.0,,-135.0057087223144,0.0,-73.77889994233655,-135.0057087223144,0.0,38,-32.33832494632204,5.484494,0.919219306125624,30.98631803826615,,,38,,,0.0,,100,780000,0.00038055424,0.0,,-25.923159309613805,,,-25.923159309613805,0.00084196794,-32.33832494632204,,,-0.01075976,,,30.98631803826615,100,,,-73.77889994233655,-0.011140314,,
,0.0,,-144.58519924881827,0.1,31875.28496249923,-144.58519924881827,0.0,39,13809.419119011296,5.500608,0.969466494247415,95887.1447870687,,,39,,,0.0,,100,800000,10.679553,0.1,,329477.23796748125,,,329477.23796748125,0.00654802,13809.419119011296,,,3.7005813,,,95887.1447870687,100,,,31875.28496249923,-6.978972,,
0.0,0.0,426004.5156479406,-148.0379180048072,0.0,-82.05595916620969,-148.0379180048072,0.0,40,-36.15188081022703,5.510415,0.9109478353829629,29.895450639927194,127826.21520690889,-127.34065950942089,40,4,0.1,0.0,42525.88473832583,100,820000,0.0014353208,0.0,10,-30.681343711527894,426004.5156479406,0.1,-30.681343711527894,0.0016864272,-36.15188081022703,10,42525.88473832585,-0.02179674,42525.88473832585,42525.88473832583,29.895450639927194,100,127826.21520690889,4,-82.05595916620969,-0.023232061,0.0,-127.34065950942089
,0.0,,-166.05505589445778,0.0,-83.50366718206271,-166.05505589445778,0.0,41,-36.354715387786825,5.513886,0.9384375014587707,36.98563996940415,,,41,,,0.0,,100,840000,0.0012021996,0.0,,-11.463742898954964,,,-11.463742898954964,0.00019325681,-36.354715387786825,,,-0.019295895,,,36.98563996940415,100,,,-83.50366718206271,-0.020498095,,
,0.0,,-137.1421030634025,0.0,-75.33202141471314,-137.1421030634025,0.0,42,-33.16503948734319,5.5151296,0.920521655018024,28.910683832715055,,,42,,,0.0,,100,860000,0.0011615814,0.0,,-25.90905635959561,,,-25.90905635959561,2.63201e-05,-33.16503948734319,,,-0.0038581695,,,28.910683832715055,100,,,-75.33202141471314,-0.005019751,,
,0.0,,-141.57353955420936,0.0,-92.25107255582374,-141.57353955420936,0.0,43,-40.85295614773821,5.515571,0.9098424656251601,26.21610519904667,,,43,,,0.0,,100,880000,0.000807913,0.0,,-28.237230412020295,,,-28.237230412020295,1.340658e-05,-40.85295614773821,,,-0.021001343,,,26.21610519904667,100,,,-92.25107255582374,-0.021809256,,
,0.0,,-153.2727023215533,0.0,-88.98883356153108,-153.2727023215533,0.0,44,-39.458460899920794,5.5157003,0.9129094433629613,32.51222599633924,,,44,,,0.0,,100,900000,0.00081420876,0.0,,-20.025775711507595,,,-20.025775711507595,1.214921e-05,-39.458460899920794,,,-0.009540381,,,32.51222599633924,100,,,-88.98883356153108,-0.01035459,,
,0.0,,-128.52159312378282,0.0,-68.53213745923756,-128.52159312378282,0.0,45,-30.709156355550796,5.5157294,0.9288900454520945,29.24941749404734,,,45,,,0.0,,100,920000,0.0005801022,0.0,,-27.570232199134647,,,-27.570232199134647,9.300581e-06,-30.709156355550796,,,-0.0184495,,,29.24941749404734,100,,,-68.53213745923756,-0.019029602,,
,0.0,,-159.6314517512228,0.1,32324.012520001972,-159.6314517512228,0.0,46,13924.298876084844,5.514198,0.9694066439722737,97251.46396195774,,,46,,,0.0,,100,940000,20.40198,0.1,,333676.4249080984,,,333676.4249080984,0.0042231753,13924.298876084844,,,6.0037093,,,97251.46396195774,100,,,32324.012520001972,-14.398271,,
,0.0,,-118.81005321686143,0.0,-78.16817198197273,-118.81005321686143,0.0,47,-34.99721427350108,5.5090766,0.8828965606538423,20.375247311253606,,,47,,,0.0,,100,960000,-0.010235192,0.0,,-39.663151883878626,,,-39.663151883878626,0.004310336,-34.99721427350108,,,-0.0138897365,,,20.375247311253606,100,,,-78.16817198197273,-0.003654544,,
,0.0,,-153.21243432389286,0.0,-85.07916125097623,-153.21243432389286,0.0,48,-37.33201269167894,5.5072484,0.9114244975317778,30.33023247716844,,,48,,,0.0,,100,980000,-0.0036557857,0.0,,-28.47681917948751,,,-28.47681917948751,0.0005029455,-37.33201269167894,,,-0.024033807,,,30.33023247716844,100,,,-85.07916125097623,-0.020378022,,
,0.0,,-158.48386249082625,0.0,-76.10506085418785,-158.48386249082625,0.0,49,-33.010462497597956,5.5065923,0.9157018227816742,32.04731959691485,,,49,,,0.0,,100,1000000,-0.00061028125,0.0,,-24.840840549300925,,,-24.840840549300925,3.7179223e-05,-33.010462497597956,,,-0.004578912,,,32.04731959691485,100,,,-76.10506085418785,-0.003968631,,
0.0,0.0,-26.136845889761563,-137.26046787924923,0.0,-81.98267880407816,-137.26046787924923,0.0,50,-36.06591193593716,5.506373,0.924944703652357,32.418420369073786,24.27253132494841,-110.00501966376339,50,5,0.0,0.0,-73.70487415408844,100,1020000,0.0010874011,0.0,10,-24.723335043810604,-26.136845889761563,0.0,-24.723335043810604,1.4989808e-05,-36.06591193593716,10,-73.70487415408844,-0.018429598,-73.70487415408844,-73.70487415408844,32.418420369073786,100,24.27253132494841,5,-81.98267880407816,-0.019516999,0.0,-110.00501966376339
,0.0,,-155.19550717058252,0.0,-88.43326908158703,-155.19550717058252,0.0,51,-38.84760411588884,5.506289,0.9234337331789799,31.456048492432174,,,51,,,0.0,,100,1040000,0.0007590605,0.0,,-28.97812761942031,,,-28.97812761942031,1.9353e-05,-38.84760411588884,,,-0.009212317,,,31.456048492432174,100,,,-88.43326908158703,-0.009971377,,
,0.0,,-150.825684311779,0.1,30752.080459312467,-150.825684311779,0.0,52,13297.081881595683,5.49336,0.9664978708113494,92611.42158890581,,,52,,,0.0,,100,1060000,18.02651,0.1,,326076.27744597115,,,326076.27744597115,0.0045229094,13297.081881595683,,,6.342586,,,92611.42158890581,100,,,30752.080459312467,-11.683924,,
,0.0,,-134.44750750916432,0.0,-88.41906410631456,-134.44750750916432,0.0,53,-38.616064615693816,5.4811554,0.9052809306385721,25.76887944468903,,,53,,,0.0,,100,1080000,-0.011240336,0.0,,-35.212809209985856,,,-35.212809209985856,0.0058659324,-38.616064615693816,,,-0.010717956,,,25.76887944468903,100,,,-88.41906410631456,0.00052238005,,
,0.0,,-170.69965832267755,0.0,-82.07063028681239,-170.69965832267755,0.0,54,-36.384389279493,5.476847,0.931703987074552,34.90382543869807,,,54,,,0.0,,100,1100000,-0.00277365,0.0,,-21.700927816549402,,,-21.700927816549402,0.0005316874,-36.384389279493,,,-0.018752895,,,34.90382543869807,100,,,-82.07063028681239,-0.015979245,,
,0.0,,-153.15581846087406,0.0,-94.6080344416124,-153.15581846087406,0.0,55,-41.44410661072598,5.475318,0.9017659105976288,27.693659810471047,,,55,,,0.0,,100,1120000,0.0003846679,0.0,,-28.199858204362492,,,-28.199858204362492,7.333124e-05,-41.44410661072598,,,-0.018480353,,,27.693659810471047,100,,,-94.6080344416124,-0.018865021,,
,0.0,,-142.40829145122055,0.0,-88.91249644180505,-142.40829145122055,0.0,56,-38.879798375636085,5.474772,0.9045580850852339,29.29385438999055,,,56,,,0.0,,100,1140000,0.001006417,0.0,,-27.716846288195892,,,-27.716846288195892,2.5474894e-05,-38.879798375636085,,,-0.009501814,,,29.29385438999055,100,,,-88.91249644180505,-0.010508231,,
,0.0,,-137.6528180000397,0.0,-84.60952928008795,-137.6528180000397,0.0,57,-37.535666556234794,5.474569,0.9412937435005391,34.697497666115915,,,57,,,0.0,,100,1160000,0.0005967356,0.0,,-19.874937023154153,,,-19.874937023154153,1.584194e-05,-37.535666556234794,,,-0.016036548,,,34.697497666115915,100,,,-84.60952928008795,-0.016633283,,
,0.0,,-122.32317879748611,0.1,29247.249496256532,-122.32317879748611,0.0,58,12630.999137197348,5.4415674,0.9644855674500084,88188.55644809511,,,58,,,0.0,,100,1180000,20.686663,0.1,,325853.6336851837,,,325853.6336851837,0.005053812,12630.999137197348,,,4.6894436,,,88188.55644809511,100,,,29247.249496256532,-15.997219,,
,0.0,,-150.98706133935937,0.0,-77.65097551564526,-150.98706133935937,0.0,59,-33.69773890409872,5.4090524,0.936776403190151,36.861584611421,,,59,,,0.0,,100,1200000,-0.0052744215,0.0,,-14.622973102708364,,,-14.622973102708364,0.0039932695,-33.69773890409872,,,-0.014065933,,,36.861584611421,100,,,-77.65097551564526,-0.008791512,,
0.0,0.0,-38.01930670642074,-142.48142737167157,0.0,-82.82883507038697,-142.48142737167157,0.0,60,-36.31378010920091,5.397637,0.9295646868268416,33.07622703668867,34.02452426307549,-134.20443425593993,60,6,0.0,0.0,-73.20609671135057,100,1220000,-0.0013446547,0.0,10,-18.81231364113583,-38.01930670642074,0.0,-18.81231364113583,0.000576529,-36.31378010920091,10,-73.20609671135055,-0.011430263,-73.20609671135055,-73.20609671135057,33.07622703668867,100,34.02452426307549,6,-82.82883507038697,-0.010085608,0.0,-134.20443425593993
,0.0,,-150.02361110828755,0.1,31003.360222534964,-150.02361110828755,0.0,61,13390.37973406996,5.3783746,0.9657651177230567,93482.06362984412,,,61,,,0.0,,100,1240000,20.832031,0.1,,342851.80329145014,,,342851.80329145014,0.0052518793,13390.37973406996,,,3.859025,,,93482.06362984412,100,,,31003.360222534964,-16.973007,,
,0.0,,-139.64201350847551,0.0,-87.76317340134574,-139.64201350847551,0.0,62,-39.01562905271701,5.362068,0.9060344123022563,23.46608921714531,,,62,,,0.0,,100,1260000,-0.0128520485,0.0,,-47.75919406539181,,,-47.75919406539181,0.013890312,-39.01562905271701,,,-0.01705643,,,23.46608921714531,100,,,-87.76317340134574,-0.0042043817,,
,0.0,,-126.03132934977522,0.0,-85.62953382263348,-126.03132934977522,0.0,63,-38.05874271276839,5.356316,0.8948038711695492,25.437475719697154,,,63,,,0.0,,100,1280000,-0.0003094445,0.0,,-32.982343368961146,,,-32.982343368961146,0.0015816722,-38.05874271276839,,,-0.0063091377,,,25.437475719697154,100,,,-85.62953382263348,-0.005999693,,
,0.0,,-141.52423862684972,0.1,33185.49768545681,-141.52423862684972,0.0,64,14340.762102393175,5.3448033,0.9668440818628755,99954.21184535285,,,64,,,0.0,,100,1300000,20.503735,0.1,,361234.76401978754,,,361234.76401978754,0.006021368,14340.762102393175,,,8.274969,,,99954.21184535285,100,,,33185.49768545681,-12.2287655,,
,0.0,,-129.78895524932403,0.0,-81.03475140214888,-129.78895524932403,0.0,65,-35.858426629271406,5.331421,0.909502756330998,29.158265078684547,,,65,,,0.0,,100,1320000,0.0063826703,0.0,,25.554848646064855,,,25.554848646064855,0.0059150257,-35.858426629271406,,,-0.0018595688,,,29.158265078684547,100,,,-81.03475140214888,-0.008242239,,
,0.0,,-137.61602398497445,0.0,-86.36482790028757,-137.61602398497445,0.0,66,-39.25318980562159,5.3267107,0.9094165332878991,23.967005636020414,,,66,,,0.0,,100,1340000,0.0017736554,0.0,,-29.144143597167023,,,-29.144143597167023,0.0007930992,-39.25318980562159,,,-0.012179986,,,23.967005636020414,100,,,-86.36482790028757,-0.013953641,,
,0.0,,-148.92465443769905,0.0,-73.62215020423203,-148.92465443769905,0.0,67,-33.299428473987305,5.325043,0.925995139774613,29.599236578836464,,,67,,,0.0,,100,1360000,0.0012989719,0.0,,-23.726603310182064,,,-23.726603310182064,0.00012395093,-33.299428473987305,,,-0.007161548,,,29.599236578836464,100,,,-73.62215020423203,-0.00846052,,
,0.0,,-115.93978251942559,0.0,-68.26443413084695,-115.93978251942559,0.0,68,-30.96308703934215,5.324441,0.9385021752268582,27.69197647800402,,,68,,,0.0,,100,1380000,0.00047104945,0.0,,-22.544902092225083,,,-22.544902092225083,2.6946807e-05,-30.96308703934215,,,-0.006799049,,,27.69197647800402,100,,,-68.26443413084695,-0.0072700987,,
,0.0,,-120.44190305858461,0.1,32488.44620133586,-120.44190305858461,0.0,69,14109.312530362482,5.301053,0.9674512485866799,97757.95543706554,,,69,,,0.0,,100,1400000,15.011067,0.1,,342649.16872368945,,,342649.16872368945,0.005716327,14109.312530362482,,,8.186697,,,97757.95543706554,100,,,32488.44620133586,-6.8243704,,
0.0,0.0,-34.225859959406094,-115.91046178000518,0.0,-73.5235070121105,-115.91046178000518,0.0,70,-33.049179372223215,5.2811384,0.9142856399615585,26.578739763631084,23.913757220704436,-118.54114248120523,70,7,0.0,0.0,-88.50661917586092,100,1420000,0.0032586604,0.0,10,-23.347630629002747,-34.225859959406094,0.0,-23.347630629002747,0.008602095,-33.049179372223215,10,-88.50661917586093,-0.013018796,-88.50661917586093,-88.50661917586092,26.578739763631084,100,23.913757220704436,7,-73.5235070121105,-0.016277457,0.0,-118.54114248120523
,0.0,,-117.29097174127122,0.0,-70.2184441492785,-117.29097174127122,0.0,71,-31.815152252078555,5.2741213,0.9299310266246703,28.698190842600987,,,71,,,0.0,,100,1440000,0.002422073,0.0,,-21.374723009323016,,,-21.374723009323016,0.0011243437,-31.815152252078555,,,-0.012558466,,,28.698190842600987,100,,,-70.2184441492785,-0.014980539,,
,0.0,,-135.14204225142274,0.0,-79.11930679754079,-135.14204225142274,0.0,72,-37.00258279448777,5.2716374,0.9061981002952685,21.725657102338843,,,72,,,0.0,,100,1460000,0.0007919185,0.0,,-45.71907122858046,,,-45.71907122858046,0.0002129329,-37.00258279448777,,,-0.018958129,,,21.725657102338843,100,,,-79.11930679754079,-0.019750047,,
,0.0,,-120.41495641617666,0.0,-73.27183529750681,-120.41495641617666,0.0,73,-33.887638891999266,5.270777,0.9232593474195712,27.413656691424556,,,73,,,0.0,,100,1480000,0.00040093088,0.0,,-25.98952609178507,,,-25.98952609178507,3.696595e-05,-33.887638891999266,,,-0.003024684,,,27.413656691424556,100,,,-73.27183529750681,-0.003425615,,
,0.0,,-150.11792114227438,0.0,-80.59784470426824,-150.11792114227438,0.0,74,-37.61009840206001,5.2704687,0.9007377632803933,23.345458214245184,,,74,,,0.0,,100,1500000,0.00032818317,0.0,,-44.71597444738842,,,-44.71597444738842,1.3213763e-05,-37.61009840206001,,,-0.017833319,,,23.345458214245184,100,,,-80.59784470426824,-0.018161502,,
,0.0,,-113.3994783477489,0.1,30890.093104568936,-113.3994783477489,0.0,75,13366.30284894081,5.260657,0.9738454123277944,92994.10386199961,,,75,,,0.0,,100,1520000,17.171658,0.1,,331434.2393140931,,,331434.2393140931,0.0060539506,13366.30284894081,,,4.6864123,,,92994.10386199961,100,,,30890.093104568936,-12.485246,,
,0.0,,-118.08832580360006,0.0,-61.02423376918425,-118.08832580360006,0.0,76,-27.929303666291855,5.256755,0.9093107135988665,21.476768988582116,,,76,,,0.0,,100,1540000,0.0004370259,0.0,,-27.29691005870515,,,-27.29691005870515,0.009575176,-27.929303666291855,,,-0.010153821,,,21.476768988582116,100,,,-61.02423376918425,-0.010590847,,
,0.0,,-131.05033183092692,0.0,-85.9614788679318,-131.05033183092692,0.0,77,-39.62176928066444,5.2553782,0.9073966048691725,23.00707055692718,,,77,,,0.0,,100,1560000,-0.0030408911,0.0,,-41.06750516264123,,,-41.06750516264123,0.001487667,-39.62176928066444,,,-0.015010684,,,23.00707055692718,100,,,-85.9614788679318,-0.011969793,,
,0.0,,-116.33299131051052,0.01,-72.41594349761162,-116.33299131051052,0.0,78,-32.60798826659728,5.2549067,0.9270207700204022,26.744533309208567,,,78,,,0.0,,100,1580000,-0.0012973165,0.01,,-26.857957438447446,,,-26.857957438447446,0.0001395289,-32.60798826659728,,,-0.011495508,,,26.744533309208567,100,,,-72.41594349761162,-0.010198192,,
,0.0,,-131.48733015210357,0.0,-82.30313777990732,-131.48733015210357,0.0,79,-37.18789550710689,5.2547393,0.9272226246842689,28.214386548044374,,,79,,,0.0,,100,1600000,-0.00019324291,0.0,,-22.46842605447167,,,-22.46842605447167,9.7994025e-06,-37.18789550710689,,,-0.011105299,,,28.214386548044374,100,,,-82.30313777990732,-0.010912056,,
0.0,0.0,-39.372546549559175,-116.63509237249072,0.0,-64.72210270272463,-116.63509237249072,0.0,80,-29.418277779617647,5.2547216,0.9385214349815237,26.80451793346232,25.381401171158842,-125.03872822117822,80,8,0.0,0.0,-88.59159844065375,100,1620000,-2.6719645e-06,0.0,10,-23.46081052939609,-39.372546549559175,0.0,-23.46081052939609,5.5009338e-08,-29.418277779617647,10,-88.59159844065375,-0.013600394,-88.59159844065375,-88.59159844065375,26.80451793346232,100,25.381401171158842,8,-64.72210270272463,-0.013597722,0.0,-125.03872822117822
,0.0,,-123.01484318793732,0.1,32644.9917498968,-123.01484318793732,0.0,81,14132.521344859819,5.2383795,0.9680082155932077,98301.22041562157,,,81,,,0.0,,100,1640000,16.285503,0.1,,350957.8820840946,,,350957.8820840946,0.0065410417,14132.521344859819,,,2.9636843,,,98301.22041562157,100,,,32644.9917498968,-13.321818,,
,0.0,,-109.79201394173546,0.0,-73.20338095513172,-109.79201394173546,0.0,82,-33.69121280767603,5.2235312,0.9130070635450347,22.83727829933773,,,82,,,0.0,,100,1660000,-0.0041822833,0.0,,-24.65402792975792,,,-24.65402792975792,0.0055652433,-33.69121280767603,,,-0.005054538,,,22.83727829933773,100,,,-73.20338095513172,-0.00087225495,,
,0.0,,-141.08047125985948,0.0,-67.87891028318698,-141.08047125985948,0.0,83,-31.063605698212,5.2183104,0.9248142465864146,27.866905837694826,,,83,,,0.0,,100,1680000,0.0019182493,0.0,,-29.71072935926407,,,-29.71072935926407,0.00080817164,-31.063605698212,,,-0.006514818,,,27.866905837694826,100,,,-67.87891028318698,-0.008433067,,
,0.0,,-124.71013921714288,0.0,-77.29348453752058,-124.71013921714288,0.0,84,-35.66976664225925,5.216471,0.8876730349102786,20.972821066151536,,,84,,,0.0,,100,1700000,0.00063589215,0.0,,-39.27435474570471,,,-39.27435474570471,0.00014767823,-35.66976664225925,,,-0.02372142,,,20.972821066151536,100,,,-77.29348453752058,-0.024357311,,
,0.0,,-104.13221441575845,0.1,31285.02158021552,-104.13221441575845,0.0,85,13500.765142631082,5.21775,0.9745884869839929,94310.02022213237,,,85,,,0.0,,100,1720000,19.361462,0.1,,343605.6582554831,,,343605.6582554831,0.005408404,13500.765142631082,,,5.116977,,,94310.02022213237,100,,,31285.02158021552,-14.244484,,
,0.0,,-111.48917887704039,0.0,-77.92824710722206,-111.48917887704039,0.0,86,-35.529920960815254,5.216774,0.9412394752140426,29.875150589501516,,,86,,,0.0,,100,1740000,-0.006797177,0.0,,-26.73580454978908,,,-26.73580454978908,0.006780102,-35.529920960815254,,,-0.018813232,,,29.875150589501516,100,,,-77.92824710722206,-0.012016055,,
,0.0,,-117.68114362563517,0.0,-76.22179127605564,-117.68114362563517,0.0,87,-34.53709733306859,5.2164392,0.906008331780836,23.311387683710638,,,87,,,0.0,,100,1760000,-0.003147073,0.0,,-29.71069752527681,,,-29.71069752527681,0.0010228544,-34.53709733306859,,,-0.021882905,,,23.311387683710638,100,,,-76.22179127605564,-0.018735832,,
,0.0,,-138.8678523449245,0.0,-66.497258216648,-138.8678523449245,0.0,88,-29.531309872713845,5.2163267,0.9245378396652305,29.582699230524945,,,88,,,0.0,,100,1780000,-0.0010177828,0.0,,-26.35524895565423,,,-26.35524895565423,0.00010041969,-29.531309872713845,,,-0.009393589,,,29.582699230524945,100,,,-66.497258216648,-0.008375806,,
,0.0,,-112.77384160258575,0.0,-81.40064582784277,-112.77384160258575,0.0,89,-37.03051541039237,5.216296,0.9043145774127495,21.521693620261445,,,89,,,0.0,,100,1800000,-0.00012562238,0.0,,-34.33785453729807,,,-34.33785453729807,4.5931924e-06,-37.03051541039237,,,-0.018550318,,,21.521693620261445,100,,,-81.40064582784277,-0.018424695,,
0.0,0.0,378336.3751643171,-116.27206291080657,0.0,-81.14655220481679,-116.27206291080657,0.0,90,-36.99531284854344,5.216277,0.8715807644148615,17.91769756278619,113521.84706467026,-124.47262110921112,90,9,0.1,0.0,37770.844718654494,100,1820000,0.00022701733,0.0,10,-45.30151364814639,378336.3751643171,0.1,-45.30151364814639,2.4394362e-06,-36.99531284854344,10,37770.84471865449,-0.012823096,37770.84471865449,37770.844718654494,17.91769756278619,100,113521.84706467026,9,-81.14655220481679,-0.013050113,0.0,-124.47262110921112
,0.0,,-115.16703620133664,0.0,-65.92623203416424,-115.16703620133664,0.0,91,-29.15122751194228,5.216268,0.8885385338880576,21.186715409311503,,,91,,,0.0,,100,1840000,0.0005998872,0.0,,-26.20241848459208,,,-26.20241848459208,8.442063e-06,-29.15122751194228,,,-0.021084955,,,21.186715409311503,100,,,-65.92623203416424,-0.021684842,,
,0.0,,-137.2082602417105,0.0,-66.14964717596018,-137.2082602417105,0.0,92,-28.981669543699983,5.216285,0.9302820895838734,29.159323950045074,,,92,,,0.0,,100,1860000,0.0004960336,0.0,,-24.52420150912447,,,-24.52420150912447,9.91715e-06,-28.981669543699983,,,-0.013351561,,,29.159323950045074,100,,,-66.14964717596018,-0.013847594,,
,0.0,,-127.47209396307996,0.1,29689.48116230062,-127.47209396307996,0.0,93,12826.392186169618,5.2246904,0.9675467038083353,89698.69228559051,,,93,,,0.0,,100,1880000,28.511534,0.1,,341101.82881117065,,,341101.82881117065,0.009856188,12826.392186169618,,,7.869297,,,89698.69228559051,100,,,29689.48116230062,-20.642237,,
,0.0,,-108.27409142450547,0.0,-68.82342470331247,-108.27409142450547,0.0,94,-30.701290830816173,5.225189,0.8413590723110802,19.228661511148267,,,94,,,0.0,,100,1900000,-0.0186777,0.0,,-25.079798892880547,,,-25.079798892880547,0.010463501,-30.701290830816173,,,-0.0127799,,,19.228661511148267,100,,,-68.82342470331247,0.0058977995,,
,0.0,,-132.7338215805813,0.0,-89.24832146954401,-132.7338215805813,0.0,95,-39.00152918881397,5.2253776,0.8855911285579697,23.62066336117958,,,95,,,0.0,,100,1920000,-0.004407784,0.0,,-39.90967668557135,,,-39.90967668557135,0.0012181412,-39.00152918881397,,,-0.015706649,,,23.62066336117958,100,,,-89.24832146954401,-0.011298865,,
,0.0,,-132.1846522585097,0.0,-88.79373309115387,-132.1846522585097,0.0,96,-38.847202357754135,5.225446,0.8242000532478415,17.582161949016587,,,96,,,0.0,,100,1940000,-0.0008807089,0.0,,-50.829122976284815,,,-50.829122976284815,0.00012639511,-38.847202357754135,,,-0.020691225,,,17.582161949016587,100,,,-88.79373309115387,-0.019810516,,
,0.0,,-139.80914113005883,0.1,32010.24028601714,-139.80914113005883,0.0,97,13886.655303073987,5.196228,0.9715590911961596,96570.45971956642,,,97,,,0.0,,100,1960000,20.109905,0.1,,359251.9840842893,,,359251.9840842893,0.007329207,13886.655303073987,,,8.066619,,,96570.45971956642,100,,,32010.24028601714,-12.043287,,
,0.0,,-148.22145272679418,0.0,-86.66043917575884,-148.22145272679418,0.0,98,-35.71929179935673,5.1736455,0.905778602063248,27.105385334922993,,,98,,,0.0,,100,1980000,-0.038962174,0.0,,-36.3266176220351,,,-36.3266176220351,0.016440507,-35.71929179935673,,,-0.012338877,,,27.105385334922993,100,,,-86.66043917575884,0.026623297,,
,0.0,,-163.13921100879662,0.0,-100.53608496556696,-163.13921100879662,0.0,99,-42.26038048825736,5.1657033,0.8561668084958491,23.252075978192156,,,99,,,0.0,,100,2000000,-0.008135807,0.0,,-49.234942066004436,,,-49.234942066004436,0.0015968941,-42.26038048825736,,,-0.0161946,,,23.252075978192156,100,,,-100.53608496556696,-0.008058794,,
