Average/NumEpisodes,MetaTest/sweep-into-v1/SuccessRate,sweep-into-v1/MinReturn,MetaTest/Average/NumEpisodes,MetaTest/Average/TerminationRate,MetaTest/sweep-into-v1/AverageReturn,sweep-into-v1/SuccessRate,GaussianMLPPolicy/KLBefore,MetaTest/sweep-into-v1/TerminationRate,Average/SuccessRate,MetaTest/sweep-into-v1/StdReturn,MetaTest/Average/SuccessRate,sweep-into-v1/StdReturn,sweep-into-v1/TerminationRate,sweep-into-v1/MaxReturn,GaussianMLPPolicy/Entropy,Average/MaxReturn,MetaTest/sweep-into-v1/NumEpisodes,MetaTest/sweep-into-v1/Iteration,MetaTest/Average/MinReturn,MetaTest/Average/AverageReturn,MetaTest/Average/MaxReturn,sweep-into-v1/Iteration,TotalEnvSteps,GaussianMLPPolicy/LossBefore,MetaTest/Average/Iteration,sweep-into-v1/AverageReturn,MetaTest/sweep-into-v1/MaxReturn,GaussianMLPPolicy/KLAfter,MetaTest/Average/AverageDiscountedReturn,Average/AverageDiscountedReturn,Average/StdReturn,GaussianMLPPolicy/LossAfter,Average/TerminationRate,sweep-into-v1/AverageDiscountedReturn,GaussianMLPPolicy/dLoss,Average/AverageReturn,MetaTest/sweep-into-v1/AverageDiscountedReturn,sweep-into-v1/NumEpisodes,Average/Iteration,MetaTest/Average/StdReturn,Iteration,MetaTest/sweep-into-v1/MinReturn,Average/MinReturn
200,0.0,-55.11428380041445,50,0.0,299.8626893140437,0.01,0.0,0.0,0.01,711.9744866222087,0.0,360.9209683311268,0.0,3603.043202139974,5.6643900871276855,3603.043202139974,50,0,-40.021391113323936,299.8626893140437,3396.2310997402624,0,80000,-0.00048104627057909966,0,26.560566268813044,3396.2310997402624,0.00934116542339325,299.8626893140436,8.611215919744739,360.9209683311268,-0.0013901513302698731,0.0,8.611215919744739,0.0009091050596907735,26.560566268813044,299.8626893140436,200,0,711.9744866222087,0,-40.021391113323936,-55.11428380041445
200,,-48.47268850932676,,,,0.025,0.0,,0.025,,,1474.6610115248775,0.0,17770.55983594034,5.7020440101623535,17770.55983594034,,,,,,1,160000,0.0007923976518213749,,300.0491732854465,,0.007271499373018742,,88.53797301365306,1474.6610115248775,0.00044527207501232624,0.0,88.53797301365306,0.00034712557680904865,300.0491732854465,,200,1,,1,,-48.47268850932676
200,,-36.61558431513101,,,,0.03,0.0,,0.03,,,4223.523756072383,0.0,31152.119540693584,5.712844371795654,31152.119540693584,,,,,,2,240000,4.888856710749678e-05,,1485.8622423175793,,0.00782548263669014,,426.5683770971952,4223.523756072383,1.2436711585905869e-05,0.0,426.5683770971952,3.6451855521590915e-05,1485.8622423175793,,200,2,,2,,-36.61558431513101
200,,-37.554467778828894,,,,0.06,0.0,,0.06,,,3698.577470337342,0.0,30512.598951077794,5.691653251647949,30512.598951077794,,,,,,3,320000,-2.4503427994204685e-05,,1317.2436774885773,,0.008233527652919292,,375.1599064683979,3698.577470337342,-4.403616549097933e-05,0.0,375.1599064683979,1.9532737496774644e-05,1317.2436774885773,,200,3,,3,,-37.554467778828894
200,,-27.096110441803475,,,,0.055,0.0,,0.055,,,7270.803000089769,0.0,44365.093613838144,5.6792378425598145,44365.093613838144,,,,,,4,400000,-9.031145964399911e-06,,4427.921974848963,,0.00030097083072178066,,1242.5291723397638,7270.803000089769,-9.462470188736916e-06,0.0,1242.5291723397638,4.313242243370041e-07,4427.921974848963,,200,4,,4,,-27.096110441803475
200,,-25.822503785671756,,,,0.08,0.0,,0.08,,,8655.54853026581,0.0,52126.76844521472,5.6826629638671875,52126.76844521472,,,,,,5,480000,2.775499297058559e-06,,5318.412941958464,,0.00011558462574612349,,1523.7608143896753,8655.54853026581,2.611267973406939e-06,0.0,1523.7608143896753,1.642313236516202e-07,5318.412941958464,,200,5,,5,,-25.822503785671756
200,,-29.23476185422061,,,,0.07,0.0,,0.07,,,9544.935412162966,0.0,42461.600296503406,5.722740650177002,42461.600296503406,,,,,,6,560000,3.555107832653448e-05,,6939.988864170282,,0.0034900240134447813,,1885.017753371455,9544.935412162966,2.9849452403141186e-05,0.0,1885.017753371455,5.701625923393294e-06,6939.988864170282,,200,6,,6,,-29.23476185422061
200,,-31.406806620971814,,,,0.1,0.0,,0.1,,,9368.742318510524,0.0,47043.17167871855,5.721878528594971,47043.17167871855,,,,,,7,640000,-7.154209811233159e-07,,5715.807855830427,,8.071187767200172e-05,,1630.7849789798324,9368.742318510524,-8.299027172142814e-07,0.0,1630.7849789798324,1.1448173609096557e-07,5715.807855830427,,200,7,,7,,-31.406806620971814
200,,-37.098594702242714,,,,0.095,0.0,,0.095,,,9360.919072738756,0.0,71198.36444220284,5.719632148742676,71198.36444220284,,,,,,8,720000,-1.6921578662731918e-06,,5703.484876763046,,0.00012110902753192931,,1595.0831877509006,9360.919072738756,-1.8642653003553278e-06,0.0,1595.0831877509006,1.7210743408213602e-07,5703.484876763046,,200,8,,8,,-37.098594702242714
200,,-34.96683279443584,,,,0.09,0.0,,0.09,,,12464.464905284882,0.0,61280.085602274994,5.720000267028809,61280.085602274994,,,,,,9,800000,3.0881162160767417e-07,,8483.732323975059,,7.589287997689098e-05,,2399.6899623447257,12464.464905284882,2.012481701285651e-07,0.0,2399.6899623447257,1.0756345147910906e-07,8483.732323975059,,200,9,,9,,-34.96683279443584
200,0.1,-39.00182876758351,50,0.0,5371.3323243783,0.08,0.0,0.0,0.08,9266.01679851683,0.1,12003.269440666658,0.0,68992.49015916804,5.7379374504089355,68992.49015916804,50,1,-24.024033044322866,5371.3323243783,40714.19044174657,10,880000,1.5793202692293562e-05,1,7646.632351704071,40714.19044174657,0.001243791077286005,5371.332324378298,2200.576090810184,12003.269440666658,1.3834427591064014e-05,0.0,2200.576090810184,1.9587751012295485e-06,7646.632351704071,5371.332324378298,200,10,9266.01679851683,10,-24.024033044322866,-39.00182876758351
200,,-25.29062728984783,,,,0.125,0.0,,0.125,,,12714.628933780052,0.0,60339.12583002331,5.735800743103027,60339.12583002331,,,,,,11,960000,-3.630734909165767e-06,,6816.459455773597,,2.206663521064911e-05,,1914.2306466554232,12714.628933780052,-3.6619494494516402e-06,0.0,1914.2306466554232,3.121454028587323e-08,6816.459455773597,,200,11,,11,,-25.29062728984783
200,,-40.25964685007835,,,,0.115,0.0,,0.115,,,11767.468902063818,0.0,56761.83596063859,5.739274024963379,56761.83596063859,,,,,,12,1040000,2.5656474917923333e-06,,7447.627680189554,,5.2043800678802654e-05,,2155.697091182846,11767.468902063818,2.4919438601500588e-06,0.0,2155.697091182846,7.370363164227456e-08,7447.627680189554,,200,12,,12,,-40.25964685007835
200,,-83.96507082302122,,,,0.16,0.0,,0.16,,,11728.046581607718,0.0,53358.56105249264,5.737878799438477,53358.56105249264,,,,,,13,1120000,-2.8222477794770384e-06,,8059.878303325514,,2.4664481315994635e-05,,2286.1145786418515,11728.046581607718,-2.857168283298961e-06,0.0,2286.1145786418515,3.4920503821922466e-08,8059.878303325514,,200,13,,13,,-83.96507082302122
200,,-45.17404499340609,,,,0.08,0.0,,0.08,,,11244.86785360556,0.0,66122.99271186336,5.737253665924072,66122.99271186336,,,,,,14,1200000,-5.111612608743599e-07,,6905.662535326669,,4.7511897719232365e-05,,2011.2887264586182,11244.86785360556,-5.784216909887618e-07,0.0,2011.2887264586182,6.726043011440197e-08,6905.662535326669,,200,14,,14,,-45.17404499340609
200,,-28.40365952914209,,,,0.105,0.0,,0.105,,,13521.945559424556,0.0,73513.44339186946,5.736590385437012,73513.44339186946,,,,,,15,1280000,-1.3605665571958525e-06,,7941.654349528291,,1.1232841643504798e-05,,2242.2967843628785,13521.945559424556,-1.3764574759989046e-06,0.0,2242.2967843628785,1.5890918803052045e-08,7941.654349528291,,200,15,,15,,-28.40365952914209
200,,-41.54456188475952,,,,0.13,0.0,,0.13,,,13481.383063116564,0.0,62211.84350544559,5.7373151779174805,62211.84350544559,,,,,,16,1360000,1.0436784805278876e-06,,9444.051020928186,,2.6575598894851282e-05,,2742.40471371146,13481.383063116564,1.0060857675853185e-06,0.0,2742.40471371146,3.759271294256905e-08,9444.051020928186,,200,16,,16,,-41.54456188475952
200,,-31.279457505158277,,,,0.13,0.0,,0.13,,,11412.6257944465,0.0,51452.3328160529,5.716453552246094,51452.3328160529,,,,,,17,1440000,-1.5068188076838851e-05,,6851.97637532397,,0.00020921129907947034,,1870.273666076234,11412.6257944465,-1.5367488231277093e-05,0.0,1870.273666076234,2.993001544382423e-07,6851.97637532397,,200,17,,17,,-31.279457505158277
200,,-44.014146189746505,,,,0.135,0.0,,0.135,,,13055.406955692079,0.0,77136.34418777868,5.71798038482666,77136.34418777868,,,,,,18,1520000,1.1664151315926574e-06,,7541.341130381276,,3.5370205296203494e-05,,2112.714880053316,13055.406955692079,1.1163790532009443e-06,0.0,2112.714880053316,5.003607839171309e-08,7541.341130381276,,200,18,,18,,-44.014146189746505
200,,-39.78645983952176,,,,0.185,0.0,,0.185,,,16563.382788954612,0.0,77573.78885467492,5.71808385848999,77573.78885467492,,,,,,19,1600000,2.1920723725088465e-07,,11878.139091450239,,1.0863620445888955e-05,,3349.481521265637,16563.382788954612,2.038420490180215e-07,0.0,3349.481521265637,1.5365188232863147e-08,11878.139091450239,,200,19,,19,,-39.78645983952176
200,0.2,-33.177698114165146,50,0.0,9870.914288084625,0.145,0.0,0.0,0.145,14769.887457128376,0.2,14682.937071530647,0.0,60117.14310537514,5.718146800994873,60117.14310537514,50,2,-33.76852233763804,9870.914288084625,67059.2872454916,20,1680000,1.4105425805155392e-07,2,11119.589206723258,67059.2872454916,1.8442071450408548e-05,9870.914288084623,3200.2444103327575,14682.937071530647,1.149733748206927e-07,0.0,3200.2444103327575,2.6080883230861218e-08,11119.589206723258,9870.914288084623,200,20,14769.887457128376,20,-33.76852233763804,-33.177698114165146
200,,-55.37050580622243,,,,0.105,0.0,,0.105,,,13469.726965175823,0.0,70843.43994328131,5.718634605407715,70843.43994328131,,,,,,21,1760000,7.117604354789364e-07,,8378.447935038235,,1.4102864952292293e-05,,2453.2768015627303,13469.726965175823,6.918230610608589e-07,0.0,2453.2768015627303,1.9937374418077525e-08,8378.447935038235,,200,21,,21,,-55.37050580622243
200,,-36.60421237177422,,,,0.14,0.0,,0.14,,,14131.19800603863,0.0,63359.39231710303,5.717668056488037,63359.39231710303,,,,,,22,1840000,-1.6834283087518997e-06,,10333.728669475762,,6.139751349110156e-06,,2890.127027649677,14131.19800603863,-1.6920939742703922e-06,0.0,2890.127027649677,8.66566551849246e-09,10333.728669475762,,200,22,,22,,-36.60421237177422
200,,-28.076404158361548,,,,0.165,0.0,,0.165,,,11727.071099241262,0.0,57708.47679074066,5.731253623962402,57708.47679074066,,,,,,23,1920000,1.8542570614954457e-05,,6548.823693335972,,0.00845277588814497,,1987.9465717847113,11727.071099241262,8.242861440521665e-06,0.0,1987.9465717847113,1.0299709174432792e-05,6548.823693335972,,200,23,,23,,-28.076404158361548
200,,-25.41682737353247,,,,0.24,0.0,,0.24,,,13864.682961014138,0.0,62529.68022334568,5.7311224937438965,62529.68022334568,,,,,,24,2000000,-4.0418530034003197e-07,,10929.650112101832,,1.6806513940537116e-06,,3263.4466921557173,13864.682961014138,-4.065830694344186e-07,0.0,3263.4466921557173,2.3977690943866037e-09,10929.650112101832,,200,24,,24,,-25.41682737353247
200,,-64.94480377771418,,,,0.17,0.0,,0.17,,,13966.233444662463,0.0,78820.33923808011,5.731262683868408,78820.33923808011,,,,,,25,2080000,1.211052165217552e-07,,9029.839629638003,,2.3480064555769786e-05,,2658.789947134729,13966.233444662463,8.787387884012787e-08,0.0,2658.789947134729,3.323133768162734e-08,9029.839629638003,,200,25,,25,,-64.94480377771418
200,,-66.9088336879941,,,,0.25,0.0,,0.25,,,16903.75466626783,0.0,73785.26837489137,5.7312774658203125,73785.26837489137,,,,,,26,2160000,4.2664304089612415e-08,,11804.005788515444,,3.779146481974749e-06,,3471.7794762109547,16903.75466626783,3.7321662205158646e-08,0.0,3471.7794762109547,5.342641884453769e-09,11804.005788515444,,200,26,,26,,-66.9088336879941
200,,-27.08392816106309,,,,0.26,0.0,,0.26,,,16616.13623947159,0.0,77536.90423951854,5.7311553955078125,77536.90423951854,,,,,,27,2240000,-3.4906426549241587e-07,,13852.758238056007,,3.875559741572943e-06,,4088.9276427253208,16616.13623947159,-3.545437152752129e-07,0.0,4088.9276427253208,5.479449782797019e-09,13852.758238056007,,200,27,,27,,-27.08392816106309
200,,-26.69065935357712,,,,0.26,0.0,,0.26,,,15099.093163955196,0.0,61813.15273694075,5.73177433013916,61813.15273694075,,,,,,28,2320000,7.457620654349739e-07,,9860.234252320586,,1.0069564268633258e-05,,3046.5705289261787,15099.093163955196,7.315098855542601e-07,0.0,3046.5705289261787,1.4252179880713811e-08,9860.234252320586,,200,28,,28,,-26.69065935357712
200,,-30.161811196039864,,,,0.215,0.0,,0.215,,,14760.271266063219,0.0,65240.81041765054,5.730931758880615,65240.81041765054,,,,,,29,2400000,-1.35895447783696e-06,,9952.948044797155,,3.1933730042510433e-06,,3056.799605756134,14760.271266063219,-1.3634769402415259e-06,0.0,3056.799605756134,4.522462404565886e-09,9952.948044797155,,200,29,,29,,-30.161811196039864
200,0.32,-73.04640695427034,50,0.0,13392.668662121569,0.21,0.0,0.0,0.21,15756.40682632207,0.32,15185.696288084226,0.0,75076.16004878398,5.730469226837158,75076.16004878398,50,3,-29.72461744284892,13392.668662121569,52543.15165950339,30,2480000,-1.1147940313094296e-06,3,10595.563670371002,52543.15165950339,3.4276442875125213e-06,13392.668662121572,3154.7048088417364,15185.696288084226,-1.1196214018127648e-06,0.0,3154.7048088417364,4.82737050333526e-09,10595.563670371002,13392.668662121572,200,30,15756.40682632207,30,-29.72461744284892,-73.04640695427034
200,,-61.22061572810122,,,,0.21,0.0,,0.21,,,16335.041573589133,0.0,75486.6148965145,5.72808837890625,75486.6148965145,,,,,,31,2560000,-2.6313989565096563e-06,,11687.88354452045,,3.501301762298681e-06,,3548.5233269463993,16335.041573589133,-2.636396402522223e-06,0.0,3548.5233269463993,4.9974460125667974e-09,11687.88354452045,,200,31,,31,,-61.22061572810122
200,,-26.704398394609974,,,,0.175,0.0,,0.175,,,13804.067136900716,0.0,70591.96500450667,5.727361679077148,70591.96500450667,,,,,,32,2640000,-1.4224244750948856e-06,,9305.182762398532,,8.672644071339164e-06,,2907.600381592525,13804.067136900716,-1.4346800298881135e-06,0.0,2907.600381592525,1.225555479322793e-08,9305.182762398532,,200,32,,32,,-26.704398394609974
200,,-33.849925854258146,,,,0.21,0.0,,0.21,,,15263.893467174092,0.0,59621.52414273099,5.726118087768555,59621.52414273099,,,,,,33,2720000,-2.606482439659885e-06,,10951.88344488326,,7.762979294057004e-06,,3236.00985811616,15263.893467174092,-2.617480276967399e-06,0.0,3236.00985811616,1.0997837307513691e-08,10951.88344488326,,200,33,,33,,-33.849925854258146
200,,-32.27620442295037,,,,0.24,0.0,,0.24,,,14863.603965581307,0.0,67178.12550223236,5.7258710861206055,67178.12550223236,,,,,,34,2800000,-5.974990813228942e-07,,11264.243916367208,,4.086843091499759e-06,,3527.234049971502,14863.603965581307,-6.033295107954473e-07,0.0,3527.234049971502,5.830429472553078e-09,11264.243916367208,,200,34,,34,,-32.27620442295037
200,,-26.194489433172034,,,,0.325,0.0,,0.325,,,16826.048767152268,0.0,71753.24281458391,5.726174354553223,71753.24281458391,,,,,,35,2880000,7.454337946910528e-07,,12844.770205176452,,7.19618992661708e-06,,3979.7636480155156,16826.048767152268,7.352689976869442e-07,0.0,3979.7636480155156,1.016479700410855e-08,12844.770205176452,,200,35,,35,,-26.194489433172034
200,,-27.682262248705577,,,,0.185,0.0,,0.185,,,15003.942905694395,0.0,75285.84038576834,5.724669456481934,75285.84038576834,,,,,,36,2960000,-2.9976949917909224e-06,,8991.930645889268,,5.548432454816066e-06,,2685.6572363014716,15003.942905694395,-3.005516873599845e-06,0.0,2685.6572363014716,7.821881808922626e-09,8991.930645889268,,200,36,,36,,-27.682262248705577
200,,-23.217995594354324,,,,0.315,0.0,,0.315,,,13449.048644772764,0.0,54573.23726079217,5.723846435546875,54573.23726079217,,,,,,37,3040000,-1.17339823191287e-06,,11716.12175108138,,2.092906925099669e-06,,3641.1520807696943,13449.048644772764,-1.176364321509027e-06,0.0,3641.1520807696943,2.9660895961569622e-09,11716.12175108138,,200,37,,37,,-23.217995594354324
200,,-64.08071961592393,,,,0.245,0.0,,0.245,,,16056.09342478037,0.0,70173.65875052048,5.723975658416748,70173.65875052048,,,,,,38,3120000,2.372881198198229e-07,,11289.318593585804,,5.7544666560715996e-06,,3473.49169968606,16056.09342478037,2.2914676378604781e-07,0.0,3473.49169968606,8.141356033775082e-09,11289.318593585804,,200,38,,38,,-64.08071961592393
200,,-27.2547598205476,,,,0.275,0.0,,0.275,,,16246.408315394629,0.0,76495.50769702665,5.719871520996094,76495.50769702665,,,,,,39,3200000,-3.49567631019454e-06,,13154.592583010848,,4.1237042751163244e-05,,4223.446103796295,16246.408315394629,-3.554176828401978e-06,0.0,4223.446103796295,5.850051820743829e-08,13154.592583010848,,200,39,,39,,-27.2547598205476
200,0.22,-26.6542575437666,50,0.0,10734.900433243969,0.2,0.0,0.0,0.2,16051.227826746555,0.22,14653.481087756216,0.0,61864.01423668736,5.719200611114502,61864.01423668736,50,4,-25.398452098917257,10734.900433243969,70827.33442914186,40,3280000,-1.1466554497019388e-06,4,9989.126430861948,70827.33442914186,2.6959316983266035e-06,10734.900433243973,3271.381692928118,14653.481087756216,-1.150495336332824e-06,0.0,3271.381692928118,3.839886630885303e-09,9989.126430861948,10734.900433243973,200,40,16051.227826746555,40,-25.398452098917257,-26.6542575437666
200,,-50.943036408207824,,,,0.35,0.0,,0.35,,,16541.98577502567,0.0,68415.23248196291,5.719581604003906,68415.23248196291,,,,,,41,3360000,1.384673510074208e-06,,13719.19946911836,,6.188961378938984e-06,,4194.966996707791,16541.98577502567,1.3759083685727092e-06,0.0,4194.966996707791,8.765141501498874e-09,13719.19946911836,,200,41,,41,,-50.943036408207824
200,,-48.743380873763535,,,,0.175,0.0,,0.175,,,15826.115893704826,0.0,75714.97856586441,5.719253063201904,75714.97856586441,,,,,,42,3440000,-1.0300302619725699e-06,,11110.649220160501,,3.3312942377961008e-06,,3331.9645434432114,15826.115893704826,-1.0347281431677402e-06,0.0,3331.9645434432114,4.697881195170339e-09,11110.649220160501,,200,42,,42,,-48.743380873763535
200,,-31.06678453580112,,,,0.21,0.0,,0.21,,,15259.718260606727,0.0,76236.95193612947,5.720397472381592,76236.95193612947,,,,,,43,3520000,1.1662845054161153e-06,,10034.141795369414,,9.029879947775044e-06,,3180.678088352174,15259.718260606727,1.1535058774825302e-06,0.0,3180.678088352174,1.2778627933585085e-08,10034.141795369414,,200,43,,43,,-31.06678453580112
200,,-29.591011304796496,,,,0.27,0.0,,0.27,,,14949.784025877949,0.0,72589.29298469747,5.719055652618408,72589.29298469747,,,,,,44,3600000,-4.075258857483277e-06,,11422.593862578698,,8.594948667450808e-06,,3784.80976201521,14949.784025877949,-4.087420620635385e-06,0.0,3784.80976201521,1.2161763152107596e-08,11422.593862578698,,200,44,,44,,-29.591011304796496
200,,-37.250840329692224,,,,0.23,0.0,,0.23,,,15411.292182466947,0.0,87487.9468085253,5.7186689376831055,87487.9468085253,,,,,,45,3680000,-8.377702442885493e-07,,10336.068882858588,,4.558136424748227e-06,,3282.8735965304427,15411.292182466947,-8.442192438451457e-07,0.0,3282.8735965304427,6.448999556596391e-09,10336.068882858588,,200,45,,45,,-37.250840329692224
200,,-24.906479934637993,,,,0.24,0.0,,0.24,,,16761.875960446014,0.0,72854.63868132234,5.7186808586120605,72854.63868132234,,,,,,46,3760000,3.178740826115245e-08,,12014.949659992099,,2.9079208161419956e-06,,3655.763084401419,16761.875960446014,2.7674536440258635e-08,0.0,3655.763084401419,4.112871820893815e-09,12014.949659992099,,200,46,,46,,-24.906479934637993
200,,-25.611444967428344,,,,0.25,0.0,,0.25,,,14701.603710375892,0.0,70117.9991982154,5.725050926208496,70117.9991982154,,,,,,47,3840000,5.157934538146947e-06,,10511.809127047049,,1.3115030014887452e-05,,3352.438946648478,14701.603710375892,5.139377208251972e-06,0.0,3352.438946648478,1.8557329894974828e-08,10511.809127047049,,200,47,,47,,-25.611444967428344
200,,-51.04576300038419,,,,0.215,0.0,,0.215,,,15222.272972884344,0.0,68293.01288904925,5.7247843742370605,68293.01288904925,,,,,,48,3920000,-6.538734282912628e-07,,11296.845336373994,,2.633858002809575e-06,,3581.8614862932523,15222.272972884344,-6.57602299725113e-07,0.0,3581.8614862932523,3.728871433850145e-09,11296.845336373994,,200,48,,48,,-51.04576300038419
200,,-40.24335021856916,,,,0.255,0.0,,0.255,,,15137.282733366817,0.0,71326.58136205486,5.724675178527832,71326.58136205486,,,,,,49,4000000,-2.8529470341709384e-07,,11603.304516787799,,1.6312394564010901e-06,,3773.148647273537,15137.282733366817,-2.875781888178608e-07,0.0,3773.148647273537,2.283485400766949e-09,11603.304516787799,,200,49,,49,,-40.24335021856916
200,0.34,-26.55132072242942,50,0.0,14915.842097695051,0.2,0.0,0.0,0.2,17259.89388655664,0.34,16990.451566111926,0.0,79946.67122247088,5.7241902351379395,79946.67122247088,50,5,-23.501138964845815,14915.842097695051,69719.13328939246,50,4080000,-1.0129813290404854e-06,5,10849.273108892668,69719.13328939246,1.5183562709353282e-06,14915.842097695046,3283.7581353659007,16990.451566111926,-1.01513819572574e-06,0.0,3283.7581353659007,2.1568666852544993e-09,10849.273108892668,14915.842097695046,200,50,17259.89388655664,50,-23.501138964845815,-26.55132072242942
200,,-64.30661182881292,,,,0.29,0.0,,0.29,,,17050.56253481402,0.0,82348.33701368728,5.723115921020508,82348.33701368728,,,,,,51,4160000,-2.000382892219932e-06,,12472.497356374433,,3.180459771101596e-06,,3951.8756559232634,17050.56253481402,-2.0049017166456906e-06,0.0,3951.8756559232634,4.518824425758794e-09,12472.497356374433,,200,51,,51,,-64.30661182881292
200,,-30.996537074344147,,,,0.26,0.0,,0.26,,,16032.443462211779,0.0,67304.01647730377,5.721138000488281,67304.01647730377,,,,,,52,4240000,-2.0532581856969045e-06,,12395.223340881925,,2.3897914616100024e-06,,3898.6809213801052,16032.443462211779,-2.0566326384141576e-06,0.0,3898.6809213801052,3.374452717253007e-09,12395.223340881925,,200,52,,52,,-30.996537074344147
200,,-35.4915087482289,,,,0.185,0.0,,0.185,,,16674.69822822896,0.0,86677.15469981031,5.7200117111206055,86677.15469981031,,,,,,53,4320000,-2.250457555419416e-06,,10893.195502068567,,8.098419129964896e-06,,3344.04046978967,16674.69822822896,-2.2619162791670533e-06,0.0,3344.04046978967,1.1458723747637123e-08,10893.195502068567,,200,53,,53,,-35.4915087482289
200,,-37.067808032080116,,,,0.255,0.0,,0.255,,,16564.225761524187,0.0,63576.52563348505,5.719459056854248,63576.52563348505,,,,,,54,4400000,-1.2072708841515123e-06,,11350.380786037695,,4.262268248567125e-06,,3682.4161747007074,16564.225761524187,-1.213324026139162e-06,0.0,3682.4161747007074,6.053141987649724e-09,11350.380786037695,,200,54,,54,,-37.067808032080116
200,,-71.35782796693685,,,,0.205,0.0,,0.205,,,15574.646831344733,0.0,74788.24793958501,5.71865701675415,74788.24793958501,,,,,,55,4480000,-2.062900648525101e-06,,10486.029910026791,,5.3548474170384e-06,,3292.2216473680546,15574.646831344733,-2.0704721919173608e-06,0.0,3292.2216473680546,7.571543392259628e-09,10486.029910026791,,200,55,,55,,-71.35782796693685
200,,-68.0892924131454,,,,0.215,0.0,,0.215,,,13943.669434809382,0.0,59802.85442081047,5.71209716796875,59802.85442081047,,,,,,56,4560000,-3.65204869012814e-06,,8628.027578217667,,4.513860767474398e-05,,2857.6776274150934,13943.669434809382,-3.71598252968397e-06,0.0,2857.6776274150934,6.393383955582976e-08,8628.027578217667,,200,56,,56,,-68.0892924131454
200,,-29.088852783301878,,,,0.265,0.0,,0.265,,,17621.835110762564,0.0,93432.6733372146,5.710799694061279,93432.6733372146,,,,,,57,4640000,-1.3127400961820967e-06,,12266.346212455263,,4.5270571717992425e-06,,3942.5461088084867,17621.835110762564,-1.3191488505981397e-06,0.0,3942.5461088084867,6.408754416042939e-09,12266.346212455263,,200,57,,57,,-29.088852783301878
200,,-26.95880434670661,,,,0.27,0.0,,0.27,,,17997.965417871932,0.0,74768.55962771969,5.711611747741699,74768.55962771969,,,,,,58,4720000,9.371366331833997e-07,,13016.561642981913,,5.942623374721734e-06,,4185.316271153155,17997.965417871932,9.287285251957655e-07,0.0,4185.316271153155,8.408107987634139e-09,13016.561642981913,,200,58,,58,,-26.95880434670661
200,,-30.659337121245187,,,,0.215,0.0,,0.215,,,16085.218356713012,0.0,80730.7053240419,5.711891174316406,80730.7053240419,,,,,,59,4800000,8.537781468476169e-07,,10544.933136923322,,5.807448815176031e-06,,3412.4333622513236,16085.218356713012,8.455632496406906e-07,0.0,3412.4333622513236,8.214897206926253e-09,10544.933136923322,,200,59,,59,,-30.659337121245187
200,0.3,-34.69035157621264,50,0.0,14364.510186582353,0.215,0.0,0.0,0.215,18902.49083672167,0.3,14906.045947011888,0.0,74034.07103510978,5.71030330657959,74034.07103510978,50,6,-31.857530261167916,14364.510186582353,77956.57230647684,60,4880000,-1.859644385149295e-06,6,11382.83533245729,77956.57230647684,1.7393476809957065e-06,14364.510186582354,3646.0746192894467,14906.045947011888,-1.8621215076564113e-06,0.0,3646.0746192894467,2.4771225071162917e-09,11382.83533245729,14364.510186582354,200,60,18902.49083672167,60,-31.857530261167916,-34.69035157621264
200,,-30.448842972590477,,,,0.26,0.0,,0.26,,,16273.52938823088,0.0,80608.38949626585,5.710294246673584,80608.38949626585,,,,,,61,4960000,-3.854697894212222e-08,,10509.746279907888,,2.699561264307704e-06,,3429.624126656279,16273.52938823088,-4.2343298645164396e-08,0.0,3429.624126656279,3.7963197030421725e-09,10509.746279907888,,200,61,,61,,-30.448842972590477
200,,-25.918680326798462,,,,0.235,0.0,,0.235,,,16096.314535725867,0.0,71194.1147272744,5.710899829864502,71194.1147272744,,,,,,62,5040000,9.201906436828722e-07,,11438.728028323061,,3.7110592074895976e-06,,3554.8919120373625,16096.314535725867,9.149334800895303e-07,0.0,3554.8919120373625,5.257163593341829e-09,11438.728028323061,,200,62,,62,,-25.918680326798462
200,,-26.312803106332677,,,,0.23,0.0,,0.23,,,15074.274193270221,0.0,61593.70049718829,5.7089996337890625,61593.70049718829,,,,,,63,5120000,-1.8751370589598082e-06,,10795.319511456433,,3.4624365525814937e-06,,3537.925950295645,15074.274193270221,-1.8800212728820043e-06,0.0,3537.925950295645,4.884213922196068e-09,10795.319511456433,,200,63,,63,,-26.312803106332677
200,,-44.5277050103965,,,,0.21,0.0,,0.21,,,13107.52867261908,0.0,55951.44540729791,5.709869384765625,55951.44540729791,,,,,,64,5200000,2.164354100386845e-06,,9327.74901107405,,8.869939847500063e-06,,3041.7239708121983,13107.52867261908,2.1518055746128084e-06,0.0,3041.7239708121983,1.2548525774036534e-08,9327.74901107405,,200,64,,64,,-44.5277050103965
200,,-26.338402236595762,,,,0.205,0.0,,0.205,,,15275.116385330932,0.0,64972.0812550787,5.709884166717529,64972.0812550787,,,,,,65,5280000,2.4259668052195593e-08,,11027.091274615033,,2.743905270108371e-06,,3599.902537897995,15275.116385330932,2.0376592857473952e-08,0.0,3599.902537897995,3.883075194721641e-09,11027.091274615033,,200,65,,65,,-26.338402236595762
200,,-24.29634689423188,,,,0.21,0.0,,0.21,,,15557.544483285636,0.0,80752.96652393402,5.708038330078125,80752.96652393402,,,,,,66,5360000,-1.8708888092078269e-06,,9764.706634657461,,6.519717771880096e-06,,3231.514024745615,15557.544483285636,-1.8801143824020983e-06,0.0,3231.514024745615,9.22557319427142e-09,9764.706634657461,,200,66,,66,,-24.29634689423188
200,,-27.050279970733598,,,,0.3,0.0,,0.3,,,17154.552088683577,0.0,91982.58315551332,5.70824670791626,91982.58315551332,,,,,,67,5440000,7.342825938394526e-07,,12139.203821435845,,4.2929700612148736e-06,,3905.4131252437965,17154.552088683577,7.282113188011863e-07,0.0,3905.4131252437965,6.071275038266322e-09,12139.203821435845,,200,67,,67,,-27.050279970733598
200,,-35.29771562670928,,,,0.325,0.0,,0.325,,,16680.194584884463,0.0,77594.01761719734,5.7079973220825195,77594.01761719734,,,,,,68,5520000,-3.3767770446502254e-07,,12165.749293187535,,3.0166638680384494e-06,,3820.3734426137607,16680.194584884463,-3.4194687259514467e-07,0.0,3820.3734426137607,4.269168130122125e-09,12165.749293187535,,200,68,,68,,-35.29771562670928
200,,-27.9072494443486,,,,0.22,0.0,,0.22,,,15464.738157749218,0.0,64851.92809717053,5.708908557891846,64851.92809717053,,,,,,69,5600000,7.750544455120689e-07,,11322.7719285359,,5.3185234719421715e-05,,3578.192670778153,15464.738157749218,6.995740022830432e-07,0.0,3578.192670778153,7.54804432290257e-08,11322.7719285359,,200,69,,69,,-27.9072494443486
200,0.24,-52.6224612357341,50,0.0,16892.22192848379,0.24,0.0,0.0,0.24,20983.68331748171,0.24,16895.46271978567,0.0,73170.5355910764,5.7095746994018555,73170.5355910764,50,7,-19.704773396412758,16892.22192848379,77901.27554306891,70,5680000,1.114573365157412e-06,7,12755.47210955323,77901.27554306891,1.599514007466496e-06,16892.221928483785,4103.606651552097,16895.46271978567,1.1123020158265717e-06,0.0,4103.606651552097,2.2713493308401667e-09,12755.47210955323,16892.221928483785,200,70,20983.68331748171,70,-19.704773396412758,-52.6224612357341
200,,-28.594512706731926,,,,0.315,0.0,,0.315,,,16877.307890712746,0.0,81999.92052298764,5.708803653717041,81999.92052298764,,,,,,71,5760000,-1.6214519291679608e-06,,12824.672062749714,,5.055448582425015e-06,,3980.1576519342907,16877.307890712746,-1.628622158023063e-06,0.0,3980.1576519342907,7.170228855102323e-09,12824.672062749714,,200,71,,71,,-28.594512706731926
200,,-49.863942071231854,,,,0.325,0.0,,0.325,,,18150.350513430207,0.0,97409.24656629104,5.708650588989258,97409.24656629104,,,,,,72,5840000,-4.934998969474691e-07,,13709.354748153783,,9.537423011352075e-07,,4589.241170388891,18150.350513430207,-4.948484502165229e-07,0.0,4589.241170388891,1.3485532690538093e-09,13709.354748153783,,200,72,,72,,-49.863942071231854
200,,-34.71618777820672,,,,0.26,0.0,,0.26,,,14339.995171271412,0.0,60504.47464305468,5.7054314613342285,60504.47464305468,,,,,,73,5920000,-2.7441583370091394e-06,,10585.083868744328,,4.177795744908508e-06,,3530.862225592326,14339.995171271412,-2.750062094492023e-06,0.0,3530.862225592326,5.9037574828835204e-09,10585.083868744328,,200,73,,73,,-34.71618777820672
200,,-37.123406365501346,,,,0.235,0.0,,0.235,,,15796.860979280293,0.0,64361.448330526764,5.705565929412842,64361.448330526764,,,,,,74,6000000,2.802264305046265e-07,,11058.997891993458,,1.2752356042255997e-06,,3483.5814177595043,15796.860979280293,2.784276205147762e-07,0.0,3483.5814177595043,1.7988099898502696e-09,11058.997891993458,,200,74,,74,,-37.123406365501346
200,,-26.075921820546476,,,,0.265,0.0,,0.265,,,15975.068738128048,0.0,75947.84788851174,5.705559253692627,75947.84788851174,,,,,,75,6080000,-2.4604810633377383e-08,,12268.398462321002,,2.9798486593790585e-06,,4022.309052268841,15975.068738128048,-2.8832641163489825e-08,0.0,4022.309052268841,4.227830530112442e-09,12268.398462321002,,200,75,,75,,-26.075921820546476
200,,-35.37648773860394,,,,0.23,0.0,,0.23,,,14664.359790186563,0.0,60357.30238270824,5.7051005363464355,60357.30238270824,,,,,,76,6160000,-1.4831205135124037e-06,,10380.247569159616,,1.0148183719138615e-05,,3404.9221295385996,14664.359790186563,-1.4974926898503327e-06,0.0,3404.9221295385996,1.4372176337928977e-08,10380.247569159616,,200,76,,76,,-35.37648773860394
200,,-26.920689038841275,,,,0.24,0.0,,0.24,,,14246.179331517269,0.0,62959.18602469087,5.704168319702148,62959.18602469087,,,,,,77,6240000,-1.5183243249339284e-06,,11080.383326313315,,2.860473614418879e-06,,3723.765393740579,14246.179331517269,-1.5223810123643489e-06,0.0,3723.765393740579,4.056687430420425e-09,11080.383326313315,,200,77,,77,,-26.920689038841275
200,,-38.656404737258484,,,,0.245,0.0,,0.245,,,15367.332541379317,0.0,60484.653665602666,5.704293251037598,60484.653665602666,,,,,,78,6320000,4.412946168486087e-07,,10765.509297133107,,6.606993792956928e-06,,3485.1560842504923,15367.332541379317,4.3195251464567264e-07,0.0,3485.1560842504923,9.342102202936076e-09,10765.509297133107,,200,78,,78,,-38.656404737258484
200,,-30.125498630837946,,,,0.21,0.0,,0.21,,,14949.50648518396,0.0,79991.90602540776,5.705086708068848,79991.90602540776,,,,,,79,6400000,1.6415721120210947e-06,,10015.408425793988,,2.2896142581885215e-06,,3413.4862376006377,14949.50648518396,1.638329422348761e-06,0.0,3413.4862376006377,3.242689672333654e-09,10015.408425793988,,200,79,,79,,-30.125498630837946
200,0.24,-58.70448971235716,50,0.0,10684.60929801879,0.17,0.0,0.0,0.17,16473.74440667974,0.24,16624.383353087796,0.0,70312.98126381592,5.704116344451904,70312.98126381592,50,8,-25.89033047708671,10684.60929801879,53085.524177767285,80,6480000,-2.555310629759333e-06,8,10960.501289563643,53085.524177767285,1.0635892977006733e-05,10684.60929801879,3420.011256363563,16624.383353087796,-2.5703702704049647e-06,0.0,3420.011256363563,1.505964064563159e-08,10960.501289563643,10684.60929801879,200,80,16473.74440667974,80,-25.89033047708671,-58.70448971235716
200,,-74.52374501627186,,,,0.24,0.0,,0.24,,,14118.54699316572,0.0,56421.537963409406,5.704468250274658,56421.537963409406,,,,,,81,6560000,1.0881176422117278e-06,,9987.387369342474,,3.4287120342924027e-06,,3359.7804634974864,14118.54699316572,1.0832734460564097e-06,0.0,3359.7804634974864,4.844196155318059e-09,9987.387369342474,,200,81,,81,,-74.52374501627186
200,,-40.33395250800724,,,,0.3,0.0,,0.3,,,16477.030169453377,0.0,72578.36159206113,5.704559803009033,72578.36159206113,,,,,,82,6640000,3.0099795367277693e-07,,13321.729558528914,,2.672138407433522e-06,,4378.50830383803,16477.030169453377,2.9721550731665047e-07,0.0,4378.50830383803,3.7824463561264565e-09,13321.729558528914,,200,82,,82,,-40.33395250800724
200,,-55.376974009084385,,,,0.295,0.0,,0.295,,,17845.064001912342,0.0,74565.25829689897,5.704071521759033,74565.25829689897,,,,,,83,6720000,-5.740512278862298e-07,,12872.952095040759,,3.828840817732271e-06,,4229.562757626445,17845.064001912342,-5.794667004010989e-07,0.0,4229.562757626445,5.4154725148691796e-09,12872.952095040759,,200,83,,83,,-55.376974009084385
200,,-33.37287730319102,,,,0.33,0.0,,0.33,,,18071.416163216076,0.0,78010.11642565702,5.702578067779541,78010.11642565702,,,,,,84,6800000,-2.1339474187698215e-06,,15020.921430302196,,4.934319804306142e-06,,4910.915971057639,18071.416163216076,-2.140926881111227e-06,0.0,4910.915971057639,6.979462341405451e-09,15020.921430302196,,200,84,,84,,-33.37287730319102
200,,-48.45399020169201,,,,0.255,0.0,,0.255,,,15986.377762080889,0.0,70101.30158148672,5.702025890350342,70101.30158148672,,,,,,85,6880000,-1.3330125057109399e-06,,11518.592843195696,,1.9759106635319768e-06,,3744.6119332265935,15986.377762080889,-1.335807837676839e-06,0.0,3744.6119332265935,2.795331965899095e-09,11518.592843195696,,200,85,,85,,-48.45399020169201
200,,-36.75782442756568,,,,0.26,0.0,,0.26,,,17209.640449773757,0.0,97923.08918945766,5.702618598937988,97923.08918945766,,,,,,86,6960000,1.8345396028962568e-06,,11545.607337698284,,3.889429990522331e-06,,3818.50098295519,17209.640449773757,1.8290456864633597e-06,0.0,3818.50098295519,5.493916432897095e-09,11545.607337698284,,200,86,,86,,-36.75782442756568
200,,-43.502692670499194,,,,0.275,0.0,,0.275,,,17342.116980455645,0.0,86190.06380685876,5.702865123748779,86190.06380685876,,,,,,87,7040000,3.9192536860355176e-07,,11898.897400879685,,1.6449814665975282e-06,,4060.5801486709247,17342.116980455645,3.89597914818296e-07,0.0,4060.5801486709247,2.327453785255784e-09,11898.897400879685,,200,87,,87,,-43.502692670499194
200,,-30.689674674051734,,,,0.22,0.0,,0.22,,,15249.964965479021,0.0,70314.68740079354,5.703185081481934,70314.68740079354,,,,,,88,7120000,9.971732879421324e-07,,10570.33797135673,,4.617239937942941e-06,,3467.7469293946365,15249.964965479021,9.906389095704071e-07,0.0,3467.7469293946365,6.5343783717253245e-09,10570.33797135673,,200,88,,88,,-30.689674674051734
200,,-72.35320478766103,,,,0.215,0.0,,0.215,,,15559.651435951657,0.0,80038.14299212617,5.703422546386719,80038.14299212617,,,,,,89,7200000,3.360977700594958e-07,,10006.223477306521,,4.5072482635077904e-07,,3394.582868405738,15559.651435951657,3.3546848499099724e-07,0.0,3394.582868405738,6.292850684985751e-10,10006.223477306521,,200,89,,89,,-72.35320478766103
200,0.12,-37.60226168457112,50,0.0,6813.127528436953,0.305,0.0,0.0,0.305,12743.117474587785,0.12,16809.76846823047,0.0,72255.84429175177,5.704541206359863,72255.84429175177,50,9,-23.80255717349384,6813.127528436953,61737.50491438964,90,7280000,2.298211711604381e-06,9,12509.123236876505,61737.50491438964,4.881030235992512e-06,6813.127528436952,4261.94717494323,16809.76846823047,2.2913040993444156e-06,0.0,4261.94717494323,6.90761225996539e-09,12509.123236876505,6813.127528436952,200,90,12743.117474587785,90,-23.80255717349384,-37.60226168457112
200,,-46.18554938112658,,,,0.255,0.0,,0.255,,,17331.985383014275,0.0,82650.84249265074,5.703281879425049,82650.84249265074,,,,,,91,7360000,-2.157430799343274e-06,,11782.353686967925,,5.146948751644231e-06,,3764.379237521542,17331.985383014275,-2.164702891604975e-06,0.0,3764.379237521542,7.272092261700891e-09,11782.353686967925,,200,91,,91,,-46.18554938112658
200,,-46.8291292348411,,,,0.26,0.0,,0.26,,,17433.5175783421,0.0,74100.20851664135,5.702856063842773,74100.20851664135,,,,,,92,7440000,-8.755748126532126e-07,,13166.293654540506,,2.080510967061855e-06,,4180.968101370962,17433.5175783421,-8.785593195170804e-07,0.0,4180.968101370962,2.984506863867864e-09,13166.293654540506,,200,92,,92,,-46.8291292348411
200,,-24.782177752075203,,,,0.29,0.0,,0.29,,,16731.382282658495,0.0,79807.56712538791,5.703162670135498,79807.56712538791,,,,,,93,7520000,7.716402024016134e-07,,12662.136032319626,,3.966518306697253e-06,,4117.539873028078,16731.382282658495,7.660331675651832e-07,0.0,4117.539873028078,5.607034836430103e-09,12662.136032319626,,200,93,,93,,-24.782177752075203
200,,-26.086333142948238,,,,0.285,0.0,,0.285,,,18830.23173681742,0.0,90648.16204582823,5.703009605407715,90648.16204582823,,,,,,94,7600000,-4.598365705987817e-07,,14086.230255639055,,6.580958142876625e-06,,4584.193459555501,18830.23173681742,-4.691500237186119e-07,0.0,4584.193459555501,9.313453119830228e-09,14086.230255639055,,200,94,,94,,-26.086333142948238
200,,-28.092134389061002,,,,0.3,0.0,,0.3,,,14431.590416487346,0.0,82750.31962244547,5.702968120574951,82750.31962244547,,,,,,95,7680000,-8.218122360403868e-08,,9939.868071782517,,5.107483048050199e-06,,3441.581792393521,14431.590416487346,-8.941042040078173e-08,0.0,3441.581792393521,7.229196796743054e-09,9939.868071782517,,200,95,,95,,-28.092134389061002
200,,-28.026494054535295,,,,0.26,0.0,,0.26,,,17295.345897113046,0.0,80366.68714868363,5.7027435302734375,80366.68714868363,,,,,,96,7760000,-3.506131633912446e-07,,12109.402395073068,,1.6560203448534594e-06,,3948.360084625952,17295.345897113046,-3.5299564160595764e-07,0.0,3948.360084625952,2.3824782147130463e-09,12109.402395073068,,200,96,,96,,-28.026494054535295
200,,-41.31676668431425,,,,0.285,0.0,,0.285,,,16482.12369021198,0.0,87071.54748322898,5.7030744552612305,87071.54748322898,,,,,,97,7840000,9.475262459091027e-07,,11559.242191574527,,1.8711173197516473e-06,,3836.3019951000915,16482.12369021198,9.448802984479698e-07,0.0,3836.3019951000915,2.6459474611328915e-09,11559.242191574527,,200,97,,97,,-41.31676668431425
200,,-44.599382316444746,,,,0.245,0.0,,0.245,,,15118.527099854748,0.0,63386.71823010141,5.703522205352783,63386.71823010141,,,,,,98,7920000,1.2250826557647088e-06,,10739.852123194105,,6.5550657382118516e-06,,3495.0900108519018,15118.527099854748,1.2157901210230193e-06,0.0,3495.0900108519018,9.292534741689451e-09,10739.852123194105,,200,98,,98,,-44.599382316444746
200,,-27.11999104113486,,,,0.24,0.0,,0.24,,,14177.36086242581,0.0,67162.83625416651,5.707380294799805,67162.83625416651,,,,,,99,8000000,2.8528168058983283e-06,,9199.454006509308,,0.0002451481414027512,,3190.6982407727064,14177.36086242581,2.5004399049066706e-06,0.0,3190.6982407727064,3.5237690099165775e-07,9199.454006509308,,200,99,,99,,-27.11999104113486
200,0.24,-23.202757527359296,50,0.0,10944.422046086811,0.255,0.0,0.0,0.255,15351.063950001464,0.24,14712.246621559732,0.0,60253.187250066105,5.707547187805176,60253.187250066105,50,10,-26.205981895331618,10944.422046086811,57232.28254369451,100,8080000,4.2986249582099845e-07,10,10025.956070549384,57232.28254369451,8.192185418920417e-07,10944.42204608681,3408.000972497225,14712.246621559732,4.2870306060649455e-07,0.0,3408.000972497225,1.159435214503901e-09,10025.956070549384,10944.42204608681,200,100,15351.063950001464,100,-26.205981895331618,-23.202757527359296
200,,-26.418974970013206,,,,0.21,0.0,,0.21,,,16023.099116583979,0.0,78471.39865230802,5.707649230957031,78471.39865230802,,,,,,101,8160000,2.1512065018214344e-07,,11277.366708377167,,4.021657332486939e-06,,3655.3315897855,16023.099116583979,2.0942584910699225e-07,0.0,3655.3315897855,5.69480107515119e-09,11277.366708377167,,200,101,,101,,-26.418974970013206
200,,-26.130969941321627,,,,0.215,0.0,,0.215,,,15200.74833798057,0.0,68222.6585053194,5.700225830078125,68222.6585053194,,,,,,102,8240000,-5.8051864471053705e-06,,10756.77583343638,,3.377325992914848e-05,,3636.479953778245,15200.74833798057,-5.853066795680206e-06,0.0,3636.479953778245,4.788034857483581e-08,10756.77583343638,,200,102,,102,,-26.130969941321627
200,,-61.6809152055388,,,,0.25,0.0,,0.25,,,15967.609667662653,0.0,72538.61165548077,5.699587345123291,72538.61165548077,,,,,,103,8320000,-1.2363682344584959e-06,,11307.904918646274,,3.628110334830126e-06,,3669.429586307354,15967.609667662653,-1.2415054015946225e-06,0.0,3669.429586307354,5.1371671361266635e-09,11307.904918646274,,200,103,,103,,-61.6809152055388
200,,-37.38457543687323,,,,0.245,0.0,,0.245,,,13196.162146520037,0.0,62108.41002127131,5.698915958404541,62108.41002127131,,,,,,104,8400000,-1.923858235386433e-06,,8747.145000415048,,1.776723911461886e-05,,2918.163859421424,13196.162146520037,-1.9490466911520343e-06,0.0,2918.163859421424,2.5188455765601248e-08,8747.145000415048,,200,104,,104,,-37.38457543687323
200,,-31.924637992452634,,,,0.225,0.0,,0.225,,,16891.211542581717,0.0,92152.36007024319,5.69882869720459,92152.36007024319,,,,,,105,8480000,-2.0820144186473044e-07,,11399.68477196723,,2.122361820511287e-06,,3900.0396856221732,16891.211542581717,-2.1120122539741715e-07,0.0,3900.0396856221732,2.999783532686706e-09,11399.68477196723,,200,105,,105,,-31.924637992452634
200,,-62.968275503063055,,,,0.265,0.0,,0.265,,,16786.669240281193,0.0,83907.88867797526,5.6988067626953125,83907.88867797526,,,,,,106,8560000,-2.4287306388259822e-08,,10841.022987499062,,1.1897651347680949e-05,,3535.7078596227057,16786.669240281193,-4.114921381415115e-08,0.0,3535.7078596227057,1.686190742589133e-08,10841.022987499062,,200,106,,106,,-62.968275503063055
200,,-60.5823894180838,,,,0.265,0.0,,0.265,,,15092.04483828095,0.0,79494.65328114043,5.699315547943115,79494.65328114043,,,,,,107,8640000,9.281800998905965e-07,,10324.262841627935,,2.9494437967514386e-06,,3490.341176991274,15092.04483828095,9.24017228953744e-07,0.0,3490.341176991274,4.162870936852414e-09,10324.262841627935,,200,107,,107,,-60.5823894180838
200,,-85.3705210827113,,,,0.265,0.0,,0.265,,,15557.367319827119,0.0,82909.90275386331,5.699294567108154,82909.90275386331,,,,,,108,8720000,-6.389446127741394e-08,,11276.914873750813,,3.333934273541672e-06,,3615.272756593905,15557.367319827119,-6.860782519879649e-08,0.0,3615.272756593905,4.713363921382552e-09,11276.914873750813,,200,108,,108,,-85.3705210827113
200,,-30.085156715213238,,,,0.27,0.0,,0.27,,,16228.022530165794,0.0,63358.42711158043,5.699221611022949,63358.42711158043,,,,,,109,8800000,-1.734912018491741e-07,,11910.631227202504,,9.633702120481757e-07,,3942.2743495993873,16228.022530165794,-1.7486559045210015e-07,0.0,3942.2743495993873,1.3743886029260466e-09,11910.631227202504,,200,109,,109,,-30.085156715213238
200,0.22,-63.34093525044569,50,0.0,10639.230511592257,0.275,0.0,0.0,0.275,14843.5422661222,0.22,15637.815756893688,0.0,69626.19147194519,5.699440002441406,69626.19147194519,50,11,-24.723345549335722,10639.230511592257,50362.49353857989,110,8880000,6.176344413688639e-07,11,11349.401476242016,50362.49353857989,2.528199502194184e-06,10639.230511592254,3849.341622736839,15637.815756893688,6.140456321190868e-07,0.0,3849.341622736839,3.588809249777114e-09,11349.401476242016,10639.230511592254,200,110,14843.5422661222,110,-24.723345549335722,-63.34093525044569
200,,-28.906983946943576,,,,0.255,0.0,,0.255,,,16292.650107315092,0.0,87813.9884330351,5.699606895446777,87813.9884330351,,,,,,111,8960000,5.898805284232367e-07,,11106.966603890634,,2.7998491987091256e-06,,3602.0100632726862,16292.650107315092,5.859151315235067e-07,0.0,3602.0100632726862,3.965396899729967e-09,11106.966603890634,,200,111,,111,,-28.906983946943576
200,,-27.962319332689454,,,,0.3,0.0,,0.3,,,18310.458803641322,0.0,91189.75882529818,5.697815418243408,91189.75882529818,,,,,,112,9040000,-1.6630395975880674e-06,,12835.577528028402,,9.660285286372527e-06,,4128.939494704345,18310.458803641322,-1.6767120314398198e-06,0.0,4128.939494704345,1.367243385175243e-08,12835.577528028402,,200,112,,112,,-27.962319332689454
200,,-36.80778451214177,,,,0.315,0.0,,0.315,,,17840.145620542804,0.0,85980.68467559888,5.696124076843262,85980.68467559888,,,,,,113,9120000,-1.7644840681896312e-06,,14601.076109149202,,1.6679683767506504e-06,,4653.257075586708,17840.145620542804,-1.7668335203779861e-06,0.0,4653.257075586708,2.349452188354917e-09,14601.076109149202,,200,113,,113,,-36.80778451214177
200,,-33.715654301130165,,,,0.175,0.0,,0.175,,,19068.118548802177,0.0,88813.07594062935,5.695263385772705,88813.07594062935,,,,,,114,9200000,-2.416539473415469e-06,,11935.092672275605,,9.350528671348002e-06,,3834.5095672867096,19068.118548802177,-2.4297708023368614e-06,0.0,3834.5095672867096,1.323132892139256e-08,11935.092672275605,,200,114,,114,,-33.715654301130165
200,,-77.31225954681987,,,,0.275,0.0,,0.275,,,16784.764477569483,0.0,78690.46783015347,5.694490909576416,78690.46783015347,,,,,,115,9280000,-1.7054917407222092e-06,,11158.002881134988,,2.9989489576109918e-06,,3568.34978555348,16784.764477569483,-1.7097399904741906e-06,0.0,3568.34978555348,4.248249751981348e-09,11158.002881134988,,200,115,,115,,-77.31225954681987
200,,-29.672788332765723,,,,0.25,0.0,,0.25,,,15150.018258853339,0.0,63936.8832229681,5.694785118103027,63936.8832229681,,,,,,116,9360000,5.506776687980164e-07,,10595.153278415133,,1.6621058875898598e-06,,3565.8404291281017,15150.018258853339,5.483240670400846e-07,0.0,3565.8404291281017,2.353601757931756e-09,10595.153278415133,,200,116,,116,,-29.672788332765723
200,,-25.883066196519703,,,,0.295,0.0,,0.295,,,16182.329418082274,0.0,76025.55801568205,5.694265365600586,76025.55801568205,,,,,,117,9440000,-9.298970553572872e-07,,11770.692712738692,,2.8184090297145303e-06,,4006.6419081014146,16182.329418082274,-9.338760946775437e-07,0.0,4006.6419081014146,3.979039320256561e-09,11770.692712738692,,200,117,,117,,-25.883066196519703
200,,-39.16007733769475,,,,0.24,0.0,,0.24,,,16040.209666129962,0.0,73689.27001942828,5.695312023162842,73689.27001942828,,,,,,118,9520000,2.0612237676687073e-06,,11478.393489957083,,3.2456046028528363e-06,,3718.3621969085125,16040.209666129962,2.0566319562931312e-06,0.0,3718.3621969085125,4.5918113755760714e-09,11478.393489957083,,200,118,,118,,-39.16007733769475
200,,-35.34222347235887,,,,0.2,0.0,,0.2,,,16813.644960778478,0.0,69106.86792681276,5.693084716796875,69106.86792681276,,,,,,119,9600000,-3.917818048648769e-06,,11374.932602327219,,9.382199095853139e-06,,3818.9496379802094,16813.644960778478,-3.9310898500843905e-06,0.0,3818.9496379802094,1.3271801435621455e-08,11374.932602327219,,200,119,,119,,-35.34222347235887
200,0.18,-37.327692356885485,50,0.0,11209.536665827709,0.265,0.0,0.0,0.265,16919.991025344138,0.18,16424.317197604087,0.0,88619.27832057967,5.691093444824219,88619.27832057967,50,12,-24.36869376907169,11209.536665827709,90207.7724025463,120,9680000,-2.155364427380846e-06,12,11660.709066158619,90207.7724025463,4.888181138085201e-06,11209.536665827703,3807.802770945082,16424.317197604087,-2.162272494388162e-06,0.0,3807.802770945082,6.9080670073162764e-09,11660.709066158619,11209.536665827703,200,120,16919.991025344138,120,-24.36869376907169,-37.327692356885485
200,,-25.46243475388101,,,,0.17,0.0,,0.17,,,12535.552036985086,0.0,74780.28449958762,5.687736511230469,74780.28449958762,,,,,,121,9760000,-4.07279276259942e-06,,8294.197707688694,,1.1173369784955867e-05,,2826.7647763800214,12535.552036985086,-4.088612968189409e-06,0.0,2826.7647763800214,1.58202055899892e-08,8294.197707688694,,200,121,,121,,-25.46243475388101
200,,-33.41346201240842,,,,0.26,0.0,,0.26,,,16189.162565201728,0.0,72981.9968426267,5.685774326324463,72981.9968426267,,,,,,122,9840000,-2.912150648626266e-06,,11122.405400330616,,4.883940164290834e-06,,3720.814711713268,16189.162565201728,-2.9190880468377145e-06,0.0,3720.814711713268,6.937398211448453e-09,11122.405400330616,,200,122,,122,,-33.41346201240842
200,,-37.330787211108884,,,,0.27,0.0,,0.27,,,18375.20443595839,0.0,89734.35560268235,5.685684680938721,89734.35560268235,,,,,,123,9920000,-1.3708593371575262e-07,,14454.950046486561,,1.091004037334642e-06,,4743.780646158519,18375.20443595839,-1.3865238202015462e-07,0.0,4743.780646158519,1.5664483044020017e-09,14454.950046486561,,200,123,,123,,-37.330787211108884
200,,-35.316244722976364,,,,0.26,0.0,,0.26,,,14928.506577567145,0.0,62187.4602787956,5.685752868652344,62187.4602787956,,,,,,124,10000000,1.1754961803944752e-07,,11534.922042163736,,1.0363693263570894e-06,,3754.0546032596344,14928.506577567145,1.1607413341607753e-07,0.0,3754.0546032596344,1.4754846233699936e-09,11534.922042163736,,200,124,,124,,-35.316244722976364
200,,-32.0102195800307,,,,0.23,0.0,,0.23,,,18719.887678037994,0.0,73694.65519340524,5.696150779724121,73694.65519340524,,,,,,125,10080000,7.914566594990902e-06,,13653.080251932484,,4.8162717575905845e-05,,4406.523850527603,18719.887678037994,7.846286280255299e-06,0.0,4406.523850527603,6.828031473560259e-08,13653.080251932484,,200,125,,125,,-32.0102195800307
200,,-27.674161313418583,,,,0.27,0.0,,0.27,,,16232.34008081887,0.0,62086.262823282195,5.697190284729004,62086.262823282195,,,,,,126,10160000,2.9242769414850045e-06,,11534.646881606746,,1.3792744539387058e-05,,3867.5487958640606,16232.34008081887,2.904766688516247e-06,0.0,3867.5487958640606,1.9510252968757413e-08,11534.646881606746,,200,126,,126,,-27.674161313418583
200,,-50.18191163244257,,,,0.265,0.0,,0.265,,,17437.721919684016,0.0,85291.85238572877,5.697127819061279,85291.85238572877,,,,,,127,10240000,-2.2931730825348495e-07,,11422.645945126402,,3.6665337574959267e-06,,3683.1916970929724,17437.721919684016,-2.3450070330000017e-07,0.0,3683.1916970929724,5.183395046515216e-09,11422.645945126402,,200,127,,127,,-50.18191163244257
200,,-57.96081602634818,,,,0.26,0.0,,0.26,,,15634.04885094612,0.0,60747.824907485716,5.696913242340088,60747.824907485716,,,,,,128,10320000,-7.652384965695092e-07,,12531.760833319982,,1.9237388642068254e-06,,4247.213200815443,15634.04885094612,-7.679798841309093e-07,0.0,4247.213200815443,2.741387561400188e-09,12531.760833319982,,200,128,,128,,-57.96081602634818
200,,-33.71633867779516,,,,0.235,0.0,,0.235,,,18152.47592520491,0.0,94598.40625117981,5.6974873542785645,94598.40625117981,,,,,,129,10400000,1.1126202252853545e-06,,12656.295314059336,,2.8991157705604564e-06,,4132.77275850486,18152.47592520491,1.1085199957960867e-06,0.0,4132.77275850486,4.100229489267804e-09,12656.295314059336,,200,129,,129,,-33.71633867779516
200,0.1,-61.61581104531548,50,0.0,11984.104699548487,0.235,0.0,0.0,0.235,16809.946698204036,0.1,14198.960333631278,0.0,59295.878814787844,5.6932244300842285,59295.878814787844,50,13,-24.154185675463623,11984.104699548487,60452.58320224085,130,10480000,-3.643784339146805e-06,13,9722.27143212331,60452.58320224085,2.188603139074985e-05,11984.10469954849,3394.8841537623466,14198.960333631278,-3.6748292586707976e-06,0.0,3394.8841537623466,3.1044919523992576e-08,9722.27143212331,11984.10469954849,200,130,16809.946698204036,130,-24.154185675463623,-61.61581104531548
200,,-46.30356923367409,,,,0.23,0.0,,0.23,,,15185.426470902194,0.0,78218.43414295786,5.6926960945129395,78218.43414295786,,,,,,131,10560000,-1.6528131254744949e-06,,10665.392983734868,,1.4520909644488711e-05,,3594.756490840861,15185.426470902194,-1.673375095379015e-06,0.0,3594.756490840861,2.0561969904520083e-08,10665.392983734868,,200,131,,131,,-46.30356923367409
200,,-29.12452443799469,,,,0.22,0.0,,0.22,,,15213.561483758487,0.0,74463.80105165167,5.690277576446533,74463.80105165167,,,,,,132,10640000,-2.164482339139795e-06,,10804.365631575527,,1.4674218618893065e-05,,3772.5558656096296,15213.561483758487,-2.185257471865043e-06,0.0,3772.5558656096296,2.0775132725248113e-08,10804.365631575527,,200,132,,132,,-29.12452443799469
200,,-34.32792627038254,,,,0.285,0.0,,0.285,,,17831.099129284008,0.0,78148.99371249891,5.689187049865723,78148.99371249891,,,,,,133,10720000,-3.2629206998535665e-06,,12791.5145933037,,7.285323135874933e-06,,4327.252630107271,17831.099129284008,-3.2732368708821014e-06,0.0,4327.252630107271,1.0316171028534882e-08,12791.5145933037,,200,133,,133,,-34.32792627038254
200,,-24.8524588887207,,,,0.335,0.0,,0.335,,,15953.910403843847,0.0,79278.73511830613,5.691836833953857,79278.73511830613,,,,,,134,10800000,2.877657152566826e-06,,11631.048294583055,,7.970305887283757e-06,,3945.0874653803935,15953.910403843847,2.8663794182648417e-06,0.0,3945.0874653803935,1.127773430198431e-08,11631.048294583055,,200,134,,134,,-24.8524588887207
200,,-31.365822502462713,,,,0.235,0.0,,0.235,,,15062.10469655432,0.0,70128.35054629648,5.703865051269531,70128.35054629648,,,,,,135,10880000,7.635554538865108e-06,,10495.735061521018,,0.00017733298591338098,,3334.5735188128187,15062.10469655432,7.382319836324314e-06,0.0,3334.5735188128187,2.532347025407944e-07,10495.735061521018,,200,135,,135,,-31.365822502462713
200,,-48.41663887657927,,,,0.185,0.0,,0.185,,,16479.16170495991,0.0,67802.20812519133,5.7043070793151855,67802.20812519133,,,,,,136,10960000,9.117098898059339e-07,,10917.941122809774,,4.833068942389218e-06,,3499.7744357796264,16479.16170495991,9.04876003460231e-07,0.0,3499.7744357796264,6.833886345702922e-09,10917.941122809774,,200,136,,136,,-48.41663887657927
200,,-36.83051011426849,,,,0.34,0.0,,0.34,,,16295.977148500513,0.0,61875.8614917632,5.7042717933654785,61875.8614917632,,,,,,137,11040000,-1.341327049431129e-07,,12850.24552734563,,7.444734364980832e-06,,4293.70241378729,16295.977148500513,-1.446659467774225e-07,0.0,4293.70241378729,1.0533241834309592e-08,12850.24552734563,,200,137,,137,,-36.83051011426849
200,,-26.759435940921247,,,,0.335,0.0,,0.335,,,16593.85945862656,0.0,76360.94123505453,5.704497337341309,76360.94123505453,,,,,,138,11120000,5.821669901706628e-07,,11598.469742512267,,5.461953378471662e-07,,3923.9097614636207,16593.85945862656,5.813934649268049e-07,0.0,3923.9097614636207,7.735252438578755e-10,11598.469742512267,,200,138,,138,,-26.759435940921247
200,,-36.18253022571691,,,,0.285,0.0,,0.285,,,19932.34287121252,0.0,106920.16122634812,5.7031569480896,106920.16122634812,,,,,,139,11200000,-1.1388289067326696e-06,,13261.84578059596,,0.00022136373445391655,,4268.964400951516,19932.34287121252,-1.4553377241099952e-06,0.0,4268.964400951516,3.165088173773256e-07,13261.84578059596,,200,139,,139,,-36.18253022571691
200,0.32,-58.63061779340171,50,0.0,15286.848428090363,0.25,0.0,0.0,0.25,17118.433393843974,0.32,13700.687253908241,0.0,63363.60870328433,5.7024617195129395,63363.60870328433,50,14,-22.094162528755497,15286.848428090363,64282.35633208213,140,11280000,-1.1911611181858461e-06,14,11235.596002149945,64282.35633208213,1.0103087333845906e-05,15286.848428090369,3797.6704194864333,13700.687253908241,-1.2054890703439014e-06,0.0,3797.6704194864333,1.4327952158055268e-08,11235.596002149945,15286.848428090369,200,140,17118.433393843974,140,-22.094162528755497,-58.63061779340171
200,,-36.45362387105178,,,,0.305,0.0,,0.305,,,18264.67438128295,0.0,79111.32634787557,5.702162742614746,79111.32634787557,,,,,,141,11360000,-7.184797823356348e-07,,14889.427675720211,,1.7866275356936967e-06,,4810.179861570766,18264.67438128295,-7.210256853795727e-07,0.0,4810.179861570766,2.5459030439378694e-09,14889.427675720211,,200,141,,141,,-36.45362387105178
200,,-56.17325795254652,,,,0.245,0.0,,0.245,,,17700.961058253124,0.0,83463.57752452299,5.701411724090576,83463.57752452299,,,,,,142,11440000,-1.5565659623462125e-06,,13667.480333416448,,3.665796157292789e-06,,4357.440044416906,17700.961058253124,-1.561781573400367e-06,0.0,4357.440044416906,5.215611054154579e-09,13667.480333416448,,200,142,,142,,-56.17325795254652
200,,-26.62767381928476,,,,0.225,0.0,,0.225,,,14304.8597638531,0.0,61259.609419163455,5.7006964683532715,61259.609419163455,,,,,,143,11520000,-1.2342843547230586e-06,,10387.323218842446,,4.001965862698853e-06,,3565.799362088629,14304.8597638531,-1.2399477782309987e-06,0.0,3565.799362088629,5.663423507940024e-09,10387.323218842446,,200,143,,143,,-26.62767381928476
200,,-28.64234604184051,,,,0.23,0.0,,0.23,,,17160.866593885796,0.0,79314.34486321756,5.70020866394043,79314.34486321756,,,,,,144,11600000,-1.0619785371090984e-06,,12023.783024823037,,2.628551783345756e-06,,4009.886953062531,17160.866593885796,-1.0657274742698064e-06,0.0,4009.886953062531,3.74893716070801e-09,12023.783024823037,,200,144,,144,,-28.64234604184051
200,,-27.91217450003773,,,,0.235,0.0,,0.235,,,15713.826776337899,0.0,75589.9798562694,5.699934959411621,75589.9798562694,,,,,,145,11680000,-7.19065724297252e-07,,11547.19856494745,,6.606775286854827e-07,,3732.495076527181,15713.826776337899,-7.200216032288154e-07,0.0,3732.495076527181,9.558789315633476e-10,11547.19856494745,,200,145,,145,,-27.91217450003773
200,,-27.25008173325589,,,,0.225,0.0,,0.225,,,15759.23601309166,0.0,89093.7399622853,5.698381423950195,89093.7399622853,,,,,,146,11760000,-1.7702770946925739e-06,,9555.62677113701,,3.6542010093398858e-06,,3041.647685723809,15759.23601309166,-1.7754515511114732e-06,0.0,3041.647685723809,5.174456418899354e-09,9555.62677113701,,200,146,,146,,-27.25008173325589
200,,-31.399577938583047,,,,0.27,0.0,,0.27,,,14523.984416675588,0.0,63685.714937619865,5.6988654136657715,63685.714937619865,,,,,,147,11840000,1.2096197679056786e-06,,11386.037203646181,,6.664097782049794e-06,,3951.843558272775,14523.984416675588,1.2001693221463938e-06,0.0,3951.843558272775,9.450445759284776e-09,11386.037203646181,,200,147,,147,,-31.399577938583047
200,,-51.400698282940084,,,,0.22,0.0,,0.22,,,16049.020741314938,0.0,83933.67942519869,5.694221496582031,83933.67942519869,,,,,,148,11920000,-3.712185844051419e-06,,10337.249389242934,,8.695345968590118e-06,,3455.8424058070914,16049.020741314938,-3.7244892610033276e-06,0.0,3455.8424058070914,1.230341695190873e-08,10337.249389242934,,200,148,,148,,-51.400698282940084
200,,-70.84339486915887,,,,0.255,0.0,,0.255,,,15817.886372791429,0.0,68893.22039925848,5.693941593170166,68893.22039925848,,,,,,149,12000000,-5.80561959395709e-07,,11129.898732883614,,1.342248424407444e-06,,3838.129033064424,15817.886372791429,-5.824713866786624e-07,0.0,3838.129033064424,1.909427282953402e-09,11129.898732883614,,200,149,,149,,-70.84339486915887
200,0.24,-38.437184253547514,50,0.0,11262.735565630826,0.26,0.0,0.0,0.26,15894.27974935169,0.24,15494.733805123886,0.0,80589.11207357337,5.693893909454346,80589.11207357337,50,15,-25.14819193194481,11262.735565630826,54966.33681616004,150,12080000,-1.3626944905809069e-07,15,11516.363362792377,54966.33681616004,1.9662397789943498e-06,11262.735565630826,3917.127277880337,15494.733805123886,-1.390734922779302e-07,0.0,3917.127277880337,2.8040432198395138e-09,11516.363362792377,11262.735565630826,200,150,15894.27974935169,150,-25.14819193194481,-38.437184253547514
200,,-37.7718395984863,,,,0.255,0.0,,0.255,,,15851.712939542864,0.0,70542.56810284707,5.69293737411499,70542.56810284707,,,,,,151,12160000,-1.9001469127033488e-06,,11778.433190300451,,3.1073068385012448e-06,,4016.2005734903296,15851.712939542864,-1.9045482986257412e-06,0.0,4016.2005734903296,4.401385922392365e-09,11778.433190300451,,200,151,,151,,-37.7718395984863
200,,-52.276197076965495,,,,0.225,0.0,,0.225,,,17232.96782797023,0.0,91902.16242475799,5.691922187805176,91902.16242475799,,,,,,152,12240000,-1.0813125754793873e-06,,10940.86084957707,,5.321705884853145e-06,,3624.0781275899044,17232.96782797023,-1.0888599035752122e-06,0.0,3624.0781275899044,7.547328095824923e-09,10940.86084957707,,200,152,,152,,-52.276197076965495
200,,-66.97684004567365,,,,0.25,0.0,,0.25,,,15542.583695890738,0.0,83529.76985626313,5.691961765289307,83529.76985626313,,,,,,153,12320000,4.6706965406428935e-08,,10526.491900999077,,1.0447091881360393e-05,,3670.5007564123453,15542.583695890738,3.191680519876172e-08,0.0,3670.5007564123453,1.4790160207667213e-08,10526.491900999077,,200,153,,153,,-66.97684004567365
200,,-58.338708932624705,,,,0.285,0.0,,0.285,,,17222.054350549453,0.0,80330.12262176722,5.6913533210754395,80330.12262176722,,,,,,154,12400000,-6.012070912220224e-07,,12419.936440506104,,1.0266636309097521e-05,,4141.391659342709,17222.054350549453,-6.157487746349943e-07,0.0,4141.391659342709,1.4541683412971906e-08,12419.936440506104,,200,154,,154,,-58.338708932624705
200,,-33.353468578468714,,,,0.28,0.0,,0.28,,,16150.018656749966,0.0,62898.45256386037,5.691811561584473,62898.45256386037,,,,,,155,12480000,1.1469701348687522e-06,,13033.340606288613,,7.617627488798462e-07,,4563.8594034289645,16150.018656749966,1.145864757745585e-06,0.0,4563.8594034289645,1.1053771231672727e-09,13033.340606288613,,200,155,,155,,-33.353468578468714
200,,-24.955786680541042,,,,0.255,0.0,,0.255,,,15137.239997062417,0.0,87590.09464570212,5.682428359985352,87590.09464570212,,,,,,156,12560000,-8.392245035793167e-06,,11267.441826128972,,0.00361652416177094,,3944.8261943748,15137.239997062417,-1.4638784705311991e-05,0.0,3944.8261943748,6.246539669518825e-06,11267.441826128972,,200,156,,156,,-24.955786680541042
200,,-28.173325646303972,,,,0.27,0.0,,0.27,,,17633.15876750187,0.0,96330.26362879711,5.682849407196045,96330.26362879711,,,,,,157,12640000,9.243420322491147e-07,,11421.229064867299,,2.7556880013435148e-06,,3687.48574419813,17633.15876750187,9.204306365973025e-07,0.0,3687.48574419813,3.9113956518121995e-09,11421.229064867299,,200,157,,157,,-28.173325646303972
200,,-55.66301752674181,,,,0.25,0.0,,0.25,,,18281.946512657978,0.0,87034.92539111075,5.682249069213867,87034.92539111075,,,,,,158,12720000,-1.6195760963455541e-06,,12483.358220382761,,4.83661460748408e-06,,4073.344592453314,18281.946512657978,-1.6264096984741627e-06,0.0,4073.344592453314,6.833602128608618e-09,12483.358220382761,,200,158,,158,,-55.66301752674181
200,,-25.654960945870886,,,,0.285,0.0,,0.285,,,16767.312691516174,0.0,83092.89226234428,5.681578636169434,83092.89226234428,,,,,,159,12800000,-1.3820783806295367e-06,,12483.22372291584,,8.552059625799302e-06,,4038.029444981718,16767.312691516174,-1.394203081872547e-06,0.0,4038.029444981718,1.212470124301035e-08,12483.22372291584,,200,159,,159,,-25.654960945870886
200,0.36,-53.819098311128975,50,0.0,16425.50270317416,0.28,0.0,0.0,0.28,17912.457027797063,0.36,16721.868819642827,0.0,72166.33779529647,5.681702613830566,72166.33779529647,50,16,-24.22023982574121,16425.50270317416,54553.02187837676,160,12880000,1.953710579982726e-07,16,10405.878058399332,54553.02187837676,1.0090734576806426e-05,16425.502703174163,3343.438586455464,16721.868819642827,1.810854399764139e-07,0.0,3343.438586455464,1.4285618021858681e-08,10405.878058399332,16425.502703174163,200,160,17912.457027797063,160,-24.22023982574121,-53.819098311128975
200,,-26.692046481571936,,,,0.295,0.0,,0.295,,,16543.372427694674,0.0,73167.35060549644,5.6799187660217285,73167.35060549644,,,,,,161,12960000,-2.671237552931416e-06,,11990.692371285953,,5.047761987952981e-06,,3894.866643971109,16543.372427694674,-2.6783777684613597e-06,0.0,3894.866643971109,7.140215529943816e-09,11990.692371285953,,200,161,,161,,-26.692046481571936
200,,-50.092802429575606,,,,0.305,0.0,,0.305,,,13982.950902478395,0.0,62812.045089795036,5.680030822753906,62812.045089795036,,,,,,162,13040000,3.0524111593877024e-07,,9503.754728079615,,2.7032053822040325e-06,,3064.776307548437,13982.950902478395,3.014260414602177e-07,0.0,3064.776307548437,3.81507447855256e-09,9503.754728079615,,200,162,,162,,-50.092802429575606
200,,-41.196744934183805,,,,0.335,0.0,,0.335,,,17329.308600027856,0.0,93957.57885963739,5.688178539276123,93957.57885963739,,,,,,163,13120000,5.821045306220185e-06,,12543.25039446093,,2.3603961381013505e-05,,4070.464455884098,17329.308600027856,5.7875986385624856e-06,0.0,4070.464455884098,3.3446667657699436e-08,12543.25039446093,,200,163,,163,,-41.196744934183805
200,,-70.59765515851367,,,,0.31,0.0,,0.31,,,16929.14162475712,0.0,83195.88370944206,5.700296878814697,83195.88370944206,,,,,,164,13200000,7.581114914501086e-06,,11386.540281952988,,0.0001305658952333033,,3555.590351999997,16929.14162475712,7.394223757728469e-06,0.0,3555.590351999997,1.8689115677261725e-07,11386.540281952988,,200,164,,164,,-70.59765515851367
