MetaTest/pick-out-of-hole-v1/Iteration,TotalEnvSteps,MetaTest/pick-out-of-hole-v1/StdReturn,MetaTest/Average/StdReturn,MetaTest/pick-out-of-hole-v1/MinReturn,MetaTrain/Average/ContrastiveLoss,MetaTest/pick-out-of-hole-v1/SuccessRate,MetaTest/pick-out-of-hole-v1/NumTrajs,MetaTrain/Average/Alpha,MetaTest/pick-out-of-hole-v1/MaxReturn,MetaTest/Average/MinReturn,MetaTest/Average/TerminationRate,MetaTrain/Average/QfLoss,MetaTest/Average/SuccessRate,MetaTest/Average/NumTrajs,MetaTrain/Average/AlphaLoss,MetaTest/pick-out-of-hole-v1/AverageDiscountedReturn,MetaTest/pick-out-of-hole-v1/TerminationRate,MetaTest/pick-out-of-hole-v1/AverageReturn,MetaTest/Average/Iteration,MetaTest/Average/AverageReturn,MetaTest/Average/AverageDiscountedReturn,MetaTrain/Average/PolicyLoss,MetaTest/Average/MaxReturn
0,224000,2.451398713901941,2.451398713901941,-46.24328903029161,8.117611,0.0,10,nan,-36.524410468233626,-46.24328903029161,0.0,2.4404464,0.0,10,6.7238965,-41.62031567897009,0.0,-41.62031567897009,0,-41.62031567897009,-41.62031567897009,11.368297,-36.524410468233626
1,248000,0.7158589586262171,0.7158589586262171,-36.35257160183403,7.72963,0.0,10,nan,-34.11829998746254,-36.35257160183403,0.0,6.1880803,0.0,10,6.6726875,-35.41384094386261,0.0,-35.41384094386261,1,-35.41384094386261,-35.41384094386261,36.600163,-34.11829998746254
2,272000,1.0531885881979033,1.0531885881979033,-34.88466046473812,7.6766386,0.0,10,nan,-31.28399818313875,-34.88466046473812,0.0,11.1153345,0.0,10,6.588641,-33.002869691761546,0.0,-33.002869691761546,2,-33.002869691761546,-33.002869691761546,53.131695,-31.28399818313875
3,296000,0.9108951075881173,0.9108951075881173,-32.200536962909226,7.4628906,0.0,10,nan,-29.241632867616136,-32.200536962909226,0.0,17.18718,0.0,10,6.4929047,-30.64817053610833,0.0,-30.648170536108335,3,-30.648170536108335,-30.64817053610833,61.41437,-29.241632867616136
4,320000,0.3566439904915268,0.3566439904915268,-24.629119386138665,7.3760247,0.0,10,nan,-23.265146614222505,-24.629119386138665,0.0,23.480927,0.0,10,6.403079,-23.9723143080862,0.0,-23.972314308086204,4,-23.972314308086204,-23.9723143080862,62.9255,-23.265146614222505
5,344000,0.37529426681716554,0.37529426681716554,-28.53779392026455,7.3863177,0.0,10,nan,-27.307968213028055,-28.53779392026455,0.0,28.893871,0.0,10,6.3304725,-27.88217644560989,0.0,-27.882176445609893,5,-27.882176445609893,-27.88217644560989,58.473743,-27.307968213028055
6,368000,0.20737592601099125,0.20737592601099125,-28.403338762751748,7.44302,0.0,10,nan,-27.615139625112207,-28.403338762751748,0.0,33.759174,0.0,10,6.2723966,-28.06650118073954,0.0,-28.066501180739532,6,-28.066501180739532,-28.06650118073954,52.13689,-27.615139625112207
7,392000,0.1306506202459772,0.1306506202459772,-27.695227630681337,7.48316,0.0,10,nan,-27.252595583529498,-27.695227630681337,0.0,37.664467,0.0,10,6.228318,-27.435721246818407,0.0,-27.4357212468184,7,-27.4357212468184,-27.435721246818407,46.094727,-27.252595583529498
8,416000,0.0806849702672918,0.0806849702672918,-29.42923957825053,7.492258,0.0,10,nan,-29.138778288741324,-29.42923957825053,0.0,40.82312,0.0,10,6.194707,-29.26491069240571,0.0,-29.264910692405714,8,-29.264910692405714,-29.26491069240571,38.29337,-29.138778288741324
9,440000,0.08331507431983146,0.08331507431983146,-27.807418839013252,7.4944816,0.0,10,nan,-27.492777674221042,-27.807418839013252,0.0,43.31505,0.0,10,6.1705313,-27.61888622534961,0.0,-27.61888622534962,9,-27.61888622534962,-27.61888622534961,32.56645,-27.492777674221042
10,464000,0.09062161363723648,0.09062161363723648,-25.57299370859754,7.511172,0.0,10,nan,-25.209335005937497,-25.57299370859754,0.0,45.07049,0.0,10,6.153832,-25.37298858068386,0.0,-25.372988580683863,10,-25.372988580683863,-25.37298858068386,27.60858,-25.209335005937497
11,488000,0.08998621370520778,0.08998621370520778,-24.619574705314655,7.4926844,0.0,10,nan,-24.324845135112554,-24.619574705314655,0.0,45.146606,0.0,10,6.15591,-24.446391447824237,0.0,-24.446391447824233,11,-24.446391447824233,-24.446391447824237,20.901762,-24.324845135112554
12,512000,0.0873325134088959,0.0873325134088959,-25.73337251737082,7.521904,0.0,10,nan,-25.4628249557222,-25.73337251737082,0.0,45.32393,0.0,10,6.159913,-25.608748964710305,0.0,-25.608748964710305,12,-25.608748964710305,-25.608748964710305,14.145744,-25.4628249557222
13,536000,0.1917378687814926,0.1917378687814926,-25.190766725554074,7.5154443,0.0,10,nan,-24.499242063315005,-25.190766725554074,0.0,45.11335,0.0,10,6.1601048,-24.871335855506693,0.0,-24.871335855506693,13,-24.871335855506693,-24.871335855506693,7.677241,-24.499242063315005
14,560000,0.11751351619029894,0.11751351619029894,-24.403290881832685,7.5137167,0.0,10,nan,-23.939938028067115,-24.403290881832685,0.0,44.105408,0.0,10,6.1729736,-24.21117931793847,0.0,-24.21117931793847,14,-24.21117931793847,-24.21117931793847,1.0076761,-23.939938028067115
15,584000,0.08226761007563416,0.08226761007563416,-24.415696284935134,7.5966907,0.0,10,nan,-24.115546536097792,-24.415696284935134,0.0,43.380962,0.0,10,6.1783414,-24.302809779180016,0.0,-24.302809779180013,15,-24.302809779180013,-24.302809779180016,-4.364637,-24.115546536097792
16,608000,0.06198136918602389,0.06198136918602389,-24.14874516098865,7.5654416,0.0,10,nan,-23.936168092773155,-24.14874516098865,0.0,43.14895,0.0,10,6.1886854,-24.066485164573503,0.0,-24.066485164573503,16,-24.066485164573503,-24.066485164573503,-9.588028,-23.936168092773155
17,632000,0.13412986364546883,0.13412986364546883,-27.296844959329377,7.523753,0.0,10,nan,-26.840533893700606,-27.296844959329377,0.0,42.63123,0.0,10,6.185674,-27.06493179173247,0.0,-27.06493179173247,17,-27.06493179173247,-27.06493179173247,-13.946334,-26.840533893700606
18,656000,0.12043441748234293,0.12043441748234293,-24.022687447883012,7.5130725,0.0,10,nan,-23.59264242534415,-24.022687447883012,0.0,42.294655,0.0,10,6.1915264,-23.810123880044774,0.0,-23.810123880044777,18,-23.810123880044777,-23.810123880044774,-17.580336,-23.59264242534415
19,680000,0.06004629988537747,0.06004629988537747,-26.07990917669497,7.525832,0.0,10,nan,-25.88589856673645,-26.07990917669497,0.0,41.379757,0.0,10,6.201988,-25.99412659712555,0.0,-25.99412659712555,19,-25.99412659712555,-25.99412659712555,-22.51246,-25.88589856673645
20,704000,0.04904834686291301,0.04904834686291301,-25.222629546861192,7.5500097,0.0,10,nan,-25.0584173820103,-25.222629546861192,0.0,40.011673,0.0,10,6.2139764,-25.145258797391172,0.0,-25.14525879739117,20,-25.14525879739117,-25.145258797391172,-27.594683,-25.0584173820103
21,728000,0.08695266393395405,0.08695266393395405,-25.274681494083207,7.5698767,0.0,10,nan,-25.034379630803418,-25.274681494083207,0.0,39.146103,0.0,10,6.2254868,-25.15102029538677,0.0,-25.151020295386765,21,-25.151020295386765,-25.15102029538677,-31.45336,-25.034379630803418
22,752000,0.047228930904296626,0.047228930904296626,-25.162224219583507,7.573706,0.0,10,nan,-24.97387507380562,-25.162224219583507,0.0,39.030945,0.0,10,6.231217,-25.068251017487352,0.0,-25.068251017487345,22,-25.068251017487345,-25.068251017487352,-34.303787,-24.97387507380562
23,776000,0.08249683955215793,0.08249683955215793,-23.0445486158755,7.5682263,0.0,10,nan,-22.784455103662676,-23.0445486158755,0.0,38.18711,0.0,10,6.2392383,-22.912201932321814,0.0,-22.912201932321814,23,-22.912201932321814,-22.912201932321814,-37.18794,-22.784455103662676
24,800000,0.10334293942803177,0.10334293942803177,-23.285522348839063,7.5637684,0.0,10,nan,-22.98058899159489,-23.285522348839063,0.0,37.28005,0.0,10,6.2483387,-23.09126506917386,0.0,-23.091265069173858,24,-23.091265069173858,-23.09126506917386,-40.27897,-22.98058899159489
25,824000,0.20288537219472533,0.20288537219472533,-24.11353318913362,7.549148,0.0,10,nan,-23.42062816205819,-24.11353318913362,0.0,37.013523,0.0,10,6.256636,-23.65579439418099,0.0,-23.655794394180987,25,-23.655794394180987,-23.65579439418099,-43.185555,-23.42062816205819
26,848000,0.10167435355188467,0.10167435355188467,-23.173210888752884,7.5432005,0.0,10,nan,-22.820747665253055,-23.173210888752884,0.0,35.910187,0.0,10,6.263667,-22.98738512689872,0.0,-22.987385126898715,26,-22.987385126898715,-22.98738512689872,-46.330338,-22.820747665253055
27,872000,0.08298519055286009,0.08298519055286009,-23.547421364378415,7.538319,0.0,10,nan,-23.30232558254679,-23.547421364378415,0.0,35.35813,0.0,10,6.2753353,-23.438348706421912,0.0,-23.438348706421912,27,-23.438348706421912,-23.438348706421912,-49.124573,-23.30232558254679
28,896000,0.11845367873060447,0.11845367873060447,-22.69777271233554,7.548994,0.0,10,nan,-22.265057853983752,-22.69777271233554,0.0,34.377956,0.0,10,6.2806573,-22.53214596427972,0.0,-22.53214596427972,28,-22.53214596427972,-22.53214596427972,-51.8123,-22.265057853983752
29,920000,0.08808392639614274,0.08808392639614274,-24.54128543188321,7.5612807,0.0,10,nan,-24.215039464138517,-24.54128543188321,0.0,33.81771,0.0,10,6.288847,-24.3451428597481,0.0,-24.345142859748094,29,-24.345142859748094,-24.3451428597481,-54.301144,-24.215039464138517
30,944000,0.09642102313896979,0.09642102313896979,-24.15657178505623,7.5463033,0.0,10,nan,-23.868137432391592,-24.15657178505623,0.0,33.376522,0.0,10,6.293256,-24.039640966239816,0.0,-24.03964096623981,30,-24.03964096623981,-24.039640966239816,-56.061554,-23.868137432391592
31,968000,0.06675967063742319,0.06675967063742319,-23.50584807108079,7.5312476,0.0,10,nan,-23.26464287545315,-23.50584807108079,0.0,33.082874,0.0,10,6.2986317,-23.361746529728837,0.0,-23.36174652972884,31,-23.36174652972884,-23.361746529728837,-57.770817,-23.26464287545315
32,992000,0.08627475721867635,0.08627475721867635,-23.281562185235707,7.5323544,0.0,10,nan,-23.00868760954189,-23.281562185235707,0.0,32.57407,0.0,10,6.3029113,-23.13074486936095,0.0,-23.13074486936095,32,-23.13074486936095,-23.13074486936095,-59.854298,-23.00868760954189
33,1016000,0.05100244592246029,0.05100244592246029,-25.570850762023298,7.5456634,0.0,10,nan,-25.378049635124583,-25.570850762023298,0.0,32.10402,0.0,10,6.307737,-25.468302187307913,0.0,-25.468302187307902,33,-25.468302187307902,-25.468302187307913,-61.5381,-25.378049635124583
34,1040000,0.09550227247330498,0.09550227247330498,-23.98915787302328,7.5608697,0.0,10,nan,-23.658922096170965,-23.98915787302328,0.0,31.63943,0.0,10,6.3144026,-23.85448147807863,0.0,-23.854481478078633,34,-23.854481478078633,-23.85448147807863,-63.46301,-23.658922096170965
35,1064000,0.05111740783921918,0.05111740783921918,-23.46669767215859,7.5665936,0.0,10,nan,-23.27566830297594,-23.46669767215859,0.0,31.028894,0.0,10,6.322459,-23.349788117665746,0.0,-23.349788117665746,35,-23.349788117665746,-23.349788117665746,-65.33734,-23.27566830297594
36,1088000,0.05717339582528533,0.05717339582528533,-23.020380946801208,7.5773273,0.0,10,nan,-22.805158081203093,-23.020380946801208,0.0,30.735874,0.0,10,6.326971,-22.912811234191487,0.0,-22.912811234191487,36,-22.912811234191487,-22.912811234191487,-66.6284,-22.805158081203093
37,1112000,0.05608975911546987,0.05608975911546987,-23.84791599420145,7.573969,0.0,10,nan,-23.668245783002426,-23.84791599420145,0.0,30.216991,0.0,10,6.332924,-23.729891161351198,0.0,-23.72989116135119,37,-23.72989116135119,-23.729891161351198,-68.27444,-23.668245783002426
38,1136000,0.07011126697569589,0.07011126697569589,-23.769791865643928,7.559426,0.0,10,nan,-23.54715538399055,-23.769791865643928,0.0,29.892548,0.0,10,6.3357177,-23.662186725648574,0.0,-23.662186725648574,38,-23.662186725648574,-23.662186725648574,-69.6967,-23.54715538399055
39,1160000,0.04350610302913354,0.04350610302913354,-23.742280078496897,7.5579433,0.0,10,nan,-23.59927262844727,-23.742280078496897,0.0,29.523182,0.0,10,6.345131,-23.687833366550564,0.0,-23.687833366550567,39,-23.687833366550567,-23.687833366550564,-71.20143,-23.59927262844727
40,1184000,0.03736528342385912,0.03736528342385912,-23.113909916246833,7.5455213,0.0,10,nan,-22.97662376250213,-23.113909916246833,0.0,28.996271,0.0,10,6.345165,-23.041192321365664,0.0,-23.041192321365656,40,-23.041192321365656,-23.041192321365664,-72.55611,-22.97662376250213
41,1208000,0.038868290409781535,0.038868290409781535,-23.08355525496802,7.5565557,0.0,10,nan,-22.938022363761803,-23.08355525496802,0.0,28.764372,0.0,10,6.3508906,-23.022328945068345,0.0,-23.022328945068345,41,-23.022328945068345,-23.022328945068345,-74.05667,-22.938022363761803
42,1232000,0.06887362906146026,0.06887362906146026,-23.281554093693607,7.569355,0.0,10,nan,-23.053579203187567,-23.281554093693607,0.0,28.319962,0.0,10,6.355889,-23.18156798078381,0.0,-23.181567980783818,42,-23.181567980783818,-23.18156798078381,-75.42865,-23.053579203187567
43,1256000,0.057167158015201266,0.057167158015201266,-24.480232425069364,7.5628853,0.0,10,nan,-24.28983543038197,-24.480232425069364,0.0,28.190079,0.0,10,6.3575177,-24.37685535924072,0.0,-24.37685535924072,43,-24.37685535924072,-24.37685535924072,-76.598076,-24.28983543038197
44,1280000,0.10796777296786467,0.10796777296786467,-23.642319873196033,7.563156,0.0,10,nan,-23.275729057985984,-23.642319873196033,0.0,27.637266,0.0,10,6.3621836,-23.457288035220166,0.0,-23.45728803522016,44,-23.45728803522016,-23.457288035220166,-78.13617,-23.275729057985984
45,1304000,0.04347825957356331,0.04347825957356331,-22.961957926950117,7.570206,0.0,10,nan,-22.82255116419555,-22.961957926950117,0.0,27.242188,0.0,10,6.3677225,-22.889434228966202,0.0,-22.8894342289662,45,-22.8894342289662,-22.889434228966202,-79.51126,-22.82255116419555
46,1328000,0.02711031862497595,0.02711031862497595,-24.140817897962386,7.5660386,0.0,10,nan,-24.045919834776758,-24.140817897962386,0.0,26.963312,0.0,10,6.3693566,-24.09911532910627,0.0,-24.09911532910627,46,-24.09911532910627,-24.09911532910627,-80.60506,-24.045919834776758
47,1352000,0.04936287698040918,0.04936287698040918,-23.79924223990789,7.5611086,0.0,10,nan,-23.657923446084002,-23.79924223990789,0.0,26.782167,0.0,10,6.374264,-23.714317859725945,0.0,-23.71431785972595,47,-23.71431785972595,-23.714317859725945,-81.860146,-23.657923446084002
48,1376000,0.09670319098417307,0.09670319098417307,-23.89487134446407,7.5661025,0.0,10,nan,-23.545118054417376,-23.89487134446407,0.0,26.37575,0.0,10,6.3787756,-23.6560837769945,0.0,-23.6560837769945,48,-23.6560837769945,-23.6560837769945,-83.02666,-23.545118054417376
49,1400000,0.04077904674026789,0.04077904674026789,-22.573728804811584,7.5654817,0.0,10,nan,-22.441499749241352,-22.573728804811584,0.0,25.977959,0.0,10,6.384162,-22.49307427135229,0.0,-22.493074271352295,49,-22.493074271352295,-22.49307427135229,-84.37501,-22.441499749241352
50,1424000,0.03763042811309349,0.03763042811309349,-22.525705484836,7.5521054,0.0,10,nan,-22.388497279554787,-22.525705484836,0.0,25.699625,0.0,10,6.385401,-22.440412762955624,0.0,-22.440412762955628,50,-22.440412762955628,-22.440412762955624,-85.599266,-22.388497279554787
51,1448000,0.07301717374058347,0.07301717374058347,-24.219248109916375,7.541051,0.0,10,nan,-23.95318108085805,-24.219248109916375,0.0,25.516066,0.0,10,6.3912573,-24.087888665255527,0.0,-24.087888665255527,51,-24.087888665255527,-24.087888665255527,-86.72869,-23.95318108085805
52,1472000,0.09418742510534062,0.09418742510534062,-22.829717061521848,7.5712724,0.0,10,nan,-22.513318830440493,-22.829717061521848,0.0,25.190367,0.0,10,6.3941355,-22.62899709774139,0.0,-22.62899709774139,52,-22.62899709774139,-22.62899709774139,-87.64745,-22.513318830440493
53,1496000,0.059292540571029374,0.059292540571029374,-22.48405877499054,7.5284567,0.0,10,nan,-22.286564680121547,-22.48405877499054,0.0,24.989086,0.0,10,6.3976207,-22.37901386303688,0.0,-22.379013863036885,53,-22.379013863036885,-22.37901386303688,-88.66878,-22.286564680121547
54,1520000,0.07354315486390954,0.07354315486390954,-23.39273741250469,7.5305567,0.0,10,nan,-23.16827678786633,-23.39273741250469,0.0,24.624214,0.0,10,6.400197,-23.299640847131666,0.0,-23.299640847131673,54,-23.299640847131673,-23.299640847131666,-89.74527,-23.16827678786633
55,1544000,0.03341019867444846,0.03341019867444846,-23.645298011452596,7.53952,0.0,10,nan,-23.549103454007746,-23.645298011452596,0.0,24.480124,0.0,10,6.403202,-23.590202388964496,0.0,-23.590202388964492,55,-23.590202388964492,-23.590202388964496,-90.56446,-23.549103454007746
56,1568000,0.04117678063501872,0.04117678063501872,-23.863534677774485,7.53699,0.0,10,nan,-23.717945311454233,-23.863534677774485,0.0,24.318266,0.0,10,6.405334,-23.79865412914227,0.0,-23.79865412914227,56,-23.79865412914227,-23.79865412914227,-91.3938,-23.717945311454233
57,1592000,0.06255676318813483,0.06255676318813483,-23.836318771041178,7.541423,0.0,10,nan,-23.628461379778606,-23.836318771041178,0.0,23.902775,0.0,10,6.4065385,-23.696404136780973,0.0,-23.696404136780963,57,-23.696404136780963,-23.696404136780973,-92.45097,-23.628461379778606
58,1616000,0.0756658498350164,0.0756658498350164,-23.304924537435042,7.5625033,0.0,10,nan,-23.029383047685332,-23.304924537435042,0.0,23.544107,0.0,10,6.4118133,-23.190393376778754,0.0,-23.190393376778754,58,-23.190393376778754,-23.190393376778754,-93.38132,-23.029383047685332
59,1640000,0.09084731383615614,0.09084731383615614,-23.68631302612537,7.5460596,0.0,10,nan,-23.404246349767355,-23.68631302612537,0.0,23.558464,0.0,10,6.4151015,-23.554201031168244,0.0,-23.55420103116824,59,-23.55420103116824,-23.554201031168244,-94.136955,-23.404246349767355
60,1664000,0.04724705759903489,0.04724705759903489,-23.061976164161194,7.5315566,0.0,10,nan,-22.873360741421934,-23.061976164161194,0.0,23.151114,0.0,10,6.4163713,-22.982502091199482,0.0,-22.982502091199482,60,-22.982502091199482,-22.982502091199482,-95.03325,-22.873360741421934
61,1688000,0.12051939199825913,0.12051939199825913,-22.70156985132763,7.5807495,0.0,10,nan,-22.222044606807412,-22.70156985132763,0.0,22.944738,0.0,10,6.4192324,-22.49021379978631,0.0,-22.490213799786314,61,-22.490213799786314,-22.49021379978631,-95.8627,-22.222044606807412
62,1712000,0.03124267272883446,0.03124267272883446,-23.47939481643518,7.5549784,0.0,10,nan,-23.381904310099333,-23.47939481643518,0.0,22.76825,0.0,10,6.4221926,-23.4390462066667,0.0,-23.439046206666696,62,-23.439046206666696,-23.4390462066667,-96.659065,-23.381904310099333
63,1736000,0.1283267809911202,0.1283267809911202,-22.710431126170718,7.5440373,0.0,10,nan,-22.265573064822444,-22.710431126170718,0.0,22.418037,0.0,10,6.4253917,-22.482092521947948,0.0,-22.482092521947955,63,-22.482092521947955,-22.482092521947948,-97.58055,-22.265573064822444
64,1760000,0.08480053628434192,0.08480053628434192,-22.85070446564902,7.5408993,0.0,10,nan,-22.58971566026748,-22.85070446564902,0.0,22.311716,0.0,10,6.427467,-22.70970919975873,0.0,-22.70970919975873,64,-22.70970919975873,-22.70970919975873,-98.407455,-22.58971566026748
65,1784000,0.0871944007252528,0.0871944007252528,-22.753089563699078,7.5423026,0.0,10,nan,-22.500944001712913,-22.753089563699078,0.0,22.1218,0.0,10,6.4310303,-22.611662596548193,0.0,-22.611662596548193,65,-22.611662596548193,-22.611662596548193,-99.12169,-22.500944001712913
66,1808000,0.04332378041021538,0.04332378041021538,-23.44492133565996,7.550139,0.0,10,nan,-23.291883070471172,-23.44492133565996,0.0,21.891907,0.0,10,6.434616,-23.387901546351074,0.0,-23.38790154635108,66,-23.38790154635108,-23.387901546351074,-99.7429,-23.291883070471172
67,1832000,0.08719974392865674,0.08719974392865674,-23.001537704583015,7.556229,0.0,10,nan,-22.73718063969883,-23.001537704583015,0.0,21.731478,0.0,10,6.4333544,-22.858520330994327,0.0,-22.85852033099433,67,-22.85852033099433,-22.858520330994327,-100.46778,-22.73718063969883
68,1856000,0.04799824725911499,0.04799824725911499,-23.08094643519737,7.5559688,0.0,10,nan,-22.930091579084984,-23.08094643519737,0.0,21.496967,0.0,10,6.436453,-23.007239127240517,0.0,-23.007239127240517,68,-23.007239127240517,-23.007239127240517,-101.16533,-22.930091579084984
69,1880000,0.09552666799327426,0.09552666799327426,-23.1404245579275,7.551153,0.0,10,nan,-22.873550460965788,-23.1404245579275,0.0,21.209738,0.0,10,6.439945,-23.009796717623487,0.0,-23.00979671762349,69,-23.00979671762349,-23.009796717623487,-101.818565,-22.873550460965788
70,1904000,0.0469028851558593,0.0469028851558593,-23.024106069015783,7.552276,0.0,10,nan,-22.87664227208056,-23.024106069015783,0.0,21.015266,0.0,10,6.443738,-22.956637360403306,0.0,-22.956637360403313,70,-22.956637360403313,-22.956637360403306,-102.49018,-22.87664227208056
71,1928000,0.020789997480544387,0.020789997480544387,-21.938296832133,7.5780735,0.0,10,nan,-21.87071800630454,-21.938296832133,0.0,20.821487,0.0,10,6.442117,-21.90705840057192,0.0,-21.907058400571916,71,-21.907058400571916,-21.90705840057192,-103.04888,-21.87071800630454
72,1952000,0.029182865109936677,0.029182865109936677,-22.22450629861873,7.592025,0.0,10,nan,-22.129727513684614,-22.22450629861873,0.0,20.803314,0.0,10,6.4466515,-22.172933180686048,0.0,-22.17293318068605,72,-22.17293318068605,-22.172933180686048,-103.66396,-22.129727513684614
73,1976000,0.05037144388443336,0.05037144388443336,-23.20234572398949,7.5823574,0.0,10,nan,-23.07111786889418,-23.20234572398949,0.0,20.423962,0.0,10,6.448259,-23.154839515767325,0.0,-23.15483951576733,73,-23.15483951576733,-23.154839515767325,-104.36008,-23.07111786889418
74,2000000,0.07467019154370305,0.07467019154370305,-23.10613856855144,7.55722,0.0,10,nan,-22.862042244248055,-23.10613856855144,0.0,20.356262,0.0,10,6.449962,-22.97649918182273,0.0,-22.976499181822724,74,-22.976499181822724,-22.97649918182273,-104.91378,-22.862042244248055
75,2024000,0.04269611735359386,0.04269611735359386,-23.107482019642298,7.5414453,0.0,10,nan,-22.94707539756224,-23.107482019642298,0.0,20.20536,0.0,10,6.449802,-23.03033545564304,0.0,-23.030335455643048,75,-23.030335455643048,-23.03033545564304,-105.385414,-22.94707539756224
76,2048000,0.11289513283843768,0.11289513283843768,-23.392239516088335,7.5480905,0.0,10,nan,-23.00440981729255,-23.392239516088335,0.0,20.139925,0.0,10,6.451701,-23.229962291430304,0.0,-23.22996229143031,76,-23.22996229143031,-23.229962291430304,-105.71522,-23.00440981729255
77,2072000,0.0650232327040201,0.0650232327040201,-22.45043306781375,7.535714,0.0,10,nan,-22.2247612887531,-22.45043306781375,0.0,19.974674,0.0,10,6.454715,-22.304732838387903,0.0,-22.304732838387906,77,-22.304732838387906,-22.304732838387903,-106.37617,-22.2247612887531
78,2096000,0.06177261656158202,0.06177261656158202,-22.814786238286164,7.552411,0.0,10,nan,-22.600538760037505,-22.814786238286164,0.0,19.7469,0.0,10,6.454811,-22.743528234472805,0.0,-22.74352823447281,78,-22.74352823447281,-22.743528234472805,-106.91685,-22.600538760037505
79,2120000,0.10203279609035186,0.10203279609035186,-23.159517071677612,7.5391173,0.0,10,nan,-22.892827245217106,-23.159517071677612,0.0,19.581675,0.0,10,6.4571295,-23.017421802341687,0.0,-23.017421802341683,79,-23.017421802341683,-23.017421802341687,-107.5232,-22.892827245217106
80,2144000,0.062186284203785816,0.062186284203785816,-22.616195599107936,7.540545,0.0,10,nan,-22.432427389917464,-22.616195599107936,0.0,19.484499,0.0,10,6.4584746,-22.521135531257578,0.0,-22.521135531257578,80,-22.521135531257578,-22.521135531257578,-107.92279,-22.432427389917464
81,2168000,0.02821831973855279,0.02821831973855279,-22.31440077094334,7.555209,0.0,10,nan,-22.201088939013975,-22.31440077094334,0.0,19.354551,0.0,10,6.460222,-22.25481356039831,0.0,-22.25481356039832,81,-22.25481356039832,-22.25481356039831,-108.363014,-22.201088939013975
82,2192000,0.09269324612664763,0.09269324612664763,-23.08736448981672,7.5299726,0.0,10,nan,-22.775431915551415,-23.08736448981672,0.0,19.279848,0.0,10,6.461392,-22.962529568965387,0.0,-22.962529568965387,82,-22.962529568965387,-22.962529568965387,-108.75527,-22.775431915551415
83,2216000,0.08401593548587612,0.08401593548587612,-22.035702597435886,7.529711,0.0,10,nan,-21.767231717190032,-22.035702597435886,0.0,19.260555,0.0,10,6.461927,-21.875774818618304,0.0,-21.875774818618304,83,-21.875774818618304,-21.875774818618304,-109.16847,-21.767231717190032
84,2240000,0.0835596405977414,0.0835596405977414,-22.28451626642082,7.53083,0.0,10,nan,-22.001045264525672,-22.28451626642082,0.0,19.100046,0.0,10,6.462496,-22.12963472071317,0.0,-22.129634720713167,84,-22.129634720713167,-22.12963472071317,-109.72839,-22.001045264525672
85,2264000,0.0366443662806343,0.0366443662806343,-22.41024071882228,7.5247684,0.0,10,nan,-22.293195422405553,-22.41024071882228,0.0,19.02759,0.0,10,6.4656024,-22.342276444515218,0.0,-22.342276444515218,85,-22.342276444515218,-22.342276444515218,-110.17088,-22.293195422405553
86,2288000,0.021999129981215,0.021999129981215,-22.424747896084675,7.520966,0.0,10,nan,-22.347678122162996,-22.424747896084675,0.0,19.018204,0.0,10,6.464424,-22.384327615649564,0.0,-22.38432761564956,86,-22.38432761564956,-22.384327615649564,-110.70525,-22.347678122162996
87,2312000,0.05875016334061102,0.05875016334061102,-22.664173699864506,7.521131,0.0,10,nan,-22.468578193295176,-22.664173699864506,0.0,18.907238,0.0,10,6.4678316,-22.573761036678427,0.0,-22.573761036678427,87,-22.573761036678427,-22.573761036678427,-111.11614,-22.468578193295176
88,2336000,0.09008857931415416,0.09008857931415416,-22.549772451679313,7.516495,0.0,10,nan,-22.265315021651734,-22.549772451679313,0.0,18.779846,0.0,10,6.467992,-22.388704857898478,0.0,-22.388704857898475,88,-22.388704857898475,-22.388704857898478,-111.44673,-22.265315021651734
89,2360000,0.06675119393608975,0.06675119393608975,-23.65565496066809,7.5241704,0.0,10,nan,-23.43289595992388,-23.65565496066809,0.0,18.635977,0.0,10,6.469851,-23.56076816502276,0.0,-23.560768165022765,89,-23.560768165022765,-23.56076816502276,-111.86918,-23.43289595992388
90,2384000,0.037598910867129846,0.037598910867129846,-22.434276005317273,7.5281005,0.0,10,nan,-22.32033713095232,-22.434276005317273,0.0,18.507912,0.0,10,6.4703894,-22.36688386243359,0.0,-22.3668838624336,90,-22.3668838624336,-22.36688386243359,-112.414474,-22.32033713095232
91,2408000,0.07182697359591168,0.07182697359591168,-22.735024432709327,7.5296617,0.0,10,nan,-22.5047650367159,-22.735024432709327,0.0,18.385715,0.0,10,6.4715705,-22.618803216756827,0.0,-22.618803216756838,91,-22.618803216756838,-22.618803216756827,-112.83131,-22.5047650367159
92,2432000,0.08502434059944684,0.08502434059944684,-22.509240883496886,7.5185847,0.0,10,nan,-22.19816328982822,-22.509240883496886,0.0,18.28978,0.0,10,6.4705715,-22.37286156399518,0.0,-22.372861563995176,92,-22.372861563995176,-22.37286156399518,-113.17852,-22.19816328982822
93,2456000,0.08683903803000163,0.08683903803000163,-22.903432969320686,7.517993,0.0,10,nan,-22.579292464113276,-22.903432969320686,0.0,18.186554,0.0,10,6.4742265,-22.751188240830107,0.0,-22.751188240830096,93,-22.751188240830096,-22.751188240830107,-113.62829,-22.579292464113276
94,2480000,0.06798636303981798,0.06798636303981798,-22.001827966235034,7.5245905,0.0,10,nan,-21.825332306188642,-22.001827966235034,0.0,18.007057,0.0,10,6.475096,-21.925317810704552,0.0,-21.925317810704563,94,-21.925317810704563,-21.925317810704552,-114.01051,-21.825332306188642
95,2504000,0.11743848448631959,0.11743848448631959,-22.42074221353343,7.530202,0.0,10,nan,-22.032032902839525,-22.42074221353343,0.0,17.979618,0.0,10,6.479175,-22.295776240401754,0.0,-22.29577624040175,95,-22.29577624040175,-22.295776240401754,-114.30199,-22.032032902839525
96,2528000,0.07725099820995897,0.07725099820995897,-22.905814329373882,7.532077,0.0,10,nan,-22.66685152653295,-22.905814329373882,0.0,17.894442,0.0,10,6.479142,-22.764036470109705,0.0,-22.76403647010971,96,-22.76403647010971,-22.764036470109705,-114.6113,-22.66685152653295
97,2552000,0.04559699024464485,0.04559699024464485,-22.536512383817655,7.535869,0.0,10,nan,-22.373310741010638,-22.536512383817655,0.0,17.744673,0.0,10,6.4784307,-22.45013057145683,0.0,-22.450130571456835,97,-22.450130571456835,-22.45013057145683,-115.02545,-22.373310741010638
98,2576000,0.05703469348853844,0.05703469348853844,-22.234152087721455,7.5374494,0.0,10,nan,-22.03391624215114,-22.234152087721455,0.0,17.790766,0.0,10,6.47931,-22.126576734433776,0.0,-22.12657673443377,98,-22.12657673443377,-22.126576734433776,-115.30251,-22.03391624215114
99,2600000,0.04391922915039105,0.04391922915039105,-23.133106918829366,7.542445,0.0,10,nan,-23.00397822185782,-23.133106918829366,0.0,17.731327,0.0,10,6.478747,-23.06580907640453,0.0,-23.06580907640453,99,-23.06580907640453,-23.06580907640453,-115.725235,-23.00397822185782
100,2624000,0.052679626447296575,0.052679626447296575,-22.147355376043663,7.5406456,0.0,10,nan,-21.943685228816772,-22.147355376043663,0.0,17.555597,0.0,10,6.47872,-22.041822051795613,0.0,-22.041822051795613,100,-22.041822051795613,-22.041822051795613,-115.977684,-21.943685228816772
101,2648000,0.07030486357883797,0.07030486357883797,-22.614955816351035,7.5316834,0.0,10,nan,-22.416846697730907,-22.614955816351035,0.0,17.418072,0.0,10,6.4800334,-22.542432508756793,0.0,-22.542432508756796,101,-22.542432508756796,-22.542432508756793,-116.259705,-22.416846697730907
102,2672000,0.11178529810019089,0.11178529810019089,-22.8110064340267,7.532595,0.0,10,nan,-22.38271155006904,-22.8110064340267,0.0,17.363707,0.0,10,6.4815106,-22.59172855043092,0.0,-22.591728550430915,102,-22.591728550430915,-22.59172855043092,-116.609406,-22.38271155006904
103,2696000,0.048938872391149045,0.048938872391149045,-22.768891201755785,7.5309334,0.0,10,nan,-22.60312598850654,-22.768891201755785,0.0,17.32322,0.0,10,6.4821687,-22.666778870619215,0.0,-22.666778870619208,103,-22.666778870619208,-22.666778870619215,-116.82124,-22.60312598850654
104,2720000,0.09810628374315308,0.09810628374315308,-23.494192564015258,7.537539,0.0,10,nan,-23.174340081475034,-23.494192564015258,0.0,17.236,0.0,10,6.4825697,-23.33136381668455,0.0,-23.33136381668455,104,-23.33136381668455,-23.33136381668455,-117.180626,-23.174340081475034
105,2744000,0.07739681319602533,0.07739681319602533,-21.953322324928994,7.54436,0.0,10,nan,-21.682603719197857,-21.953322324928994,0.0,17.144249,0.0,10,6.483682,-21.816804535004334,0.0,-21.816804535004337,105,-21.816804535004337,-21.816804535004334,-117.466064,-21.682603719197857
106,2768000,0.029731620598170493,0.029731620598170493,-22.49593983558913,7.5368667,0.0,10,nan,-22.37487017010557,-22.49593983558913,0.0,16.99902,0.0,10,6.484461,-22.43787951113437,0.0,-22.437879511134373,106,-22.437879511134373,-22.43787951113437,-117.753456,-22.37487017010557
107,2792000,0.055032848452680166,0.055032848452680166,-22.968306538791847,7.52615,0.0,10,nan,-22.794052316854245,-22.968306538791847,0.0,16.939215,0.0,10,6.4850655,-22.879261822945757,0.0,-22.87926182294575,107,-22.87926182294575,-22.879261822945757,-118.06335,-22.794052316854245
108,2816000,0.05126380809353121,0.05126380809353121,-22.454575775937116,7.5267625,0.0,10,nan,-22.284872147110246,-22.454575775937116,0.0,16.824242,0.0,10,6.4866786,-22.37296702760453,0.0,-22.372967027604524,108,-22.372967027604524,-22.37296702760453,-118.35732,-22.284872147110246
109,2840000,0.038834542126263305,0.038834542126263305,-22.629461701397858,7.539715,0.0,10,nan,-22.508788720532475,-22.629461701397858,0.0,16.767729,0.0,10,6.487638,-22.567867804604884,0.0,-22.567867804604884,109,-22.567867804604884,-22.567867804604884,-118.626625,-22.508788720532475
110,2864000,0.017756514831081958,0.017756514831081958,-22.329790385210945,7.546426,0.0,10,nan,-22.26936385800708,-22.329790385210945,0.0,16.716784,0.0,10,6.488598,-22.30614346048701,0.0,-22.306143460487007,110,-22.306143460487007,-22.30614346048701,-118.86753,-22.26936385800708
111,2888000,0.043354744367415564,0.043354744367415564,-22.49705534335829,7.5448537,0.0,10,nan,-22.338268343376672,-22.49705534335829,0.0,16.624784,0.0,10,6.4898553,-22.415478298700688,0.0,-22.41547829870069,111,-22.41547829870069,-22.415478298700688,-119.166405,-22.338268343376672
112,2912000,0.06087830525418621,0.06087830525418621,-22.767229208488892,7.5357366,0.0,10,nan,-22.5570917684181,-22.767229208488892,0.0,16.541477,0.0,10,6.4888945,-22.666699883651695,0.0,-22.6666998836517,112,-22.6666998836517,-22.666699883651695,-119.505455,-22.5570917684181
113,2936000,0.0629881927961462,0.0629881927961462,-22.560447701435887,7.532324,0.0,10,nan,-22.355731262211535,-22.560447701435887,0.0,16.377487,0.0,10,6.492177,-22.478777858139267,0.0,-22.478777858139267,113,-22.478777858139267,-22.478777858139267,-119.851326,-22.355731262211535
114,2960000,0.05543465978176303,0.05543465978176303,-22.626819109947014,7.5366116,0.0,10,nan,-22.440305834180688,-22.626819109947014,0.0,16.362448,0.0,10,6.4918694,-22.51754701597439,0.0,-22.517547015974394,114,-22.517547015974394,-22.51754701597439,-120.07538,-22.440305834180688
115,2984000,0.12075357446284146,0.12075357446284146,-23.125983972538922,7.55681,0.0,10,nan,-22.76525012144589,-23.125983972538922,0.0,16.270077,0.0,10,6.492955,-22.962521114320214,0.0,-22.962521114320214,115,-22.962521114320214,-22.962521114320214,-120.23611,-22.76525012144589
116,3008000,0.08749067912406644,0.08749067912406644,-22.35178749329716,7.5621924,0.0,10,nan,-22.099573691518714,-22.35178749329716,0.0,16.138515,0.0,10,6.4944553,-22.202921720417258,0.0,-22.202921720417255,116,-22.202921720417255,-22.202921720417258,-120.57783,-22.099573691518714
117,3032000,0.04677048061961201,0.04677048061961201,-21.890512949824682,7.5536547,0.0,10,nan,-21.74225391606718,-21.890512949824682,0.0,16.084076,0.0,10,6.496611,-21.81035004092339,0.0,-21.810350040923385,117,-21.810350040923385,-21.81035004092339,-120.66246,-21.74225391606718
118,3056000,0.0616279824236296,0.0616279824236296,-22.825265756655778,7.5396028,0.0,10,nan,-22.608322715691923,-22.825265756655778,0.0,16.118996,0.0,10,6.493863,-22.687681567659116,0.0,-22.68768156765911,118,-22.68768156765911,-22.687681567659116,-120.865944,-22.608322715691923
119,3080000,0.028202583026438643,0.028202583026438643,-22.21179692626728,7.5360518,0.0,10,nan,-22.125947595323172,-22.21179692626728,0.0,15.915949,0.0,10,6.49729,-22.16363740649558,0.0,-22.163637406495575,119,-22.163637406495575,-22.16363740649558,-121.19877,-22.125947595323172
120,3104000,0.05603246323954497,0.05603246323954497,-22.365420905018723,7.5438523,0.0,10,nan,-22.158304949128343,-22.365420905018723,0.0,15.82976,0.0,10,6.4980373,-22.280579662057256,0.0,-22.28057966205725,120,-22.28057966205725,-22.280579662057256,-121.42283,-22.158304949128343
121,3128000,0.06457850037054455,0.06457850037054455,-22.86387596351867,7.5512314,0.0,10,nan,-22.682395614632362,-22.86387596351867,0.0,15.790363,0.0,10,6.497169,-22.786920044807424,0.0,-22.786920044807424,121,-22.786920044807424,-22.786920044807424,-121.5782,-22.682395614632362
122,3152000,0.057010454107620706,0.057010454107620706,-22.73574713883959,7.5425906,0.0,10,nan,-22.548849935367848,-22.73574713883959,0.0,15.767443,0.0,10,6.4986715,-22.60548047510222,0.0,-22.605480475102212,122,-22.605480475102212,-22.60548047510222,-121.870804,-22.548849935367848
123,3176000,0.08800309142562503,0.08800309142562503,-22.702376343706558,7.5436172,0.0,10,nan,-22.45974074266735,-22.702376343706558,0.0,15.618832,0.0,10,6.497255,-22.597955142427573,0.0,-22.597955142427573,123,-22.597955142427573,-22.597955142427573,-122.12709,-22.45974074266735
124,3200000,0.045013344180302305,0.045013344180302305,-22.6377516593425,7.546328,0.0,10,nan,-22.478621523537527,-22.6377516593425,0.0,15.638157,0.0,10,6.502415,-22.54529669869577,0.0,-22.545296698695772,124,-22.545296698695772,-22.54529669869577,-122.28272,-22.478621523537527
125,3224000,0.03459319498070314,0.03459319498070314,-22.567272936334426,7.557891,0.0,10,nan,-22.472555668393777,-22.567272936334426,0.0,15.63554,0.0,10,6.501755,-22.519196378660943,0.0,-22.519196378660943,125,-22.519196378660943,-22.519196378660943,-122.51264,-22.472555668393777
126,3248000,0.12258714396868779,0.12258714396868779,-22.17594455386256,7.549625,0.0,10,nan,-21.77295441333008,-22.17594455386256,0.0,15.541485,0.0,10,6.49988,-21.942139212963987,0.0,-21.94213921296399,126,-21.94213921296399,-21.942139212963987,-122.66054,-21.77295441333008
127,3272000,0.04861165948971183,0.04861165948971183,-22.806607716877302,7.541926,0.0,10,nan,-22.63298225800768,-22.806607716877302,0.0,15.424688,0.0,10,6.5021534,-22.707134144474104,0.0,-22.70713414447411,127,-22.70713414447411,-22.707134144474104,-122.94549,-22.63298225800768
128,3296000,0.04569581179444577,0.04569581179444577,-21.144563742207453,7.533586,0.0,10,nan,-20.98746989358398,-21.144563742207453,0.0,15.449832,0.0,10,6.501261,-21.065746582404067,0.0,-21.065746582404074,128,-21.065746582404074,-21.065746582404067,-123.06197,-20.98746989358398
129,3320000,0.03102608417550598,0.03102608417550598,-22.559408787603267,7.5219846,0.0,10,nan,-22.461679712435828,-22.559408787603267,0.0,15.413508,0.0,10,6.503502,-22.51365727931472,0.0,-22.513657279314724,129,-22.513657279314724,-22.51365727931472,-123.25827,-22.461679712435828
130,3344000,0.050076814956820585,0.050076814956820585,-21.892200155286208,7.5264635,0.0,10,nan,-21.739081962091294,-21.892200155286208,0.0,15.309049,0.0,10,6.5018964,-21.81697206524458,0.0,-21.81697206524458,130,-21.81697206524458,-21.81697206524458,-123.49699,-21.739081962091294
131,3368000,0.1289874979868024,0.1289874979868024,-24.46990073558756,7.5267167,0.0,10,nan,-24.060778933442467,-24.46990073558756,0.0,15.200398,0.0,10,6.5030584,-24.291094479876097,0.0,-24.291094479876097,131,-24.291094479876097,-24.291094479876097,-123.766304,-24.060778933442467
132,3392000,0.04900035786336967,0.04900035786336967,-22.298663008671177,7.528998,0.0,10,nan,-22.11825396050736,-22.298663008671177,0.0,15.197992,0.0,10,6.5038266,-22.223129139561266,0.0,-22.22312913956125,132,-22.22312913956125,-22.223129139561266,-123.936844,-22.11825396050736
133,3416000,0.0666932755472249,0.0666932755472249,-22.743989948027004,7.5280957,0.0,10,nan,-22.550287610689157,-22.743989948027004,0.0,15.042689,0.0,10,6.5051436,-22.659855071158596,0.0,-22.6598550711586,133,-22.6598550711586,-22.659855071158596,-124.119064,-22.550287610689157
134,3440000,0.12313255180326896,0.12313255180326896,-22.38627218558744,7.5406423,0.0,10,nan,-22.056987908111754,-22.38627218558744,0.0,15.003437,0.0,10,6.504379,-22.179130853298545,0.0,-22.179130853298542,134,-22.179130853298542,-22.179130853298545,-124.31306,-22.056987908111754
135,3464000,0.03502762135352977,0.03502762135352977,-22.059176232329605,7.541138,0.0,10,nan,-21.93991879016294,-22.059176232329605,0.0,14.953989,0.0,10,6.5062327,-21.985248726945514,0.0,-21.985248726945507,135,-21.985248726945507,-21.985248726945514,-124.47759,-21.93991879016294
136,3488000,0.08243680424458975,0.08243680424458975,-22.83287639281393,7.539953,0.0,10,nan,-22.47723587511505,-22.83287639281393,0.0,14.939362,0.0,10,6.506342,-22.649673040944315,0.0,-22.649673040944315,136,-22.649673040944315,-22.649673040944315,-124.69748,-22.47723587511505
137,3512000,0.0845258762732937,0.0845258762732937,-22.210912295324135,7.5339293,0.0,10,nan,-21.87211701904191,-22.210912295324135,0.0,14.875352,0.0,10,6.507711,-21.99283608060805,0.0,-21.992836080608043,137,-21.992836080608043,-21.99283608060805,-124.84403,-21.87211701904191
138,3536000,0.027492790770674905,0.027492790770674905,-21.738397554461944,7.529955,0.0,10,nan,-21.64869252736726,-21.738397554461944,0.0,14.784871,0.0,10,6.5074143,-21.700074371683794,0.0,-21.70007437168379,138,-21.70007437168379,-21.700074371683794,-124.94266,-21.64869252736726
139,3560000,0.05537309166490091,0.05537309166490091,-22.750933869246083,7.532874,0.0,10,nan,-22.57183939540934,-22.750933869246083,0.0,14.751054,0.0,10,6.508012,-22.670507770339658,0.0,-22.670507770339647,139,-22.670507770339647,-22.670507770339658,-125.213394,-22.57183939540934
140,3584000,0.02823262470659008,0.02823262470659008,-22.479813013352928,7.54205,0.0,10,nan,-22.377192929657102,-22.479813013352928,0.0,14.70382,0.0,10,6.509422,-22.437855403021906,0.0,-22.4378554030219,140,-22.4378554030219,-22.437855403021906,-125.35532,-22.377192929657102
141,3608000,0.14209167735992564,0.14209167735992564,-23.405300470560135,7.5478377,0.0,10,nan,-22.93913563797298,-23.405300470560135,0.0,14.639886,0.0,10,6.510485,-23.202501019079925,0.0,-23.20250101907992,141,-23.20250101907992,-23.202501019079925,-125.52747,-22.93913563797298
142,3632000,0.1093787628343435,0.1093787628343435,-21.991853147481674,7.5455146,0.0,10,nan,-21.628079269158285,-21.991853147481674,0.0,14.644822,0.0,10,6.5102367,-21.776375814305204,0.0,-21.776375814305204,142,-21.776375814305204,-21.776375814305204,-125.66047,-21.628079269158285
143,3656000,0.04290178658768999,0.04290178658768999,-21.96102336143831,7.538625,0.0,10,nan,-21.84132188422124,-21.96102336143831,0.0,14.555338,0.0,10,6.511517,-21.889330825451463,0.0,-21.88933082545147,143,-21.88933082545147,-21.889330825451463,-125.88555,-21.84132188422124
144,3680000,0.08074917219451835,0.08074917219451835,-22.342122934795196,7.5419207,0.0,10,nan,-22.07991899052478,-22.342122934795196,0.0,14.520245,0.0,10,6.511589,-22.22947634113869,0.0,-22.229476341138696,144,-22.229476341138696,-22.22947634113869,-125.9819,-22.07991899052478
145,3704000,0.07305929074668908,0.07305929074668908,-22.503663948197847,7.537543,0.0,10,nan,-22.285027809010597,-22.503663948197847,0.0,14.470029,0.0,10,6.5124693,-22.396812744188132,0.0,-22.396812744188132,145,-22.396812744188132,-22.396812744188132,-126.14723,-22.285027809010597
146,3728000,0.10017341778953524,0.10017341778953524,-21.917519527395616,7.5477743,0.0,10,nan,-21.58756337602474,-21.917519527395616,0.0,14.463692,0.0,10,6.510797,-21.713697854731862,0.0,-21.713697854731862,146,-21.713697854731862,-21.713697854731862,-126.30931,-21.58756337602474
147,3752000,0.04538996426800545,0.04538996426800545,-22.318588658483453,7.5473332,0.0,10,nan,-22.157053285380755,-22.318588658483453,0.0,14.328707,0.0,10,6.5119195,-22.23112148342487,0.0,-22.231121483424864,147,-22.231121483424864,-22.23112148342487,-126.52446,-22.157053285380755
148,3776000,0.0673021351889427,0.0673021351889427,-22.086299166717655,7.5419707,0.0,10,nan,-21.859795005121242,-22.086299166717655,0.0,14.266536,0.0,10,6.513643,-21.975705750734583,0.0,-21.975705750734587,148,-21.975705750734587,-21.975705750734583,-126.72251,-21.859795005121242
149,3800000,0.02569836189002628,0.02569836189002628,-22.249042119288752,7.5462976,0.0,10,nan,-22.171247125559574,-22.249042119288752,0.0,14.261207,0.0,10,6.5134745,-22.207320590074,0.0,-22.207320590074005,149,-22.207320590074005,-22.207320590074,-126.84062,-22.171247125559574
150,3824000,0.06695108687469387,0.06695108687469387,-22.86813950602066,7.543761,0.0,10,nan,-22.637488555041845,-22.86813950602066,0.0,14.161433,0.0,10,6.511987,-22.75305315969486,0.0,-22.75305315969486,150,-22.75305315969486,-22.75305315969486,-127.06269,-22.637488555041845
151,3848000,0.07381037113652782,0.07381037113652782,-21.93359114635851,7.5480776,0.0,10,nan,-21.672482697954834,-21.93359114635851,0.0,14.130815,0.0,10,6.512639,-21.76978792036882,0.0,-21.769787920368824,151,-21.769787920368824,-21.76978792036882,-127.268616,-21.672482697954834
152,3872000,0.03882444524519487,0.03882444524519487,-22.51447508882496,7.5361733,0.0,10,nan,-22.372681812977227,-22.51447508882496,0.0,14.122321,0.0,10,6.5140405,-22.4494302975077,0.0,-22.449430297507696,152,-22.449430297507696,-22.4494302975077,-127.43933,-22.372681812977227
153,3896000,0.0883644471831586,0.0883644471831586,-21.879753215992746,7.527291,0.0,10,nan,-21.59972225067618,-21.879753215992746,0.0,14.0222,0.0,10,6.514118,-21.698377495103802,0.0,-21.6983774951038,153,-21.6983774951038,-21.698377495103802,-127.605675,-21.59972225067618
154,3920000,0.014651315478406849,0.014651315478406849,-22.296116527309252,7.5263085,0.0,10,nan,-22.250495263569796,-22.296116527309252,0.0,13.990777,0.0,10,6.514289,-22.27688065313932,0.0,-22.27688065313932,154,-22.27688065313932,-22.27688065313932,-127.70075,-22.250495263569796
155,3944000,0.06707781857623252,0.06707781857623252,-21.69555704993958,7.5434,0.0,10,nan,-21.498180847269182,-21.69555704993958,0.0,13.983262,0.0,10,6.5142016,-21.604668941852886,0.0,-21.604668941852882,155,-21.604668941852882,-21.604668941852886,-127.81119,-21.498180847269182
156,3968000,0.07250803011212144,0.07250803011212144,-21.86993509192609,7.538415,0.0,10,nan,-21.60613319407165,-21.86993509192609,0.0,13.9479475,0.0,10,6.5156026,-21.73253653039078,0.0,-21.73253653039078,156,-21.73253653039078,-21.73253653039078,-127.93206,-21.60613319407165
157,3992000,0.0371651243408209,0.0371651243408209,-22.199008489766523,7.529593,0.0,10,nan,-22.07361570668045,-22.199008489766523,0.0,13.912307,0.0,10,6.5142617,-22.147808948743577,0.0,-22.14780894874358,157,-22.14780894874358,-22.147808948743577,-128.08583,-22.07361570668045
158,4016000,0.05311677929438411,0.05311677929438411,-22.078722275563912,7.53524,0.0,10,nan,-21.877885743653124,-22.078722275563912,0.0,13.844921,0.0,10,6.5149326,-21.944527276245495,0.0,-21.944527276245495,158,-21.944527276245495,-21.944527276245495,-128.22595,-21.877885743653124
159,4040000,0.08827406561026366,0.08827406561026366,-22.276133586926157,7.5289035,0.0,10,nan,-21.980928621233648,-22.276133586926157,0.0,13.815713,0.0,10,6.513764,-22.15896892575648,0.0,-22.158968925756476,159,-22.158968925756476,-22.15896892575648,-128.41405,-21.980928621233648
160,4064000,0.03165689671589611,0.03165689671589611,-22.31862413373809,7.536919,0.0,10,nan,-22.210023598295667,-22.31862413373809,0.0,13.797151,0.0,10,6.5149226,-22.266421475033354,0.0,-22.266421475033354,160,-22.266421475033354,-22.266421475033354,-128.54631,-22.210023598295667
161,4088000,0.047234212460164564,0.047234212460164564,-22.439604802893527,7.5280433,0.0,10,nan,-22.309787500552833,-22.439604802893527,0.0,13.680029,0.0,10,6.515258,-22.37032063120216,0.0,-22.37032063120217,161,-22.37032063120217,-22.37032063120216,-128.68262,-22.309787500552833
162,4112000,0.07612039852288072,0.07612039852288072,-22.14549168811531,7.5369153,0.0,10,nan,-21.911997345537443,-22.14549168811531,0.0,13.698668,0.0,10,6.5137033,-22.00016608797028,0.0,-22.000166087970275,162,-22.000166087970275,-22.00016608797028,-128.72017,-21.911997345537443
163,4136000,0.0799943738144141,0.0799943738144141,-22.262058673489076,7.531493,0.0,10,nan,-22.050249411148965,-22.262058673489076,0.0,13.639432,0.0,10,6.515129,-22.146710170902118,0.0,-22.146710170902118,163,-22.146710170902118,-22.146710170902118,-128.88387,-22.050249411148965
164,4160000,0.020902293517869028,0.020902293517869028,-21.18092648307105,7.5383573,0.0,10,nan,-21.106123485916644,-21.18092648307105,0.0,13.618661,0.0,10,6.5170393,-21.14256236190975,0.0,-21.142562361909754,164,-21.142562361909754,-21.14256236190975,-129.00905,-21.106123485916644
165,4184000,0.03992593794816772,0.03992593794816772,-22.737667593439507,7.5371366,0.0,10,nan,-22.61118937369004,-22.737667593439507,0.0,13.622937,0.0,10,6.514008,-22.68675133052637,0.0,-22.686751330526366,165,-22.686751330526366,-22.68675133052637,-129.11911,-22.61118937369004
166,4208000,0.05058402773686251,0.05058402773686251,-21.627769611012738,7.530048,0.0,10,nan,-21.46186605023345,-21.627769611012738,0.0,13.621203,0.0,10,6.5146403,-21.532858327924735,0.0,-21.532858327924735,166,-21.532858327924735,-21.532858327924735,-129.23027,-21.46186605023345
167,4232000,0.0643812451207723,0.0643812451207723,-22.225147803284543,7.5262804,0.0,10,nan,-22.029297220613937,-22.225147803284543,0.0,13.526929,0.0,10,6.5146894,-22.122397399501608,0.0,-22.122397399501608,167,-22.122397399501608,-22.122397399501608,-129.36246,-22.029297220613937
168,4256000,0.0380262650165654,0.0380262650165654,-22.727995124543394,7.5313272,0.0,10,nan,-22.59808469557164,-22.727995124543394,0.0,13.465383,0.0,10,6.5157666,-22.681334534701698,0.0,-22.681334534701694,168,-22.681334534701694,-22.681334534701698,-129.4903,-22.59808469557164
169,4280000,0.0679191086724913,0.0679191086724913,-21.306298562989877,7.5355697,0.0,10,nan,-21.105011478678247,-21.306298562989877,0.0,13.395783,0.0,10,6.5178914,-21.214473437868524,0.0,-21.214473437868527,169,-21.214473437868527,-21.214473437868524,-129.62718,-21.105011478678247
170,4304000,0.05808137777703083,0.05808137777703083,-22.028774062392525,7.5391984,0.0,10,nan,-21.825618054448288,-22.028774062392525,0.0,13.418566,0.0,10,6.517756,-21.91390460019847,0.0,-21.91390460019847,170,-21.91390460019847,-21.91390460019847,-129.69159,-21.825618054448288
171,4328000,0.06541621129052415,0.06541621129052415,-21.799148760727125,7.532915,0.0,10,nan,-21.55986351299044,-21.799148760727125,0.0,13.324712,0.0,10,6.518493,-21.681810068539228,0.0,-21.681810068539228,171,-21.681810068539228,-21.681810068539228,-129.78993,-21.55986351299044
172,4352000,0.06884053779384539,0.06884053779384539,-22.01460662652866,7.5290227,0.0,10,nan,-21.827651398192344,-22.01460662652866,0.0,13.298422,0.0,10,6.5181265,-21.924090413630402,0.0,-21.924090413630402,172,-21.924090413630402,-21.924090413630402,-129.96928,-21.827651398192344
173,4376000,0.09628752485206701,0.09628752485206701,-22.32944080668604,7.5394235,0.0,10,nan,-22.002701688194374,-22.32944080668604,0.0,13.2713785,0.0,10,6.519715,-22.136140816542486,0.0,-22.136140816542486,173,-22.136140816542486,-22.136140816542486,-130.10002,-22.002701688194374
174,4400000,0.0368250522122487,0.0368250522122487,-22.66246973360765,7.5420346,0.0,10,nan,-22.54401734484299,-22.66246973360765,0.0,13.304487,0.0,10,6.5186954,-22.59371700723316,0.0,-22.59371700723316,174,-22.59371700723316,-22.59371700723316,-130.18877,-22.54401734484299
175,4424000,0.043464912821053185,0.043464912821053185,-21.945993524559697,7.5464582,0.0,10,nan,-21.778711074494506,-21.945993524559697,0.0,13.200399,0.0,10,6.5195975,-21.897639236966405,0.0,-21.897639236966405,175,-21.897639236966405,-21.897639236966405,-130.31712,-21.778711074494506
176,4448000,0.06554705885950268,0.06554705885950268,-21.946990392535056,7.5403438,0.0,10,nan,-21.7442099230864,-21.946990392535056,0.0,13.141175,0.0,10,6.5191593,-21.830046087045908,0.0,-21.830046087045908,176,-21.830046087045908,-21.830046087045908,-130.42604,-21.7442099230864
177,4472000,0.07582972323007264,0.07582972323007264,-21.92040839800304,7.5373836,0.0,10,nan,-21.65674885606917,-21.92040839800304,0.0,13.099808,0.0,10,6.5183477,-21.819381542488593,0.0,-21.81938154248859,177,-21.81938154248859,-21.819381542488593,-130.52037,-21.65674885606917
178,4496000,0.04403727161050842,0.04403727161050842,-22.399061676769357,7.5292277,0.0,10,nan,-22.262936940338246,-22.399061676769357,0.0,13.094525,0.0,10,6.519027,-22.313172516880808,0.0,-22.313172516880808,178,-22.313172516880808,-22.313172516880808,-130.59578,-22.262936940338246
179,4520000,0.05639605233562023,0.05639605233562023,-23.066311162803196,7.5216866,0.0,10,nan,-22.89299232343944,-23.066311162803196,0.0,13.005149,0.0,10,6.519823,-22.98400700184084,0.0,-22.984007001840848,179,-22.984007001840848,-22.98400700184084,-130.7385,-22.89299232343944
180,4544000,0.12908906696764824,0.12908906696764824,-21.318205376161792,7.521565,0.0,10,nan,-20.8695887900337,-21.318205376161792,0.0,12.984417,0.0,10,6.520043,-21.104236040344325,0.0,-21.104236040344322,180,-21.104236040344322,-21.104236040344325,-130.80927,-20.8695887900337
181,4568000,0.06428623685380969,0.06428623685380969,-21.833155655966074,7.517406,0.0,10,nan,-21.600006257540112,-21.833155655966074,0.0,12.9692,0.0,10,6.5207314,-21.694496058826456,0.0,-21.694496058826452,181,-21.694496058826452,-21.694496058826456,-131.01122,-21.600006257540112
182,4592000,0.12425275530674214,0.12425275530674214,-21.990099631670862,7.5303493,0.0,10,nan,-21.51284376658749,-21.990099631670862,0.0,12.924098,0.0,10,6.520027,-21.787733619889163,0.0,-21.787733619889153,182,-21.787733619889153,-21.787733619889163,-131.0546,-21.51284376658749
183,4616000,0.10410036963144376,0.10410036963144376,-21.91388694516942,7.5221963,0.0,10,nan,-21.60827135187434,-21.91388694516942,0.0,12.893262,0.0,10,6.522412,-21.730393757244595,0.0,-21.73039375724459,183,-21.73039375724459,-21.730393757244595,-131.24225,-21.60827135187434
184,4640000,0.07861803613026173,0.07861803613026173,-22.112536448514646,7.529256,0.0,10,nan,-21.80416528736479,-22.112536448514646,0.0,12.804971,0.0,10,6.5215397,-21.97352560656006,0.0,-21.973525606560056,184,-21.973525606560056,-21.97352560656006,-131.30713,-21.80416528736479
185,4664000,0.03930703566556644,0.03930703566556644,-22.539370866624807,7.539665,0.0,10,nan,-22.432047627042316,-22.539370866624807,0.0,12.810489,0.0,10,6.520769,-22.473992372619698,0.0,-22.473992372619694,185,-22.473992372619694,-22.473992372619698,-131.48888,-22.432047627042316
186,4688000,0.054672932102667104,0.054672932102667104,-22.087825492432412,7.5360627,0.0,10,nan,-21.884237631669734,-22.087825492432412,0.0,12.738275,0.0,10,6.522692,-22.02575328688559,0.0,-22.025753286885596,186,-22.025753286885596,-22.02575328688559,-131.60648,-21.884237631669734
187,4712000,0.04260047406669218,0.04260047406669218,-21.460842393827203,7.540541,0.0,10,nan,-21.332711417950083,-21.460842393827203,0.0,12.699603,0.0,10,6.524633,-21.395636145931,0.0,-21.395636145931,187,-21.395636145931,-21.395636145931,-131.66216,-21.332711417950083
188,4736000,0.07408288803189535,0.07408288803189535,-21.622984485789914,7.5319295,0.0,10,nan,-21.39287516000526,-21.622984485789914,0.0,12.67517,0.0,10,6.523165,-21.49248669183809,0.0,-21.49248669183809,188,-21.49248669183809,-21.49248669183809,-131.79044,-21.39287516000526
189,4760000,0.04766711265276162,0.04766711265276162,-21.466230325997458,7.526057,0.0,10,nan,-21.292691567883832,-21.466230325997458,0.0,12.735361,0.0,10,6.524273,-21.405227552051503,0.0,-21.4052275520515,189,-21.4052275520515,-21.405227552051503,-131.88312,-21.292691567883832
190,4784000,0.05179522520890265,0.05179522520890265,-21.619822546374376,7.53388,0.0,10,nan,-21.457498707609027,-21.619822546374376,0.0,12.663615,0.0,10,6.524615,-21.540997641421818,0.0,-21.54099764142182,190,-21.54099764142182,-21.540997641421818,-132.00626,-21.457498707609027
191,4808000,0.1199705691579875,0.1199705691579875,-22.011676655640432,7.5386972,0.0,10,nan,-21.596780750690826,-22.011676655640432,0.0,12.690678,0.0,10,6.5243926,-21.825756320671825,0.0,-21.82575632067182,191,-21.82575632067182,-21.825756320671825,-132.0726,-21.596780750690826
192,4832000,0.046998507651568,0.046998507651568,-22.67166090109388,7.5417714,0.0,10,nan,-22.52829065501308,-22.67166090109388,0.0,12.646283,0.0,10,6.5261617,-22.625566991923463,0.0,-22.62556699192346,192,-22.62556699192346,-22.625566991923463,-132.20247,-22.52829065501308
193,4856000,0.1326974483910914,0.1326974483910914,-21.94447307365573,7.5331984,0.0,10,nan,-21.51177124535986,-21.94447307365573,0.0,12.639837,0.0,10,6.526972,-21.746200028794014,0.0,-21.746200028794007,193,-21.746200028794007,-21.746200028794014,-132.27744,-21.51177124535986
194,4880000,0.07174798338194453,0.07174798338194453,-20.995392994866165,7.5293107,0.0,10,nan,-20.807142046201303,-20.995392994866165,0.0,12.574992,0.0,10,6.5258517,-20.913220121267635,0.0,-20.913220121267635,194,-20.913220121267635,-20.913220121267635,-132.38393,-20.807142046201303
195,4904000,0.052624238299453376,0.052624238299453376,-22.107646743642373,7.526112,0.0,10,nan,-21.91581288880592,-22.107646743642373,0.0,12.477371,0.0,10,6.5242505,-22.00143235415417,0.0,-22.001432354154172,195,-22.001432354154172,-22.00143235415417,-132.52682,-21.91581288880592
196,4928000,0.03942945740433186,0.03942945740433186,-22.417888391592474,7.527374,0.0,10,nan,-22.297928311206253,-22.417888391592474,0.0,12.422244,0.0,10,6.5270853,-22.346264388726098,0.0,-22.346264388726105,196,-22.346264388726105,-22.346264388726098,-132.63979,-22.297928311206253
197,4952000,0.06893312560535984,0.06893312560535984,-23.087874046661227,7.533191,0.0,10,nan,-22.82734248750008,-23.087874046661227,0.0,12.401147,0.0,10,6.527348,-23.00778067225564,0.0,-23.007780672255635,197,-23.007780672255635,-23.00778067225564,-132.74454,-22.82734248750008
198,4976000,0.047225596309618804,0.047225596309618804,-22.098584938297186,7.537116,0.0,10,nan,-21.934912574556424,-22.098584938297186,0.0,12.455235,0.0,10,6.5269465,-21.98653498810136,0.0,-21.98653498810136,198,-21.98653498810136,-21.98653498810136,-132.80678,-21.934912574556424
199,5000000,0.11158530330448793,0.11158530330448793,-23.014000224170193,7.5380244,0.0,10,nan,-22.635433877161365,-23.014000224170193,0.0,12.3199215,0.0,10,6.5267425,-22.820850498570866,0.0,-22.82085049857087,199,-22.82085049857087,-22.820850498570866,-133.00612,-22.635433877161365
