MetaTest/Average/MinReturn,MetaTest/handle-pull-side-v1/SuccessRate,MetaTest/Average/AverageDiscountedReturn,MetaTest/handle-pull-side-v1/MaxReturn,MetaTest/handle-pull-side-v1/AverageReturn,TotalEnvSteps,MetaTest/handle-pull-side-v1/StdReturn,MetaTest/Average/MaxReturn,MetaTest/handle-pull-side-v1/AverageDiscountedReturn,MetaTest/handle-pull-side-v1/NumTrajs,MetaTest/Average/StdReturn,MetaTest/Average/AverageReturn,MetaTest/Average/TerminationRate,MetaTest/handle-pull-side-v1/MinReturn,MetaTest/Average/SuccessRate,MetaTest/handle-pull-side-v1/TerminationRate,MetaTest/handle-pull-side-v1/Iteration,MetaTest/Average/NumTrajs,MetaTest/Average/Iteration
-87.74565114887866,0.0,5827.5235512695435,32894.12739491898,5827.5235512695435,224000,11876.970608570195,32894.12739491898,5827.5235512695435,10,11876.970608570195,5827.5235512695435,0.0,-87.74565114887866,0.0,0.0,0,10,0
-83.47689573016751,0.0,-73.48382123169239,-63.40329349814094,-73.48382123169236,248000,6.195435357502752,-63.40329349814094,-73.48382123169239,10,6.195435357502752,-73.48382123169236,0.0,-83.47689573016751,0.0,0.0,1,10,1
-74.03601980358508,0.0,-64.68041776083018,-57.92594022182492,-64.68041776083018,272000,4.613237314288956,-57.92594022182492,-64.68041776083018,10,4.613237314288956,-64.68041776083018,0.0,-74.03601980358508,0.0,0.0,2,10,2
-89.16861758811254,0.0,6202.607599320681,34088.96556457587,6202.6075993206805,296000,12602.056591467774,34088.96556457587,6202.607599320681,10,12602.056591467774,6202.6075993206805,0.0,-89.16861758811254,0.0,0.0,3,10,3
-53.83802416689412,0.0,10269.886979927363,45995.17222128325,10269.886979927367,320000,17801.8622443841,45995.17222128325,10269.886979927363,10,17801.8622443841,10269.886979927367,0.0,-53.83802416689412,0.0,0.0,4,10,4
-19.312383296354046,0.0,23196.541305596686,45751.024061116455,23196.541305596686,344000,22067.323043569522,45751.024061116455,23196.541305596686,10,22067.323043569522,23196.541305596686,0.0,-19.312383296354046,0.0,0.0,5,10,5
-20.498502203098273,0.0,8729.613823343181,45815.36375609086,8729.613823343183,368000,14863.944387495427,45815.36375609086,8729.613823343181,10,14863.944387495427,8729.613823343183,0.0,-20.498502203098273,0.0,0.0,6,10,6
-24.92525882491223,0.0,25417.16925707871,45752.131145451865,25417.169257078716,392000,17893.79068502913,45752.131145451865,25417.16925707871,10,17893.79068502913,25417.169257078716,0.0,-24.92525882491223,0.0,0.0,7,10,7
16265.925484400403,0.0,38405.52751597758,46069.35117910191,38405.52751597758,416000,11080.530123318922,46069.35117910191,38405.52751597758,10,11080.530123318922,38405.52751597758,0.0,16265.925484400403,0.0,0.0,8,10,8
-16.342552423504852,0.0,32488.946025731042,46064.7430367822,32488.946025731042,440000,19637.766470324714,46064.7430367822,32488.946025731042,10,19637.766470324714,32488.946025731042,0.0,-16.342552423504852,0.0,0.0,9,10,9
-41.078183508402766,0.0,21223.632929302992,45813.08786510435,21223.632929302992,464000,20479.859961625185,45813.08786510435,21223.632929302992,10,20479.859961625185,21223.632929302992,0.0,-41.078183508402766,0.0,0.0,10,10,10
-15.365305458416765,0.0,30455.8600589052,46073.64043930455,30455.860058905197,488000,19337.07340153565,46073.64043930455,30455.8600589052,10,19337.07340153565,30455.860058905197,0.0,-15.365305458416765,0.0,0.0,11,10,11
-15.4257041362183,0.0,16124.60221349851,45831.02283388182,16124.602213498507,512000,19177.936066570015,45831.02283388182,16124.60221349851,10,19177.936066570015,16124.602213498507,0.0,-15.4257041362183,0.0,0.0,12,10,12
-15.132685459192114,0.0,22198.39051332193,45738.42084225066,22198.39051332193,536000,19064.321218924993,45738.42084225066,22198.39051332193,10,19064.321218924993,22198.39051332193,0.0,-15.132685459192114,0.0,0.0,13,10,13
44354.42794926129,0.0,45702.42216144611,46076.84352925239,45702.422161446106,560000,538.2622636059572,46076.84352925239,45702.42216144611,10,538.2622636059572,45702.422161446106,0.0,44354.42794926129,0.0,0.0,14,10,14
-14.973571614051513,0.0,24321.008228547285,56430.55748237065,24321.008228547293,584000,23308.11929180729,56430.55748237065,24321.008228547285,10,23308.11929180729,24321.008228547293,0.0,-14.973571614051513,0.0,0.0,15,10,15
4129.295244605907,0.0,34327.44841894236,46063.93277138492,34327.44841894236,608000,17587.024138507066,46063.93277138492,34327.44841894236,10,17587.024138507066,34327.44841894236,0.0,4129.295244605907,0.0,0.0,16,10,16
-17.608465209433806,0.1,33902.59099999821,46794.93025001162,33902.590999998225,632000,16859.706269349022,46794.93025001162,33902.59099999821,10,16859.706269349022,33902.590999998225,0.0,-17.608465209433806,0.1,0.0,17,10,17
9002.398867782822,0.0,54058.08866754741,85906.15809073186,54058.088667547425,656000,21783.58343142784,85906.15809073186,54058.08866754741,10,21783.58343142784,54058.088667547425,0.0,9002.398867782822,0.0,0.0,18,10,18
16556.77315493065,0.0,59143.45456991896,100156.94688769909,59143.45456991896,680000,23616.541444101484,100156.94688769909,59143.45456991896,10,23616.541444101484,59143.45456991896,0.0,16556.77315493065,0.0,0.0,19,10,19
43108.951608729054,0.0,45112.117513072604,45964.233283941634,45112.1175130726,704000,808.2442958594802,45964.233283941634,45112.117513072604,10,808.2442958594802,45112.1175130726,0.0,43108.951608729054,0.0,0.0,20,10,20
44570.83321256898,0.0,45438.90394940866,46073.64452659491,45438.903949408654,728000,406.35469404460434,46073.64452659491,45438.90394940866,10,406.35469404460434,45438.903949408654,0.0,44570.83321256898,0.0,0.0,21,10,21
16558.386543407265,0.0,33994.24562878409,45069.31981126005,33994.24562878408,752000,11229.658400843833,45069.31981126005,33994.24562878409,10,11229.658400843833,33994.24562878408,0.0,16558.386543407265,0.0,0.0,22,10,22
37512.04572007119,0.0,80594.47314758526,99027.00379405623,80594.47314758528,776000,18729.828249047667,99027.00379405623,80594.47314758526,10,18729.828249047667,80594.47314758528,0.0,37512.04572007119,0.0,0.0,23,10,23
45896.575686401724,0.2,85878.96916384937,126579.37674674536,85878.96916384935,800000,27205.38933206931,126579.37674674536,85878.96916384937,10,27205.38933206931,85878.96916384935,0.0,45896.575686401724,0.2,0.0,24,10,24
10440.457580900493,0.1,74770.84282022703,119805.83451702523,74770.84282022699,824000,33481.59935126473,119805.83451702523,74770.84282022703,10,33481.59935126473,74770.84282022699,0.0,10440.457580900493,0.1,0.0,25,10,25
12902.220075578714,0.2,78790.30186350853,155377.5563719253,78790.30186350852,848000,43160.906314614134,155377.5563719253,78790.30186350853,10,43160.906314614134,78790.30186350852,0.0,12902.220075578714,0.2,0.0,26,10,26
44805.109459481486,0.6,102692.19196215448,157105.7059747272,102692.1919621545,872000,36628.14623313478,157105.7059747272,102692.19196215448,10,36628.14623313478,102692.1919621545,0.0,44805.109459481486,0.6,0.0,27,10,27
27753.367284337277,0.7,106354.11599466899,158497.51145015066,106354.11599466899,896000,43245.26005121842,158497.51145015066,106354.11599466899,10,43245.26005121842,106354.11599466899,0.0,27753.367284337277,0.7,0.0,28,10,28
13387.201147335276,0.3,65791.05248739859,171444.69433071374,65791.05248739857,920000,57461.915664735694,171444.69433071374,65791.05248739859,10,57461.915664735694,65791.05248739857,0.0,13387.201147335276,0.3,0.0,29,10,29
29959.912100427686,0.3,52093.24092882082,169918.84330239426,52093.24092882084,944000,40382.4510180407,169918.84330239426,52093.24092882082,10,40382.4510180407,52093.24092882084,0.0,29959.912100427686,0.3,0.0,30,10,30
11441.397188190016,0.0,23203.74978369018,44227.27221760383,23203.749783690175,968000,11196.941223617927,44227.27221760383,23203.74978369018,10,11196.941223617927,23203.749783690175,0.0,11441.397188190016,0.0,0.0,31,10,31
-14.378071251231505,0.3,34997.901929487096,161221.97826453234,34997.90192948708,992000,45103.625493113264,161221.97826453234,34997.901929487096,10,45103.625493113264,34997.90192948708,0.0,-14.378071251231505,0.3,0.0,32,10,32
-69.02809127920922,0.1,30862.699089884856,47589.162459449064,30862.699089884856,1016000,13711.713767516905,47589.162459449064,30862.699089884856,10,13711.713767516905,30862.699089884856,0.0,-69.02809127920922,0.1,0.0,33,10,33
16799.227931279438,0.1,32203.46173182611,42389.67244115443,32203.46173182612,1040000,7855.886294572802,42389.67244115443,32203.46173182611,10,7855.886294572802,32203.46173182612,0.0,16799.227931279438,0.1,0.0,34,10,34
27645.781147393853,0.2,46301.24706235029,104785.54095500338,46301.24706235029,1064000,19959.234994746635,104785.54095500338,46301.24706235029,10,19959.234994746635,46301.24706235029,0.0,27645.781147393853,0.2,0.0,35,10,35
717.553515328075,0.3,28085.86994651454,51846.196907392914,28085.869946514547,1088000,15549.18483461301,51846.196907392914,28085.86994651454,10,15549.18483461301,28085.869946514547,0.0,717.553515328075,0.3,0.0,36,10,36
13250.403208553738,0.4,57695.762552043154,180313.04710104468,57695.76255204315,1112000,58946.830567544464,180313.04710104468,57695.762552043154,10,58946.830567544464,57695.76255204315,0.0,13250.403208553738,0.4,0.0,37,10,37
-16.28933419586549,0.2,46824.9374891876,259078.80574862662,46824.93748918763,1136000,71831.58872640367,259078.80574862662,46824.9374891876,10,71831.58872640367,46824.93748918763,0.0,-16.28933419586549,0.2,0.0,38,10,38
-19.64036818997634,0.3,58242.98114128417,231478.3043451713,58242.98114128419,1160000,82747.79333718967,231478.3043451713,58242.98114128417,10,82747.79333718967,58242.98114128419,0.0,-19.64036818997634,0.3,0.0,39,10,39
20698.903886435917,0.1,64519.8430966093,265101.6293601175,64519.8430966093,1184000,68419.09799868407,265101.6293601175,64519.8430966093,10,68419.09799868407,64519.8430966093,0.0,20698.903886435917,0.1,0.0,40,10,40
-18.13335531767322,0.0,22596.77433154435,40680.86483951446,22596.774331544355,1208000,13011.025239150435,40680.86483951446,22596.77433154435,10,13011.025239150435,22596.774331544355,0.0,-18.13335531767322,0.0,0.0,41,10,41
36051.151496653416,0.6,72857.04721731754,132319.390389232,72857.04721731754,1232000,31086.5072276851,132319.390389232,72857.04721731754,10,31086.5072276851,72857.04721731754,0.0,36051.151496653416,0.6,0.0,42,10,42
-138.46258229354063,0.1,8044.618480744475,70564.10701072562,8044.618480744481,1256000,21082.814115867033,70564.10701072562,8044.618480744475,10,21082.814115867033,8044.618480744481,0.0,-138.46258229354063,0.1,0.0,43,10,43
-125.23560645040682,0.2,29317.653366010974,82070.89230056996,29317.653366010956,1280000,32301.192726541107,82070.89230056996,29317.653366010974,10,32301.192726541107,29317.653366010956,0.0,-125.23560645040682,0.2,0.0,44,10,44
-88.45811091745117,0.2,21843.080589765857,87542.99266662846,21843.08058976587,1304000,30771.400727683456,87542.99266662846,21843.080589765857,10,30771.400727683456,21843.08058976587,0.0,-88.45811091745117,0.2,0.0,45,10,45
-27.526012119910117,0.0,8885.85389541878,39076.82738520821,8885.853895418779,1328000,10880.84478053517,39076.82738520821,8885.85389541878,10,10880.84478053517,8885.853895418779,0.0,-27.526012119910117,0.0,0.0,46,10,46
-85.00088339104609,0.1,7833.865041489398,78973.80111903294,7833.865041489398,1352000,23713.317250893506,78973.80111903294,7833.865041489398,10,23713.317250893506,7833.865041489398,0.0,-85.00088339104609,0.1,0.0,47,10,47
16549.075632603253,0.2,39289.5259223427,93133.19984488952,39289.525922342684,1376000,26358.65355317992,93133.19984488952,39289.5259223427,10,26358.65355317992,39289.525922342684,0.0,16549.075632603253,0.2,0.0,48,10,48
4371.1425476771565,0.4,47308.4222379694,97366.82478182329,47308.42223796941,1400000,35821.3788829771,97366.82478182329,47308.4222379694,10,35821.3788829771,47308.42223796941,0.0,4371.1425476771565,0.4,0.0,49,10,49
-95.46517803025995,0.2,18680.859338748334,92510.04521042021,18680.859338748327,1424000,28736.45139076776,92510.04521042021,18680.859338748334,10,28736.45139076776,18680.859338748327,0.0,-95.46517803025995,0.2,0.0,50,10,50
-72.65861504308269,0.1,848.7628937255928,3854.162729290189,848.7628937255926,1448000,1460.778722923317,3854.162729290189,848.7628937255928,10,1460.778722923317,848.7628937255926,0.0,-72.65861504308269,0.1,0.0,51,10,51
-74.35908122660479,0.0,7180.7175986901375,42529.47106585853,7180.71759869014,1472000,14750.53297736413,42529.47106585853,7180.7175986901375,10,14750.53297736413,7180.71759869014,0.0,-74.35908122660479,0.0,0.0,52,10,52
-61.108693146329685,0.0,131.04952721064916,1668.8572139833386,131.0495272106492,1496000,512.6668583192125,1668.8572139833386,131.04952721064916,10,512.6668583192125,131.0495272106492,0.0,-61.108693146329685,0.0,0.0,53,10,53
9459.619830131753,0.1,34471.55333068958,74059.97987701825,34471.55333068957,1520000,21559.972359435793,74059.97987701825,34471.55333068958,10,21559.972359435793,34471.55333068957,0.0,9459.619830131753,0.1,0.0,54,10,54
13078.26368502846,0.2,47638.83904689299,122493.25456645832,47638.83904689297,1544000,31801.53316850209,122493.25456645832,47638.83904689299,10,31801.53316850209,47638.83904689297,0.0,13078.26368502846,0.2,0.0,55,10,55
-119.87630375738794,0.1,-68.93864770743541,-14.946121541121716,-68.9386477074354,1568000,43.469147075110136,-14.946121541121716,-68.93864770743541,10,43.469147075110136,-68.9386477074354,0.0,-119.87630375738794,0.1,0.0,56,10,56
-60.833319857474095,0.0,5963.889341101495,41106.78734489025,5963.889341101497,1592000,12147.165830606731,41106.78734489025,5963.889341101495,10,12147.165830606731,5963.889341101497,0.0,-60.833319857474095,0.0,0.0,57,10,57
-64.81384205196491,0.0,3159.9690135410856,8760.448026818798,3159.969013541085,1616000,3530.8433996907343,8760.448026818798,3159.9690135410856,10,3530.8433996907343,3159.969013541085,0.0,-64.81384205196491,0.0,0.0,58,10,58
15338.302233127952,0.0,36182.39559633503,45313.50236778207,36182.39559633503,1640000,12568.318748554639,45313.50236778207,36182.39559633503,10,12568.318748554639,36182.39559633503,0.0,15338.302233127952,0.0,0.0,59,10,59
-69.60195092717053,0.0,9344.460869700668,44330.82393793143,9344.46086970067,1664000,17451.92967105389,44330.82393793143,9344.460869700668,10,17451.92967105389,9344.46086970067,0.0,-69.60195092717053,0.0,0.0,60,10,60
22093.081413175732,0.5,118717.0976226724,213879.82725463205,118717.09762267242,1688000,66988.93309542132,213879.82725463205,118717.0976226724,10,66988.93309542132,118717.09762267242,0.0,22093.081413175732,0.5,0.0,61,10,61
22552.548805295188,0.6,108958.34180808354,209268.8302468737,108958.34180808355,1712000,72272.7681048725,209268.8302468737,108958.34180808354,10,72272.7681048725,108958.34180808355,0.0,22552.548805295188,0.6,0.0,62,10,62
17183.62489776339,0.0,17999.741355886013,19065.389107264014,17999.741355886013,1736000,598.3243082267015,19065.389107264014,17999.741355886013,10,598.3243082267015,17999.741355886013,0.0,17183.62489776339,0.0,0.0,63,10,63
18904.665974378364,0.2,68957.55065877663,258149.54791819933,68957.55065877661,1760000,93492.717158966,258149.54791819933,68957.55065877663,10,93492.717158966,68957.55065877661,0.0,18904.665974378364,0.2,0.0,64,10,64
17410.533489707035,0.4,83023.881318384,221566.27407457455,83023.881318384,1784000,80161.9432265107,221566.27407457455,83023.881318384,10,80161.9432265107,83023.881318384,0.0,17410.533489707035,0.4,0.0,65,10,65
19900.898320420434,0.5,105999.52434736173,203838.01450914753,105999.52434736176,1808000,79488.5394827239,203838.01450914753,105999.52434736173,10,79488.5394827239,105999.52434736176,0.0,19900.898320420434,0.5,0.0,66,10,66
9246.067378493774,0.3,63629.138205986084,197785.7064225796,63629.13820598604,1832000,58110.41807335612,197785.7064225796,63629.138205986084,10,58110.41807335612,63629.13820598604,0.0,9246.067378493774,0.3,0.0,67,10,67
18302.80064604903,0.5,103135.79027359353,217074.97872073547,103135.79027359352,1856000,70410.0903940023,217074.97872073547,103135.79027359353,10,70410.0903940023,103135.79027359352,0.0,18302.80064604903,0.5,0.0,68,10,68
30758.259955062385,0.4,120619.42740928763,201726.2937441317,120619.42740928759,1880000,59192.47419395229,201726.2937441317,120619.42740928763,10,59192.47419395229,120619.42740928759,0.0,30758.259955062385,0.4,0.0,69,10,69
87612.77738148482,0.7,164800.73925552517,245162.34485243933,164800.73925552514,1904000,59130.59702587898,245162.34485243933,164800.73925552517,10,59130.59702587898,164800.73925552514,0.0,87612.77738148482,0.7,0.0,70,10,70
22021.939195735227,0.3,105892.23955451275,279901.02916304214,105892.23955451278,1928000,80510.84464684252,279901.02916304214,105892.23955451275,10,80510.84464684252,105892.23955451278,0.0,22021.939195735227,0.3,0.0,71,10,71
70879.90140687667,0.1,99594.37817424533,278226.64630345104,99594.37817424528,1952000,60111.74650686903,278226.64630345104,99594.37817424533,10,60111.74650686903,99594.37817424528,0.0,70879.90140687667,0.1,0.0,72,10,72
68626.0428392314,0.4,147874.45813677934,271859.9206595551,147874.45813677934,1976000,84842.69602194466,271859.9206595551,147874.45813677934,10,84842.69602194466,147874.45813677934,0.0,68626.0428392314,0.4,0.0,73,10,73
56131.00617075205,0.5,178875.7700673881,298460.8134138498,178875.77006738808,2000000,102447.83842059084,298460.8134138498,178875.7700673881,10,102447.83842059084,178875.77006738808,0.0,56131.00617075205,0.5,0.0,74,10,74
16630.177218100653,0.5,138476.4334965761,314461.79008690955,138476.43349657615,2024000,124399.94875950585,314461.79008690955,138476.4334965761,10,124399.94875950585,138476.43349657615,0.0,16630.177218100653,0.5,0.0,75,10,75
50761.31571762409,0.6,159216.81470186272,254097.66315058162,159216.8147018627,2048000,69816.32130745664,254097.66315058162,159216.81470186272,10,69816.32130745664,159216.8147018627,0.0,50761.31571762409,0.6,0.0,76,10,76
39555.96902133446,0.5,140738.82702788003,293088.49394037895,140738.82702788,2072000,92604.69107688464,293088.49394037895,140738.82702788003,10,92604.69107688464,140738.82702788,0.0,39555.96902133446,0.5,0.0,77,10,77
33456.478019129354,0.3,130721.89317094225,312160.171574301,130721.89317094225,2096000,118823.4546243192,312160.171574301,130721.89317094225,10,118823.4546243192,130721.89317094225,0.0,33456.478019129354,0.3,0.0,78,10,78
40448.17662134792,0.4,150225.40401914486,311791.1406129306,150225.4040191449,2120000,119100.9553454505,311791.1406129306,150225.40401914486,10,119100.9553454505,150225.4040191449,0.0,40448.17662134792,0.4,0.0,79,10,79
53383.08295884377,0.7,211600.06952484077,312101.2063894484,211600.06952484077,2144000,101234.02359361015,312101.2063894484,211600.06952484077,10,101234.02359361015,211600.06952484077,0.0,53383.08295884377,0.7,0.0,80,10,80
19293.85832657722,0.6,153424.68610669317,307891.5287641044,153424.68610669317,2168000,113691.39086204152,307891.5287641044,153424.68610669317,10,113691.39086204152,153424.68610669317,0.0,19293.85832657722,0.6,0.0,81,10,81
33139.410637524015,0.6,166663.76956677824,305683.3019714371,166663.76956677824,2192000,108305.26136346538,305683.3019714371,166663.76956677824,10,108305.26136346538,166663.76956677824,0.0,33139.410637524015,0.6,0.0,82,10,82
21694.943438797316,0.8,185638.46442238332,298743.60061139206,185638.46442238335,2216000,104546.80325341545,298743.60061139206,185638.46442238332,10,104546.80325341545,185638.46442238335,0.0,21694.943438797316,0.8,0.0,83,10,83
39088.58150198747,0.9,224811.69271667456,298645.1101610047,224811.6927166745,2240000,78464.79956889461,298645.1101610047,224811.69271667456,10,78464.79956889461,224811.6927166745,0.0,39088.58150198747,0.9,0.0,84,10,84
-70.56922063759832,0.0,-63.39595987728321,-49.916307353746056,-63.39595987728321,2264000,5.915449636880905,-49.916307353746056,-63.39595987728321,10,5.915449636880905,-63.39595987728321,0.0,-70.56922063759832,0.0,0.0,85,10,85
-56.600232636179165,0.0,-48.32269552472026,-43.28538390147351,-48.32269552472026,2288000,3.816151641447017,-43.28538390147351,-48.32269552472026,10,3.816151641447017,-48.32269552472026,0.0,-56.600232636179165,0.0,0.0,86,10,86
-59.24032067933132,0.0,3640.5707620490366,19236.98620374683,3640.5707620490357,2312000,6275.439509662814,19236.98620374683,3640.5707620490366,10,6275.439509662814,3640.5707620490357,0.0,-59.24032067933132,0.0,0.0,87,10,87
-58.743370220597846,0.0,-50.952699155424185,-43.27217848018599,-50.95269915542417,2336000,5.226257378633332,-43.27217848018599,-50.952699155424185,10,5.226257378633332,-50.95269915542417,0.0,-58.743370220597846,0.0,0.0,88,10,88
-15.807849410780056,0.2,24879.772364607063,81713.56096375236,24879.77236460705,2360000,24266.029532045446,81713.56096375236,24879.772364607063,10,24266.029532045446,24879.77236460705,0.0,-15.807849410780056,0.2,0.0,89,10,89
15191.263646318237,0.1,32193.381843316478,154457.569662043,32193.381843316492,2384000,40965.29610516681,154457.569662043,32193.381843316478,10,40965.29610516681,32193.381843316492,0.0,15191.263646318237,0.1,0.0,90,10,90
28796.868498197986,0.8,90370.18222258789,150342.43931217506,90370.18222258786,2408000,41626.511076090224,150342.43931217506,90370.18222258789,10,41626.511076090224,90370.18222258786,0.0,28796.868498197986,0.8,0.0,91,10,91
21428.760943424873,0.5,97219.93307521295,222042.6248164406,97219.93307521289,2432000,67837.1527144265,222042.6248164406,97219.93307521295,10,67837.1527144265,97219.93307521289,0.0,21428.760943424873,0.5,0.0,92,10,92
1932.6891425691172,0.1,54319.54336913584,278679.6952498164,54319.543369135805,2456000,76788.01263829602,278679.6952498164,54319.54336913584,10,76788.01263829602,54319.543369135805,0.0,1932.6891425691172,0.1,0.0,93,10,93
46074.71674473373,0.2,68402.80515120334,166571.63670963718,68402.80515120336,2480000,33844.12367680035,166571.63670963718,68402.80515120334,10,33844.12367680035,68402.80515120336,0.0,46074.71674473373,0.2,0.0,94,10,94
17460.50508531105,0.4,90483.11501325994,292666.42404620425,90483.11501325996,2504000,88564.81715157114,292666.42404620425,90483.11501325994,10,88564.81715157114,90483.11501325996,0.0,17460.50508531105,0.4,0.0,95,10,95
21867.488182102155,0.6,107972.57824955943,283229.00192070246,107972.57824955942,2528000,95942.8290732593,283229.00192070246,107972.57824955943,10,95942.8290732593,107972.57824955942,0.0,21867.488182102155,0.6,0.0,96,10,96
43957.083040709316,0.9,178911.23541424688,279058.9945391052,178911.23541424688,2552000,84359.02768173061,279058.9945391052,178911.23541424688,10,84359.02768173061,178911.23541424688,0.0,43957.083040709316,0.9,0.0,97,10,97
26268.371663905127,0.6,134147.54422660943,270768.5641690959,134147.54422660946,2576000,87252.11979944354,270768.5641690959,134147.54422660943,10,87252.11979944354,134147.54422660946,0.0,26268.371663905127,0.6,0.0,98,10,98
42205.82829245643,0.7,179836.04489174127,303993.90854192054,179836.0448917412,2600000,105160.65168167964,303993.90854192054,179836.04489174127,10,105160.65168167964,179836.0448917412,0.0,42205.82829245643,0.7,0.0,99,10,99
34799.45146694248,0.7,150045.84022473876,282747.2297033444,150045.84022473876,2624000,92318.1041938484,282747.2297033444,150045.84022473876,10,92318.1041938484,150045.84022473876,0.0,34799.45146694248,0.7,0.0,100,10,100
678.0207085071062,0.5,115991.09435047771,284534.4723506636,115991.09435047772,2648000,112298.19253125455,284534.4723506636,115991.09435047771,10,112298.19253125455,115991.09435047772,0.0,678.0207085071062,0.5,0.0,101,10,101
35349.204235373065,0.9,177987.377365106,277763.6793055035,177987.37736510602,2672000,83102.58793093219,277763.6793055035,177987.377365106,10,83102.58793093219,177987.37736510602,0.0,35349.204235373065,0.9,0.0,102,10,102
97244.49448437589,1.0,245018.27898564265,310081.67408725724,245018.27898564268,2696000,79695.57615833754,310081.67408725724,245018.27898564265,10,79695.57615833754,245018.27898564268,0.0,97244.49448437589,1.0,0.0,103,10,103
-69.52802992721269,0.6,108027.500136452,296548.03087309474,108027.50013645198,2720000,123114.89564527084,296548.03087309474,108027.500136452,10,123114.89564527084,108027.50013645198,0.0,-69.52802992721269,0.6,0.0,104,10,104
-47.53111953416553,0.4,109824.07830070789,286348.30633696134,109824.07830070794,2744000,123191.43471972857,286348.30633696134,109824.07830070789,10,123191.43471972857,109824.07830070794,0.0,-47.53111953416553,0.4,0.0,105,10,105
-13.724335019929555,0.6,122229.81944607003,267333.2548814874,122229.81944607003,2768000,81839.92020503474,267333.2548814874,122229.81944607003,10,81839.92020503474,122229.81944607003,0.0,-13.724335019929555,0.6,0.0,106,10,106
157343.6505885159,1.0,260877.95243809634,299373.8380049908,260877.95243809643,2792000,38299.49499343291,299373.8380049908,260877.95243809634,10,38299.49499343291,260877.95243809643,0.0,157343.6505885159,1.0,0.0,107,10,107
52993.79320232532,0.7,202498.58380256803,292780.1184879204,202498.58380256803,2816000,84874.02846480627,292780.1184879204,202498.58380256803,10,84874.02846480627,202498.58380256803,0.0,52993.79320232532,0.7,0.0,108,10,108
-120.6269983755635,0.4,115668.5793148275,302579.5951340471,115668.57931482754,2840000,130225.209372614,302579.5951340471,115668.5793148275,10,130225.209372614,115668.57931482754,0.0,-120.6269983755635,0.4,0.0,109,10,109
101674.53849651058,0.9,185107.93145818572,277250.8212132553,185107.9314581858,2864000,60163.36500371278,277250.8212132553,185107.93145818572,10,60163.36500371278,185107.9314581858,0.0,101674.53849651058,0.9,0.0,110,10,110
70989.21162550767,0.9,235367.77448832864,286443.6942979474,235367.77448832858,2888000,72492.64922865172,286443.6942979474,235367.77448832864,10,72492.64922865172,235367.77448832858,0.0,70989.21162550767,0.9,0.0,111,10,111
84693.43473048246,0.8,204688.80250268706,273369.3519813074,204688.80250268703,2912000,69104.95326466412,273369.3519813074,204688.80250268706,10,69104.95326466412,204688.80250268703,0.0,84693.43473048246,0.8,0.0,112,10,112
160013.2557001643,1.0,264572.7734132563,292156.74494605773,264572.7734132563,2936000,36740.481235066414,292156.74494605773,264572.7734132563,10,36740.481235066414,264572.7734132563,0.0,160013.2557001643,1.0,0.0,113,10,113
-88.1800341166361,0.4,100212.23314238936,278281.34409669443,100212.23314238935,2960000,121301.32740560985,278281.34409669443,100212.23314238936,10,121301.32740560985,100212.23314238935,0.0,-88.1800341166361,0.4,0.0,114,10,114
-66.88472919556118,0.4,86175.53638456484,302200.01733058423,86175.53638456482,2984000,107805.09369258913,302200.01733058423,86175.53638456484,10,107805.09369258913,86175.53638456482,0.0,-66.88472919556118,0.4,0.0,115,10,115
102597.34807956118,0.9,200628.7367492443,268983.8108754283,200628.7367492443,3008000,63578.50727812006,268983.8108754283,200628.7367492443,10,63578.50727812006,200628.7367492443,0.0,102597.34807956118,0.9,0.0,116,10,116
169282.86162689573,1.0,253349.11437518624,300143.1993876381,253349.1143751863,3032000,48622.45878222807,300143.1993876381,253349.11437518624,10,48622.45878222807,253349.1143751863,0.0,169282.86162689573,1.0,0.0,117,10,117
135053.07549727522,1.0,270172.36676787183,304304.4871821275,270172.36676787183,3056000,46785.48836410711,304304.4871821275,270172.36676787183,10,46785.48836410711,270172.36676787183,0.0,135053.07549727522,1.0,0.0,118,10,118
-123.53439111448519,0.2,37873.281254073394,176464.0035885838,37873.2812540734,3080000,60050.24444331628,176464.0035885838,37873.281254073394,10,60050.24444331628,37873.2812540734,0.0,-123.53439111448519,0.2,0.0,119,10,119
-61.228207554642815,0.3,90066.28633934469,310833.1022880411,90066.28633934468,3104000,132296.43073653989,310833.1022880411,90066.28633934469,10,132296.43073653989,90066.28633934468,0.0,-61.228207554642815,0.3,0.0,120,10,120
45898.39824682836,0.8,246470.0507066453,304630.47161911643,246470.05070664524,3128000,95330.81608659562,304630.47161911643,246470.0507066453,10,95330.81608659562,246470.05070664524,0.0,45898.39824682836,0.8,0.0,121,10,121
120018.82669346387,0.9,278011.8877345113,305287.77956562967,278011.8877345113,3152000,52895.99253997147,305287.77956562967,278011.8877345113,10,52895.99253997147,278011.8877345113,0.0,120018.82669346387,0.9,0.0,122,10,122
101063.0222876545,0.9,263184.0766361962,308308.3939998312,263184.0766361962,3176000,72540.02751974062,308308.3939998312,263184.0766361962,10,72540.02751974062,263184.0766361962,0.0,101063.0222876545,0.9,0.0,123,10,123
103716.8146835175,1.0,247070.0209713852,294985.82045925583,247070.02097138515,3200000,69520.92064866677,294985.82045925583,247070.0209713852,10,69520.92064866677,247070.02097138515,0.0,103716.8146835175,1.0,0.0,124,10,124
45404.361103539435,0.9,245270.2619849656,309007.5695821598,245270.26198496547,3224000,83133.17390378936,309007.5695821598,245270.2619849656,10,83133.17390378936,245270.26198496547,0.0,45404.361103539435,0.9,0.0,125,10,125
44033.365175049476,1.0,265275.11700867873,301982.82590140344,265275.1170086788,3248000,74452.6149349064,301982.82590140344,265275.11700867873,10,74452.6149349064,265275.1170086788,0.0,44033.365175049476,1.0,0.0,126,10,126
119752.4188844429,1.0,249020.1794837715,296357.5377101513,249020.17948377156,3272000,57851.343723927064,296357.5377101513,249020.1794837715,10,57851.343723927064,249020.17948377156,0.0,119752.4188844429,1.0,0.0,127,10,127
116438.26821764975,1.0,262911.70052226586,301797.34782582166,262911.70052226575,3296000,53206.146221388524,301797.34782582166,262911.70052226586,10,53206.146221388524,262911.70052226575,0.0,116438.26821764975,1.0,0.0,128,10,128
223998.19376443003,1.0,269660.1604452623,292328.9529982682,269660.1604452623,3320000,17869.50065132805,292328.9529982682,269660.1604452623,10,17869.50065132805,269660.1604452623,0.0,223998.19376443003,1.0,0.0,129,10,129
174812.30883870248,1.0,286525.33730149205,311401.9600462191,286525.3373014921,3344000,37921.72573911112,311401.9600462191,286525.33730149205,10,37921.72573911112,286525.3373014921,0.0,174812.30883870248,1.0,0.0,130,10,130
26236.398742914622,0.8,248661.368599571,310338.1794673113,248661.368599571,3368000,103950.85105484289,310338.1794673113,248661.368599571,10,103950.85105484289,248661.368599571,0.0,26236.398742914622,0.8,0.0,131,10,131
30000.971019066077,1.0,244190.53220832028,307265.01780244225,244190.53220832022,3392000,89825.63940822997,307265.01780244225,244190.53220832028,10,89825.63940822997,244190.53220832022,0.0,30000.971019066077,1.0,0.0,132,10,132
252392.58741006974,1.0,287983.56652150466,301446.5834823148,287983.5665215047,3416000,14329.018665838828,301446.5834823148,287983.56652150466,10,14329.018665838828,287983.5665215047,0.0,252392.58741006974,1.0,0.0,133,10,133
180016.27102274902,1.0,282964.70018750115,305959.9764117352,282964.70018750115,3440000,36963.778522843175,305959.9764117352,282964.70018750115,10,36963.778522843175,282964.70018750115,0.0,180016.27102274902,1.0,0.0,134,10,134
100023.56296519516,0.8,262441.54780434776,308932.65072601475,262441.54780434765,3464000,79126.08575747116,308932.65072601475,262441.54780434776,10,79126.08575747116,262441.54780434765,0.0,100023.56296519516,0.8,0.0,135,10,135
-85.0125163851749,0.4,117923.16265960873,311774.2565018664,117923.16265960873,3488000,131393.03182001557,311774.2565018664,117923.16265960873,10,131393.03182001557,117923.16265960873,0.0,-85.0125163851749,0.4,0.0,136,10,136
112946.78989694345,0.9,260502.6039748507,306531.0031678873,260502.60397485076,3512000,72530.22422733667,306531.0031678873,260502.6039748507,10,72530.22422733667,260502.60397485076,0.0,112946.78989694345,0.9,0.0,137,10,137
93564.79465191206,0.9,233828.6664232566,295207.1554169713,233828.66642325665,3536000,68181.21573294503,295207.1554169713,233828.6664232566,10,68181.21573294503,233828.66642325665,0.0,93564.79465191206,0.9,0.0,138,10,138
36144.69081953806,0.9,230762.21279538184,292639.00406420056,230762.2127953819,3560000,71295.36154501782,292639.00406420056,230762.21279538184,10,71295.36154501782,230762.2127953819,0.0,36144.69081953806,0.9,0.0,139,10,139
98639.50458410484,1.0,228261.64369175388,305550.07811334,228261.6436917539,3584000,72116.07656352689,305550.07811334,228261.64369175388,10,72116.07656352689,228261.6436917539,0.0,98639.50458410484,1.0,0.0,140,10,140
201948.30508283532,1.0,274919.901493254,306163.6434708597,274919.901493254,3608000,30227.788811231458,306163.6434708597,274919.901493254,10,30227.788811231458,274919.901493254,0.0,201948.30508283532,1.0,0.0,141,10,141
56238.50103038106,0.9,239801.01967434492,300575.5743138007,239801.01967434492,3632000,75807.50100998054,300575.5743138007,239801.01967434492,10,75807.50100998054,239801.01967434492,0.0,56238.50103038106,0.9,0.0,142,10,142
73426.94863893317,0.9,249868.00140353027,291162.36728968896,249868.00140353027,3656000,63138.73710216279,291162.36728968896,249868.00140353027,10,63138.73710216279,249868.00140353027,0.0,73426.94863893317,0.9,0.0,143,10,143
67418.22797572374,0.8,229515.06140656892,286953.58881712635,229515.06140656892,3680000,74528.40006592213,286953.58881712635,229515.06140656892,10,74528.40006592213,229515.06140656892,0.0,67418.22797572374,0.8,0.0,144,10,144
88466.84551446134,0.9,251657.00837803073,291793.332688105,251657.00837803082,3704000,55727.79056322722,291793.332688105,251657.00837803073,10,55727.79056322722,251657.00837803082,0.0,88466.84551446134,0.9,0.0,145,10,145
87313.97799552887,0.9,235140.8165471387,277784.51007861417,235140.8165471388,3728000,56317.41261100855,277784.51007861417,235140.8165471387,10,56317.41261100855,235140.8165471388,0.0,87313.97799552887,0.9,0.0,146,10,146
65333.74430812886,1.0,254597.52875029473,298498.6157748759,254597.5287502949,3752000,64965.6187541786,298498.6157748759,254597.52875029473,10,64965.6187541786,254597.5287502949,0.0,65333.74430812886,1.0,0.0,147,10,147
152021.97011497107,1.0,214114.13268429725,261130.7334670024,214114.13268429725,3776000,35947.70631880492,261130.7334670024,214114.13268429725,10,35947.70631880492,214114.13268429725,0.0,152021.97011497107,1.0,0.0,148,10,148
51196.09800072146,0.8,192264.21389843564,266466.95980873966,192264.2138984357,3800000,80184.12154523759,266466.95980873966,192264.21389843564,10,80184.12154523759,192264.2138984357,0.0,51196.09800072146,0.8,0.0,149,10,149
148035.6578644195,1.0,227645.92947103787,264790.0507434239,227645.92947103782,3824000,37836.92546726137,264790.0507434239,227645.92947103787,10,37836.92546726137,227645.92947103782,0.0,148035.6578644195,1.0,0.0,150,10,150
142101.29254098007,1.0,218977.94800329028,274207.75725142745,218977.94800329028,3848000,49044.717276655545,274207.75725142745,218977.94800329028,10,49044.717276655545,218977.94800329028,0.0,142101.29254098007,1.0,0.0,151,10,151
60477.66612216738,0.9,198266.09947989736,287439.8704560186,198266.09947989736,3872000,78207.48705504919,287439.8704560186,198266.09947989736,10,78207.48705504919,198266.09947989736,0.0,60477.66612216738,0.9,0.0,152,10,152
82335.5866563597,0.8,243727.75907721635,299141.0441284657,243727.75907721635,3896000,80700.46428072514,299141.0441284657,243727.75907721635,10,80700.46428072514,243727.75907721635,0.0,82335.5866563597,0.8,0.0,153,10,153
36343.069398374144,0.9,211378.69217271157,271890.2075958788,211378.69217271157,3920000,73134.87029395494,271890.2075958788,211378.69217271157,10,73134.87029395494,211378.69217271157,0.0,36343.069398374144,0.9,0.0,154,10,154
186027.6181535545,1.0,276841.4388576016,303403.93213394785,276841.43885760155,3944000,33729.13160810842,303403.93213394785,276841.4388576016,10,33729.13160810842,276841.43885760155,0.0,186027.6181535545,1.0,0.0,155,10,155
171911.40048987698,1.0,243836.10432494106,280225.89649772854,243836.1043249412,3968000,38017.75728076348,280225.89649772854,243836.10432494106,10,38017.75728076348,243836.1043249412,0.0,171911.40048987698,1.0,0.0,156,10,156
112250.66832220761,1.0,244649.37230196115,283916.47676199477,244649.37230196112,3992000,53886.39964634942,283916.47676199477,244649.37230196115,10,53886.39964634942,244649.37230196112,0.0,112250.66832220761,1.0,0.0,157,10,157
120066.80983617455,1.0,247843.66112677212,294728.53478410305,247843.66112677212,4016000,53668.6502456219,294728.53478410305,247843.66112677212,10,53668.6502456219,247843.66112677212,0.0,120066.80983617455,1.0,0.0,158,10,158
-97.58788134896095,0.5,90056.10138752034,228942.32168940656,90056.10138752032,4040000,100782.00633102073,228942.32168940656,90056.10138752034,10,100782.00633102073,90056.10138752032,0.0,-97.58788134896095,0.5,0.0,159,10,159
-93.08043015280468,0.4,94715.08885077608,308069.654011514,94715.08885077608,4064000,131371.99046680098,308069.654011514,94715.08885077608,10,131371.99046680098,94715.08885077608,0.0,-93.08043015280468,0.4,0.0,160,10,160
-81.99343660065944,0.1,46557.69651951174,249347.1901667392,46557.69651951173,4088000,75027.96360223815,249347.1901667392,46557.69651951174,10,75027.96360223815,46557.69651951173,0.0,-81.99343660065944,0.1,0.0,161,10,161
21721.516018897713,0.6,162394.88559471577,302555.56229706685,162394.88559471574,4112000,106232.83415457675,302555.56229706685,162394.88559471577,10,106232.83415457675,162394.88559471574,0.0,21721.516018897713,0.6,0.0,162,10,162
61072.397745416245,0.9,247878.196814196,298014.0266565474,247878.1968141959,4136000,68993.64007742894,298014.0266565474,247878.196814196,10,68993.64007742894,247878.1968141959,0.0,61072.397745416245,0.9,0.0,163,10,163
222662.12374371372,1.0,286607.2590787547,303231.6883225348,286607.2590787547,4160000,23329.21108628793,303231.6883225348,286607.2590787547,10,23329.21108628793,286607.2590787547,0.0,222662.12374371372,1.0,0.0,164,10,164
91047.9751708776,0.9,219860.1865387001,301798.7703003264,219860.1865387002,4184000,85148.74565861392,301798.7703003264,219860.1865387001,10,85148.74565861392,219860.1865387002,0.0,91047.9751708776,0.9,0.0,165,10,165
63124.15836708464,0.9,253705.23287428234,302491.6749331454,253705.23287428234,4208000,76445.1659453114,302491.6749331454,253705.23287428234,10,76445.1659453114,253705.23287428234,0.0,63124.15836708464,0.9,0.0,166,10,166
238127.11515858155,1.0,283930.96393157984,302863.1499981002,283930.96393157984,4232000,20348.48308894782,302863.1499981002,283930.96393157984,10,20348.48308894782,283930.96393157984,0.0,238127.11515858155,1.0,0.0,167,10,167
177111.65796718412,1.0,267818.1164429056,302196.1003103974,267818.1164429056,4256000,40519.36705909062,302196.1003103974,267818.1164429056,10,40519.36705909062,267818.1164429056,0.0,177111.65796718412,1.0,0.0,168,10,168
163302.89496188806,1.0,266717.15171573526,295516.86644611275,266717.1517157352,4280000,38135.227301451196,295516.86644611275,266717.15171573526,10,38135.227301451196,266717.1517157352,0.0,163302.89496188806,1.0,0.0,169,10,169
283862.5452475232,1.0,294840.37655688357,307805.2880056949,294840.37655688357,4304000,6971.611133393643,307805.2880056949,294840.37655688357,10,6971.611133393643,294840.37655688357,0.0,283862.5452475232,1.0,0.0,170,10,170
131964.0328534332,1.0,259135.27992447227,299075.85251753073,259135.27992447218,4328000,52506.584143807486,299075.85251753073,259135.27992447227,10,52506.584143807486,259135.27992447218,0.0,131964.0328534332,1.0,0.0,171,10,171
193456.5349841427,1.0,236592.99330684467,296608.36414875725,236592.99330684458,4352000,36339.59928634261,296608.36414875725,236592.99330684467,10,36339.59928634261,236592.99330684458,0.0,193456.5349841427,1.0,0.0,172,10,172
189565.92851069532,1.0,260152.9211439398,304281.0098041354,260152.9211439399,4376000,37620.07028222824,304281.0098041354,260152.9211439398,10,37620.07028222824,260152.9211439399,0.0,189565.92851069532,1.0,0.0,173,10,173
150827.83719153315,1.0,255557.40681995623,291720.24432556017,255557.4068199563,4400000,44426.48551177485,291720.24432556017,255557.40681995623,10,44426.48551177485,255557.4068199563,0.0,150827.83719153315,1.0,0.0,174,10,174
215808.53641891378,1.0,265952.39820807974,303037.29212822067,265952.3982080798,4424000,25645.872476611432,303037.29212822067,265952.39820807974,10,25645.872476611432,265952.3982080798,0.0,215808.53641891378,1.0,0.0,175,10,175
121571.61406802885,0.9,264394.216803991,302923.6348475833,264394.21680399094,4448000,51715.86689928728,302923.6348475833,264394.216803991,10,51715.86689928728,264394.21680399094,0.0,121571.61406802885,0.9,0.0,176,10,176
230629.7545913733,1.0,265468.38311725506,296895.92550521943,265468.38311725494,4472000,21105.0072877991,296895.92550521943,265468.38311725506,10,21105.0072877991,265468.38311725494,0.0,230629.7545913733,1.0,0.0,177,10,177
186208.0464658269,1.0,272664.71890237916,298760.65498693776,272664.71890237916,4496000,32195.223023351096,298760.65498693776,272664.71890237916,10,32195.223023351096,272664.71890237916,0.0,186208.0464658269,1.0,0.0,178,10,178
128828.41155647516,0.9,229710.18318332126,280788.80639720266,229710.18318332135,4520000,41296.09665233218,280788.80639720266,229710.18318332126,10,41296.09665233218,229710.18318332135,0.0,128828.41155647516,0.9,0.0,179,10,179
184114.99210966253,1.0,240273.5172247671,288595.779346001,240273.51722476716,4544000,37305.7118358327,288595.779346001,240273.5172247671,10,37305.7118358327,240273.51722476716,0.0,184114.99210966253,1.0,0.0,180,10,180
215700.5253355696,1.0,257331.71523882952,293068.6869824149,257331.7152388296,4568000,24154.485142526195,293068.6869824149,257331.71523882952,10,24154.485142526195,257331.7152388296,0.0,215700.5253355696,1.0,0.0,181,10,181
108231.0207118271,0.9,214754.18192215037,262857.51668930415,214754.18192215037,4592000,41955.00780135474,262857.51668930415,214754.18192215037,10,41955.00780135474,214754.18192215037,0.0,108231.0207118271,0.9,0.0,182,10,182
118789.45465797262,0.9,219495.6887532595,299920.7004823733,219495.68875325946,4616000,48128.20310044558,299920.7004823733,219495.6887532595,10,48128.20310044558,219495.68875325946,0.0,118789.45465797262,0.9,0.0,183,10,183
210811.1356290016,1.0,266448.2117676939,302147.1989910956,266448.21176769387,4640000,30106.38803444569,302147.1989910956,266448.2117676939,10,30106.38803444569,266448.21176769387,0.0,210811.1356290016,1.0,0.0,184,10,184
-84.16805993438342,0.1,47117.270663315634,289226.83541721996,47117.27066331563,4664000,84329.51597280569,289226.83541721996,47117.270663315634,10,84329.51597280569,47117.27066331563,0.0,-84.16805993438342,0.1,0.0,185,10,185
-46.458152932561596,0.4,56926.80799231889,235901.35148803348,56926.8079923189,4688000,88750.22401657216,235901.35148803348,56926.80799231889,10,88750.22401657216,56926.8079923189,0.0,-46.458152932561596,0.4,0.0,186,10,186
-58.296294592537,0.5,119737.49706195961,288236.82490165206,119737.49706195958,4712000,128481.46386144058,288236.82490165206,119737.49706195961,10,128481.46386144058,119737.49706195958,0.0,-58.296294592537,0.5,0.0,187,10,187
-72.80821132335086,0.3,59875.708066210595,293822.58008698863,59875.70806621054,4736000,99031.55085869314,293822.58008698863,59875.708066210595,10,99031.55085869314,59875.70806621054,0.0,-72.80821132335086,0.3,0.0,188,10,188
28213.661758454447,0.6,100511.93643072221,195268.50203866683,100511.93643072221,4760000,60159.66491175713,195268.50203866683,100511.93643072221,10,60159.66491175713,100511.93643072221,0.0,28213.661758454447,0.6,0.0,189,10,189
59824.08474955053,1.0,248259.1503629947,308374.13297501946,248259.1503629946,4784000,74321.40942764281,308374.13297501946,248259.1503629947,10,74321.40942764281,248259.1503629946,0.0,59824.08474955053,1.0,0.0,190,10,190
-66.82192903700123,0.4,63457.02113288065,169962.77655680172,63457.02113288065,4808000,69710.71765768631,169962.77655680172,63457.02113288065,10,69710.71765768631,63457.02113288065,0.0,-66.82192903700123,0.4,0.0,191,10,191
-82.02077091605824,0.1,37291.04650860314,286357.9307151693,37291.046508603155,4832000,84865.02789002404,286357.9307151693,37291.04650860314,10,84865.02789002404,37291.046508603155,0.0,-82.02077091605824,0.1,0.0,192,10,192
-85.55396422082039,0.2,36632.55455186423,223193.35183482646,36632.55455186422,4856000,65973.44705806095,223193.35183482646,36632.55455186423,10,65973.44705806095,36632.55455186422,0.0,-85.55396422082039,0.2,0.0,193,10,193
-62.79200617114592,0.3,94840.82613581872,258716.5410620786,94840.8261358187,4880000,109660.09989890267,258716.5410620786,94840.82613581872,10,109660.09989890267,94840.8261358187,0.0,-62.79200617114592,0.3,0.0,194,10,194
38031.43053320412,0.2,49575.23207061426,79578.22566059414,49575.23207061425,4904000,11899.570767779398,79578.22566059414,49575.23207061426,10,11899.570767779398,49575.23207061425,0.0,38031.43053320412,0.2,0.0,195,10,195
43331.299546690934,0.7,157471.3461658441,306472.5496083484,157471.34616584415,4928000,82150.82609432748,306472.5496083484,157471.3461658441,10,82150.82609432748,157471.34616584415,0.0,43331.299546690934,0.7,0.0,196,10,196
21204.06140745268,0.8,237061.47295236457,312078.2567534963,237061.47295236465,4952000,108423.70287993294,312078.2567534963,237061.47295236457,10,108423.70287993294,237061.47295236465,0.0,21204.06140745268,0.8,0.0,197,10,197
134721.75969921268,1.0,264006.61666537693,304980.22108810296,264006.6166653769,4976000,58525.762265813675,304980.22108810296,264006.61666537693,10,58525.762265813675,264006.6166653769,0.0,134721.75969921268,1.0,0.0,198,10,198
192638.17357226007,1.0,263751.3188677544,303818.34012925805,263751.3188677545,5000000,39372.82720275092,303818.34012925805,263751.3188677544,10,39372.82720275092,263751.3188677545,0.0,192638.17357226007,1.0,0.0,199,10,199
199584.8702221521,1.0,274960.1275274212,305166.28740724904,274960.1275274213,5024000,36109.27172254347,305166.28740724904,274960.1275274212,10,36109.27172254347,274960.1275274213,0.0,199584.8702221521,1.0,0.0,200,10,200
278253.9113628979,1.0,295223.4404514287,308395.7206070213,295223.4404514287,5048000,10164.283937926093,308395.7206070213,295223.4404514287,10,10164.283937926093,295223.4404514287,0.0,278253.9113628979,1.0,0.0,201,10,201
205603.8570631231,1.0,272176.9543818863,295286.3451822459,272176.9543818863,5072000,26065.896219334445,295286.3451822459,272176.9543818863,10,26065.896219334445,272176.9543818863,0.0,205603.8570631231,1.0,0.0,202,10,202
