MetaTest/Average/NumTrajs,MetaTest/Average/SuccessRate,MetaTest/Average/AverageReturn,MetaTest/lever-pull-v1/TerminationRate,MetaTest/lever-pull-v1/StdReturn,MetaTest/Average/MaxReturn,MetaTest/Average/TerminationRate,MetaTest/lever-pull-v1/Iteration,MetaTrain/Average/Alpha,MetaTest/lever-pull-v1/MaxReturn,MetaTest/Average/StdReturn,TotalEnvSteps,MetaTest/Average/AverageDiscountedReturn,MetaTrain/Average/QfLoss,MetaTrain/Average/ContrastiveLoss,MetaTest/lever-pull-v1/AverageReturn,MetaTest/lever-pull-v1/SuccessRate,MetaTest/Average/MinReturn,MetaTest/lever-pull-v1/AverageDiscountedReturn,MetaTest/lever-pull-v1/MinReturn,MetaTrain/Average/PolicyLoss,MetaTest/lever-pull-v1/NumTrajs,MetaTrain/Average/AlphaLoss,MetaTest/Average/Iteration
10,0.0,-18.457556619477963,0.0,2.6836547894805847,-13.669172390594431,0.0,0,nan,-13.669172390594431,2.6836547894805847,224000,-18.45755661947796,1.428863,8.510472,-18.457556619477963,0.0,-22.28608193576756,-18.45755661947796,-22.28608193576756,-15.084775,10,6.7323604,0
10,0.0,-9.537354144924418,0.0,2.53913471534502,-5.158876868775407,0.0,1,nan,-5.158876868775407,2.53913471534502,248000,-9.537354144924416,2.4365191,7.959546,-9.537354144924418,0.0,-12.771282716697755,-9.537354144924416,-12.771282716697755,-32.933617,10,6.727124,1
10,0.0,-9.15333186297961,0.0,2.180226825256444,-5.235866171543938,0.0,2,nan,-5.235866171543938,2.180226825256444,272000,-9.153331862979611,3.1054776,7.8613973,-9.15333186297961,0.0,-11.988732723044889,-9.153331862979611,-11.988732723044889,-46.775726,10,6.715069,2
10,0.0,-7.756306394111078,0.0,2.4932637183501236,-5.055304014729196,0.0,3,nan,-5.055304014729196,2.4932637183501236,296000,-7.756306394111076,4.7854114,7.7771206,-7.756306394111078,0.0,-11.746431638805639,-7.756306394111076,-11.746431638805639,-60.122612,10,6.696842,3
10,0.0,-6.093245150329671,0.0,1.6414353585719292,-4.474093130357406,0.0,4,nan,-4.474093130357406,1.6414353585719292,320000,-6.093245150329673,6.1533146,7.955263,-6.093245150329671,0.0,-9.463210768540659,-6.093245150329673,-9.463210768540659,-72.81403,10,6.6745787,4
10,0.0,-9.114888471086072,0.0,2.4157274481167748,-5.274070784554516,0.0,5,nan,-5.274070784554516,2.4157274481167748,344000,-9.114888471086072,8.22239,7.9467783,-9.114888471086072,0.0,-12.640481336205834,-9.114888471086072,-12.640481336205834,-82.52711,10,6.64784,5
10,0.0,-6.339699292519185,0.0,1.5628737817889293,-3.7943998382291784,0.0,6,nan,-3.7943998382291784,1.5628737817889293,368000,-6.339699292519187,9.073572,7.6983604,-6.339699292519185,0.0,-8.690089353943385,-6.339699292519187,-8.690089353943385,-91.30719,10,6.6202207,6
10,0.0,-6.435499931106857,0.0,1.1164233068706904,-4.860324914429321,0.0,7,nan,-4.860324914429321,1.1164233068706904,392000,-6.435499931106858,10.727174,7.698555,-6.435499931106857,0.0,-8.30133621603891,-6.435499931106858,-8.30133621603891,-100.3798,10,6.594792,7
10,0.0,-6.8884580726712645,0.0,1.0328925528055808,-5.619748204167215,0.0,8,nan,-5.619748204167215,1.0328925528055808,416000,-6.8884580726712645,12.138187,7.720515,-6.8884580726712645,0.0,-8.591911864784695,-6.8884580726712645,-8.591911864784695,-108.53103,10,6.5728393,8
10,0.0,-6.5733059013818265,0.0,1.3929223272148759,-4.724010818096215,0.0,9,nan,-4.724010818096215,1.3929223272148759,440000,-6.5733059013818265,13.848708,7.6663523,-6.5733059013818265,0.0,-8.487864992033495,-6.5733059013818265,-8.487864992033495,-115.51837,10,6.5509667,9
10,0.0,-6.589517366662037,0.0,1.0300852394033342,-4.662752011118669,0.0,10,nan,-4.662752011118669,1.0300852394033342,464000,-6.589517366662039,15.279334,7.7261033,-6.589517366662037,0.0,-7.863788561504473,-6.589517366662039,-7.863788561504473,-122.1677,10,6.5338564,10
10,0.0,-6.57684412874296,0.0,1.5131560096024281,-4.429828037798261,0.0,11,nan,-4.429828037798261,1.5131560096024281,488000,-6.576844128742962,16.245192,7.746609,-6.57684412874296,0.0,-8.880282347007858,-6.576844128742962,-8.880282347007858,-128.1044,10,6.5181837,11
10,0.0,-6.697785483890378,0.0,1.5263778068468503,-4.71947140155745,0.0,12,nan,-4.71947140155745,1.5263778068468503,512000,-6.697785483890378,17.174013,7.684695,-6.697785483890378,0.0,-9.57677173691103,-6.697785483890378,-9.57677173691103,-133.35776,10,6.506143,12
10,0.0,-6.12785073062115,0.0,1.1480476398329182,-4.51061009874457,0.0,13,nan,-4.51061009874457,1.1480476398329182,536000,-6.1278507306211525,18.29197,7.722254,-6.12785073062115,0.0,-7.962931666418848,-6.1278507306211525,-7.962931666418848,-137.68146,10,6.495534,13
10,0.0,-5.669392042938892,0.0,1.4042070256343306,-3.817344920088425,0.0,14,nan,-3.817344920088425,1.4042070256343306,560000,-5.66939204293889,18.832281,7.6596675,-5.669392042938892,0.0,-7.990156659966389,-5.66939204293889,-7.990156659966389,-141.47964,10,6.4890575,14
10,0.0,-5.404967592572913,0.0,1.0180131138591837,-4.007727256436123,0.0,15,nan,-4.007727256436123,1.0180131138591837,584000,-5.404967592572914,19.129862,7.6772003,-5.404967592572913,0.0,-7.003621129880893,-5.404967592572914,-7.003621129880893,-145.30257,10,6.4840984,15
10,0.0,-5.41236076960884,0.0,1.043380694794371,-3.42404821470197,0.0,16,nan,-3.42404821470197,1.043380694794371,608000,-5.412360769608842,19.496044,7.679955,-5.41236076960884,0.0,-6.818106624889321,-5.412360769608842,-6.818106624889321,-148.76237,10,6.480084,16
10,0.0,-5.100562334142703,0.0,1.2184715209269057,-3.5381260603857454,0.0,17,nan,-3.5381260603857454,1.2184715209269057,632000,-5.100562334142703,20.070314,7.7144456,-5.100562334142703,0.0,-7.31766547575296,-5.100562334142703,-7.31766547575296,-152.10272,10,6.477364,17
10,0.0,-5.159982912608475,0.0,1.0741281513039964,-3.6212159936366595,0.0,18,nan,-3.6212159936366595,1.0741281513039964,656000,-5.159982912608475,19.318933,7.657823,-5.159982912608475,0.0,-7.53192719490278,-5.159982912608475,-7.53192719490278,-155.84921,10,6.478449,18
10,0.0,-4.877184055950531,0.0,0.9467699873839317,-3.4854063140129456,0.0,19,nan,-3.4854063140129456,0.9467699873839317,680000,-4.877184055950531,19.497587,7.6671267,-4.877184055950531,0.0,-6.5540145661389735,-4.877184055950531,-6.5540145661389735,-159.33769,10,6.4805555,19
10,0.0,-5.621624645493327,0.0,1.4279947877634307,-3.6005569007136944,0.0,20,nan,-3.6005569007136944,1.4279947877634307,704000,-5.621624645493329,19.375906,7.644587,-5.621624645493327,0.0,-8.249173691243728,-5.621624645493329,-8.249173691243728,-161.4628,10,6.479675,20
10,0.0,-4.927155401732724,0.0,1.0418039126800902,-3.5960074983283037,0.0,21,nan,-3.5960074983283037,1.0418039126800902,728000,-4.927155401732725,19.349754,7.658939,-4.927155401732724,0.0,-6.959661213101081,-4.927155401732725,-6.959661213101081,-163.67206,10,6.480229,21
10,0.0,-5.763044517504675,0.0,1.1030005857460494,-3.8664267851240774,0.0,22,nan,-3.8664267851240774,1.1030005857460494,752000,-5.7630445175046745,19.175558,7.610699,-5.763044517504675,0.0,-7.688664989513714,-5.7630445175046745,-7.688664989513714,-166.71365,10,6.483567,22
10,0.0,-5.868188796064709,0.0,1.3836600913060666,-3.9327268245150546,0.0,23,nan,-3.9327268245150546,1.3836600913060666,776000,-5.868188796064709,19.19976,7.609249,-5.868188796064709,0.0,-7.789588894276379,-5.868188796064709,-7.789588894276379,-168.68553,10,6.48622,23
10,0.0,-4.804030676935598,0.0,1.4267963001417154,-3.4356545870534188,0.0,24,nan,-3.4356545870534188,1.4267963001417154,800000,-4.804030676935599,18.991602,7.610566,-4.804030676935598,0.0,-7.645994185865226,-4.804030676935599,-7.645994185865226,-170.77423,10,6.4864845,24
10,0.0,-4.708319039788879,0.0,0.9197951375857346,-3.261284587173125,0.0,25,nan,-3.261284587173125,0.9197951375857346,824000,-4.70831903978888,18.957897,7.615404,-4.708319039788879,0.0,-6.291280085266727,-4.70831903978888,-6.291280085266727,-172.6702,10,6.4887276,25
10,0.0,-5.241969808565973,0.0,1.6202583327421614,-3.5920762543438083,0.0,26,nan,-3.5920762543438083,1.6202583327421614,848000,-5.241969808565972,18.699305,7.611541,-5.241969808565973,0.0,-7.843568553022695,-5.241969808565972,-7.843568553022695,-174.508,10,6.491096,26
10,0.0,-5.231712724109037,0.0,1.1830731769659384,-3.7312555353618038,0.0,27,nan,-3.7312555353618038,1.1830731769659384,872000,-5.231712724109036,18.6291,7.6146374,-5.231712724109037,0.0,-8.008843962321679,-5.231712724109036,-8.008843962321679,-175.99109,10,6.493355,27
10,0.0,-5.175857816868384,0.0,0.8525353548563805,-3.715907677894036,0.0,28,nan,-3.715907677894036,0.8525353548563805,896000,-5.1758578168683815,18.312407,7.6057105,-5.175857816868384,0.0,-6.805133646736987,-5.1758578168683815,-6.805133646736987,-178.162,10,6.4973216,28
10,0.0,-5.314959834165364,0.0,1.1847393078210884,-3.456276547194904,0.0,29,nan,-3.456276547194904,1.1847393078210884,920000,-5.314959834165366,18.154121,7.616589,-5.314959834165364,0.0,-7.813199460358269,-5.314959834165366,-7.813199460358269,-179.78998,10,6.5000176,29
10,0.0,-4.5971190377025835,0.0,1.073666122883077,-3.44290881904291,0.0,30,nan,-3.44290881904291,1.073666122883077,944000,-4.597119037702583,17.924965,7.6114473,-4.5971190377025835,0.0,-6.78435558544609,-4.597119037702583,-6.78435558544609,-181.13339,10,6.502951,30
10,0.0,-5.1232649918710305,0.0,1.3732125129253008,-3.7642222815899755,0.0,31,nan,-3.7642222815899755,1.3732125129253008,968000,-5.1232649918710305,17.744461,7.614963,-5.1232649918710305,0.0,-7.940272298867153,-5.1232649918710305,-7.940272298867153,-182.38374,10,6.504323,31
10,0.0,-4.500837301335144,0.0,0.7465398239022601,-3.1831631240167346,0.0,32,nan,-3.1831631240167346,0.7465398239022601,992000,-4.500837301335144,17.530464,7.6099706,-4.500837301335144,0.0,-5.931472660786487,-4.500837301335144,-5.931472660786487,-183.90735,10,6.507565,32
10,0.0,-4.819912040285396,0.0,0.7908501924669203,-3.5623249052151933,0.0,33,nan,-3.5623249052151933,0.7908501924669203,1016000,-4.819912040285397,17.355242,7.609967,-4.819912040285396,0.0,-6.118790146083696,-4.819912040285397,-6.118790146083696,-185.00877,10,6.511003,33
10,0.0,-5.545118296061341,0.0,1.1068273675165206,-3.876399006442315,0.0,34,nan,-3.876399006442315,1.1068273675165206,1040000,-5.545118296061342,17.479914,7.6097097,-5.545118296061341,0.0,-7.390697416878567,-5.545118296061342,-7.390697416878567,-185.72891,10,6.5125,34
10,0.0,-5.952833178522939,0.0,1.5615751322126081,-3.670808562581752,0.0,35,nan,-3.670808562581752,1.5615751322126081,1064000,-5.952833178522938,17.224026,7.610084,-5.952833178522939,0.0,-8.196653299652795,-5.952833178522938,-8.196653299652795,-186.5455,10,6.51342,35
10,0.0,-5.121332232337705,0.0,0.8583111566748074,-3.8472714592122697,0.0,36,nan,-3.8472714592122697,0.8583111566748074,1088000,-5.121332232337705,17.191393,7.616514,-5.121332232337705,0.0,-6.93298105228325,-5.121332232337705,-6.93298105228325,-187.58385,10,6.516993,36
10,0.0,-4.748249758400122,0.0,0.7071927460298664,-3.7677517385505173,0.0,37,nan,-3.7677517385505173,0.7071927460298664,1112000,-4.748249758400122,17.163202,7.616422,-4.748249758400122,0.0,-5.819223609942236,-4.748249758400122,-5.819223609942236,-188.02925,10,6.518154,37
10,0.0,-5.272989830885562,0.0,0.7019804930314484,-4.104927970389982,0.0,38,nan,-4.104927970389982,0.7019804930314484,1136000,-5.272989830885561,17.22366,7.6132236,-5.272989830885562,0.0,-6.272263274512909,-5.272989830885561,-6.272263274512909,-188.61069,10,6.5185804,38
10,0.0,-4.833217811737048,0.0,1.0457290265185621,-3.387664872421398,0.0,39,nan,-3.387664872421398,1.0457290265185621,1160000,-4.833217811737049,17.165571,7.610917,-4.833217811737048,0.0,-7.456957849404957,-4.833217811737049,-7.456957849404957,-189.16853,10,6.519368,39
10,0.0,-5.020373648025795,0.0,1.806725092729353,-3.367297815169313,0.0,40,nan,-3.367297815169313,1.806725092729353,1184000,-5.020373648025794,17.13458,7.6156087,-5.020373648025795,0.0,-9.619341830477943,-5.020373648025794,-9.619341830477943,-189.73479,10,6.520827,40
10,0.0,-5.0870999623622435,0.0,1.5361309876693803,-2.825960488094639,0.0,41,nan,-2.825960488094639,1.5361309876693803,1208000,-5.087099962362244,17.131973,7.6215653,-5.0870999623622435,0.0,-6.939141580722989,-5.087099962362244,-6.939141580722989,-190.17993,10,6.521084,41
10,0.0,-5.5019671061532325,0.0,1.739956961971587,-3.695092455681245,0.0,42,nan,-3.695092455681245,1.739956961971587,1232000,-5.5019671061532325,17.023273,7.6161213,-5.5019671061532325,0.0,-9.552320424245382,-5.5019671061532325,-9.552320424245382,-190.85165,10,6.5217237,42
10,0.0,-5.686021833234928,0.0,1.420468884366068,-4.055963598336579,0.0,43,nan,-4.055963598336579,1.420468884366068,1256000,-5.6860218332349275,16.977419,7.612383,-5.686021833234928,0.0,-9.317699000704744,-5.6860218332349275,-9.317699000704744,-191.38075,10,6.5242968,43
10,0.0,-5.125605308050681,0.0,1.1623608096835722,-3.36220632519877,0.0,44,nan,-3.36220632519877,1.1623608096835722,1280000,-5.12560530805068,16.961546,7.6084642,-5.125605308050681,0.0,-7.308595305034873,-5.12560530805068,-7.308595305034873,-191.9475,10,6.5255213,44
10,0.0,-4.782760932817242,0.0,1.1917250069361816,-3.5960645756765874,0.0,45,nan,-3.5960645756765874,1.1917250069361816,1304000,-4.782760932817242,16.93611,7.6122756,-4.782760932817242,0.0,-7.321629231210603,-4.782760932817242,-7.321629231210603,-192.41267,10,6.526938,45
10,0.0,-5.01670196264196,0.0,0.7066374059001398,-3.843959274937415,0.0,46,nan,-3.843959274937415,0.7066374059001398,1328000,-5.01670196264196,16.797215,7.6164494,-5.01670196264196,0.0,-6.17063600807364,-5.01670196264196,-6.17063600807364,-193.22241,10,6.5263886,46
10,0.0,-4.829142472010522,0.0,0.9278869788112588,-3.5267080518513496,0.0,47,nan,-3.5267080518513496,0.9278869788112588,1352000,-4.829142472010524,16.77027,7.6144032,-4.829142472010522,0.0,-6.701986543885862,-4.829142472010524,-6.701986543885862,-193.64716,10,6.5288477,47
10,0.0,-4.815892768606314,0.0,0.8966267007544252,-3.4748253981096355,0.0,48,nan,-3.4748253981096355,0.8966267007544252,1376000,-4.815892768606314,16.714203,7.6160493,-4.815892768606314,0.0,-6.832887556925555,-4.815892768606314,-6.832887556925555,-193.97337,10,6.527875,48
10,0.0,-4.666909402112028,0.0,0.8166251124616086,-3.3194180803990614,0.0,49,nan,-3.3194180803990614,0.8166251124616086,1400000,-4.666909402112026,16.729248,7.6196866,-4.666909402112028,0.0,-6.193999639298341,-4.666909402112026,-6.193999639298341,-194.40417,10,6.529238,49
10,0.0,-4.408759836299984,0.0,0.5429701718461913,-3.877531340109164,0.0,50,nan,-3.877531340109164,0.5429701718461913,1424000,-4.408759836299984,16.73786,7.6168776,-4.408759836299984,0.0,-5.438898894525642,-4.408759836299984,-5.438898894525642,-194.78964,10,6.5293436,50
10,0.0,-4.409172981464188,0.0,0.910104756392951,-3.1949446043730987,0.0,51,nan,-3.1949446043730987,0.910104756392951,1448000,-4.409172981464191,16.755018,7.613728,-4.409172981464188,0.0,-5.834865571395968,-4.409172981464191,-5.834865571395968,-195.21347,10,6.5307703,51
10,0.0,-4.864298306807307,0.0,1.0058035388773414,-3.1931201011196553,0.0,52,nan,-3.1931201011196553,1.0058035388773414,1472000,-4.864298306807309,16.706894,7.610082,-4.864298306807307,0.0,-6.644964032590596,-4.864298306807309,-6.644964032590596,-195.51007,10,6.5300117,52
10,0.0,-4.750040587179766,0.0,1.2341822427460996,-3.324622611465006,0.0,53,nan,-3.324622611465006,1.2341822427460996,1496000,-4.750040587179766,16.72642,7.6094074,-4.750040587179766,0.0,-7.630804238949561,-4.750040587179766,-7.630804238949561,-195.90569,10,6.5307083,53
10,0.0,-4.345012585900517,0.0,1.0301483956574848,-3.2347859480416843,0.0,54,nan,-3.2347859480416843,1.0301483956574848,1520000,-4.345012585900516,16.657787,7.6178875,-4.345012585900517,0.0,-6.204394796023149,-4.345012585900516,-6.204394796023149,-196.31122,10,6.5315576,54
10,0.0,-4.172486325697867,0.0,0.5185564541822546,-3.4239300690092747,0.0,55,nan,-3.4239300690092747,0.5185564541822546,1544000,-4.172486325697868,16.636887,7.612273,-4.172486325697867,0.0,-5.104928343739002,-4.172486325697868,-5.104928343739002,-196.76068,10,6.531664,55
10,0.0,-4.591887587560496,0.0,1.0106404119505417,-3.3003666320690273,0.0,56,nan,-3.3003666320690273,1.0106404119505417,1568000,-4.591887587560497,16.509996,7.6158195,-4.591887587560496,0.0,-6.116420184216744,-4.591887587560497,-6.116420184216744,-197.27684,10,6.5338507,56
10,0.0,-4.051652399533376,0.0,0.7361591029862775,-3.2749561601951376,0.0,57,nan,-3.2749561601951376,0.7361591029862775,1592000,-4.051652399533376,16.501892,7.6045823,-4.051652399533376,0.0,-5.948818029727572,-4.051652399533376,-5.948818029727572,-197.68039,10,6.5346713,57
10,0.0,-4.336424510182217,0.0,0.6155483384703457,-3.3010756665542487,0.0,58,nan,-3.3010756665542487,0.6155483384703457,1616000,-4.336424510182217,16.359137,7.6002674,-4.336424510182217,0.0,-5.302669825715973,-4.336424510182217,-5.302669825715973,-198.13562,10,6.53437,58
10,0.0,-5.097171593650303,0.0,0.8122500063659237,-3.7507834794974264,0.0,59,nan,-3.7507834794974264,0.8122500063659237,1640000,-5.097171593650301,16.367832,7.6013017,-5.097171593650303,0.0,-6.769330632378802,-5.097171593650301,-6.769330632378802,-198.60675,10,6.536497,59
10,0.0,-4.786003300782733,0.0,1.0225671780323848,-3.4081498719834493,0.0,60,nan,-3.4081498719834493,1.0225671780323848,1664000,-4.786003300782733,16.165781,7.6011467,-4.786003300782733,0.0,-6.860791681870096,-4.786003300782733,-6.860791681870096,-199.04726,10,6.5369725,60
10,0.0,-4.766825294888056,0.0,0.8509566765111366,-3.7381875935053417,0.0,61,nan,-3.7381875935053417,0.8509566765111366,1688000,-4.766825294888056,16.08342,7.6017075,-4.766825294888056,0.0,-6.652372076977821,-4.766825294888056,-6.652372076977821,-199.52478,10,6.538367,61
10,0.0,-4.3042336942976975,0.0,0.48410910855484146,-3.8433417139763026,0.0,62,nan,-3.8433417139763026,0.48410910855484146,1712000,-4.304233694297696,16.016743,7.604225,-4.3042336942976975,0.0,-5.501363734523618,-4.304233694297696,-5.501363734523618,-199.9373,10,6.5389037,62
10,0.0,-4.449080829423423,0.0,1.063719064302577,-3.0914556754485107,0.0,63,nan,-3.0914556754485107,1.063719064302577,1736000,-4.449080829423421,15.913583,7.6043234,-4.449080829423423,0.0,-6.234049490526811,-4.449080829423421,-6.234049490526811,-200.51111,10,6.5404015,63
10,0.0,-4.228070267862563,0.0,0.704759358553026,-3.0459762228201654,0.0,64,nan,-3.0459762228201654,0.704759358553026,1760000,-4.228070267862562,15.736276,7.6043553,-4.228070267862563,0.0,-5.118853381511157,-4.228070267862562,-5.118853381511157,-201.02597,10,6.5416903,64
10,0.0,-3.9905019739669063,0.0,0.6216396119854143,-2.993972576698516,0.0,65,nan,-2.993972576698516,0.6216396119854143,1784000,-3.990501973966906,15.606908,7.6086593,-3.9905019739669063,0.0,-4.92803152494045,-3.990501973966906,-4.92803152494045,-201.50212,10,6.542433,65
10,0.0,-4.61169292422882,0.0,0.8066419838115809,-3.3979939175047686,0.0,66,nan,-3.3979939175047686,0.8066419838115809,1808000,-4.61169292422882,15.511191,7.610543,-4.61169292422882,0.0,-5.882312845272098,-4.61169292422882,-5.882312845272098,-201.97371,10,6.544346,66
10,0.0,-3.848971881615005,0.0,0.7326462807629864,-2.7892924659813745,0.0,67,nan,-2.7892924659813745,0.7326462807629864,1832000,-3.848971881615004,15.336537,7.6075644,-3.848971881615005,0.0,-5.250979307939341,-3.848971881615004,-5.250979307939341,-202.40944,10,6.545764,67
10,0.0,-4.4274310188263195,0.0,0.7790229981075674,-3.3776247132399653,0.0,68,nan,-3.3776247132399653,0.7790229981075674,1856000,-4.42743101882632,15.229365,7.6067867,-4.4274310188263195,0.0,-5.9997265104651225,-4.42743101882632,-5.9997265104651225,-202.8595,10,6.5470586,68
10,0.0,-4.2885649597587,0.0,0.7591873036992396,-2.9621694594852643,0.0,69,nan,-2.9621694594852643,0.7591873036992396,1880000,-4.2885649597587,15.138877,7.603803,-4.2885649597587,0.0,-5.492592735179313,-4.2885649597587,-5.492592735179313,-203.31226,10,6.5481157,69
10,0.0,-4.109332955301378,0.0,0.878547820378418,-2.6229870236806754,0.0,70,nan,-2.6229870236806754,0.878547820378418,1904000,-4.109332955301378,15.082973,7.607708,-4.109332955301378,0.0,-5.401887123449596,-4.109332955301378,-5.401887123449596,-203.73457,10,6.550064,70
10,0.0,-4.147693611548537,0.0,0.8996141817128869,-3.0136419934766203,0.0,71,nan,-3.0136419934766203,0.8996141817128869,1928000,-4.147693611548538,14.926478,7.6028976,-4.147693611548537,0.0,-5.878782066476225,-4.147693611548538,-5.878782066476225,-204.24922,10,6.5513253,71
10,0.0,-4.371022426808853,0.0,0.6816712603442773,-3.306432324459015,0.0,72,nan,-3.306432324459015,0.6816712603442773,1952000,-4.371022426808852,14.799446,7.603511,-4.371022426808853,0.0,-5.498846418068357,-4.371022426808852,-5.498846418068357,-204.69116,10,6.5515075,72
10,0.0,-4.150928319493913,0.0,1.0619460107960002,-2.544930345384071,0.0,73,nan,-2.544930345384071,1.0619460107960002,1976000,-4.150928319493914,14.784312,7.6060977,-4.150928319493913,0.0,-6.157435994237555,-4.150928319493914,-6.157435994237555,-205.03673,10,6.553062,73
10,0.0,-4.040748581359282,0.0,0.8316841773791616,-3.0310412553509143,0.0,74,nan,-3.0310412553509143,0.8316841773791616,2000000,-4.040748581359281,14.751388,7.606499,-4.040748581359282,0.0,-5.348578121457707,-4.040748581359281,-5.348578121457707,-205.3954,10,6.5531993,74
10,0.0,-3.9726303810263786,0.0,0.7714795099360291,-2.827686922748708,0.0,75,nan,-2.827686922748708,0.7714795099360291,2024000,-3.972630381026377,14.691781,7.60566,-3.9726303810263786,0.0,-5.628761664504369,-3.972630381026377,-5.628761664504369,-205.77065,10,6.5542545,75
10,0.0,-4.181013247618749,0.0,0.49981024206434144,-3.479183714855263,0.0,76,nan,-3.479183714855263,0.49981024206434144,2048000,-4.181013247618749,14.485412,7.6034894,-4.181013247618749,0.0,-5.163419402549174,-4.181013247618749,-5.163419402549174,-206.0702,10,6.555748,76
10,0.0,-4.907078384686095,0.0,1.3177497778537355,-2.9725372694608057,0.0,77,nan,-2.9725372694608057,1.3177497778537355,2072000,-4.907078384686095,14.431234,7.6076765,-4.907078384686095,0.0,-7.2279090169606945,-4.907078384686095,-7.2279090169606945,-206.45255,10,6.5562167,77
10,0.0,-4.7411700591543084,0.0,0.8238024404060086,-3.3499929077927484,0.0,78,nan,-3.3499929077927484,0.8238024404060086,2096000,-4.7411700591543084,14.428434,7.6093545,-4.7411700591543084,0.0,-6.456252544740059,-4.7411700591543084,-6.456252544740059,-206.81691,10,6.5574284,78
10,0.0,-4.544458637258829,0.0,0.7550119547064867,-3.135077362746396,0.0,79,nan,-3.135077362746396,0.7550119547064867,2120000,-4.544458637258831,14.228281,7.6065784,-4.544458637258829,0.0,-5.7130346513188535,-4.544458637258831,-5.7130346513188535,-207.13397,10,6.558058,79
10,0.0,-4.465532589828284,0.0,1.0212530157214699,-3.0375589963298686,0.0,80,nan,-3.0375589963298686,1.0212530157214699,2144000,-4.4655325898282845,14.178273,7.599642,-4.465532589828284,0.0,-6.009221933481032,-4.4655325898282845,-6.009221933481032,-207.48944,10,6.5584803,80
10,0.0,-4.081129192987374,0.0,0.9910637856676774,-2.461432938011417,0.0,81,nan,-2.461432938011417,0.9910637856676774,2168000,-4.081129192987374,14.042958,7.596665,-4.081129192987374,0.0,-6.504395361796451,-4.081129192987374,-6.504395361796451,-207.83302,10,6.560038,81
10,0.0,-3.695479319946255,0.0,0.6710582662201607,-2.912812861967654,0.0,82,nan,-2.912812861967654,0.6710582662201607,2192000,-3.6954793199462572,13.9471,7.600634,-3.695479319946255,0.0,-4.875250460027037,-3.6954793199462572,-4.875250460027037,-208.16847,10,6.561702,82
10,0.0,-4.054272948011677,0.0,0.6229959913292422,-3.1058294063367233,0.0,83,nan,-3.1058294063367233,0.6229959913292422,2216000,-4.054272948011677,13.880413,7.6010976,-4.054272948011677,0.0,-5.147813352201931,-4.054272948011677,-5.147813352201931,-208.53862,10,6.5635734,83
10,0.0,-3.6548217833813252,0.0,0.43991162396625083,-2.9506945904901873,0.0,84,nan,-2.9506945904901873,0.43991162396625083,2240000,-3.6548217833813252,13.773884,7.596428,-3.6548217833813252,0.0,-4.404171929076254,-3.6548217833813252,-4.404171929076254,-208.84903,10,6.563718,84
10,0.0,-4.031691033326939,0.0,0.8925117913099831,-2.7387198686249326,0.0,85,nan,-2.7387198686249326,0.8925117913099831,2264000,-4.031691033326938,13.669824,7.5969276,-4.031691033326939,0.0,-5.292774397406067,-4.031691033326938,-5.292774397406067,-209.21368,10,6.5650907,85
10,0.0,-4.303566678013789,0.0,0.9041126136503919,-3.177025146390203,0.0,86,nan,-3.177025146390203,0.9041126136503919,2288000,-4.303566678013791,13.636258,7.601626,-4.303566678013789,0.0,-6.153892995223036,-4.303566678013791,-6.153892995223036,-209.54033,10,6.5660806,86
10,0.0,-4.570595261093398,0.0,0.6686750995714154,-3.299657725179031,0.0,87,nan,-3.299657725179031,0.6686750995714154,2312000,-4.570595261093397,13.611065,7.6055183,-4.570595261093398,0.0,-5.4177229880687285,-4.570595261093397,-5.4177229880687285,-209.8106,10,6.5667615,87
10,0.0,-3.698295229881063,0.0,0.5954991057135841,-2.767577617021199,0.0,88,nan,-2.767577617021199,0.5954991057135841,2336000,-3.698295229881064,13.603082,7.6044536,-3.698295229881063,0.0,-4.551993568050577,-3.698295229881064,-4.551993568050577,-210.09256,10,6.566529,88
10,0.0,-4.110531283225952,0.0,0.7530966199484279,-3.099256406063257,0.0,89,nan,-3.099256406063257,0.7530966199484279,2360000,-4.110531283225952,13.502108,7.6021204,-4.110531283225952,0.0,-5.118427643991657,-4.110531283225952,-5.118427643991657,-210.2493,10,6.5679717,89
10,0.0,-4.0911099875369,0.0,1.087162254003687,-2.5107636351547553,0.0,90,nan,-2.5107636351547553,1.087162254003687,2384000,-4.091109987536901,13.463219,7.605403,-4.0911099875369,0.0,-5.85906632326154,-4.091109987536901,-5.85906632326154,-210.46016,10,6.5683546,90
10,0.0,-4.538028801077694,0.0,0.9013024734712951,-3.3876034950340066,0.0,91,nan,-3.3876034950340066,0.9013024734712951,2408000,-4.538028801077694,13.388462,7.6073446,-4.538028801077694,0.0,-6.01791598313045,-4.538028801077694,-6.01791598313045,-210.77596,10,6.5687423,91
10,0.0,-5.018494960601321,0.0,1.2948748663877923,-2.7026153760908485,0.0,92,nan,-2.7026153760908485,1.2948748663877923,2432000,-5.018494960601321,13.333677,7.6029835,-5.018494960601321,0.0,-7.202697229383482,-5.018494960601321,-7.202697229383482,-211.0115,10,6.5691147,92
10,0.0,-4.203205042552879,0.0,0.6062212476536374,-2.9398392846041066,0.0,93,nan,-2.9398392846041066,0.6062212476536374,2456000,-4.203205042552879,13.324787,7.6060295,-4.203205042552879,0.0,-4.80330733235524,-4.203205042552879,-4.80330733235524,-211.28397,10,6.5700083,93
10,0.0,-4.407617025071169,0.0,1.248583106170616,-2.6499939391453453,0.0,94,nan,-2.6499939391453453,1.248583106170616,2480000,-4.407617025071169,13.303329,7.608533,-4.407617025071169,0.0,-6.6865621258285906,-4.407617025071169,-6.6865621258285906,-211.4395,10,6.570469,94
10,0.0,-4.139425526966199,0.0,0.529174550322004,-3.264456750153764,0.0,95,nan,-3.264456750153764,0.529174550322004,2504000,-4.139425526966198,13.263534,7.604413,-4.139425526966199,0.0,-4.906018153646636,-4.139425526966198,-4.906018153646636,-211.5564,10,6.5714345,95
10,0.0,-3.6801125147235716,0.0,0.7558858731355781,-2.6759178611448227,0.0,96,nan,-2.6759178611448227,0.7558858731355781,2528000,-3.6801125147235707,13.244395,7.605753,-3.6801125147235716,0.0,-5.281563541930302,-3.6801125147235707,-5.281563541930302,-211.80014,10,6.5721893,96
10,0.0,-3.754140954433842,0.0,1.0593085963613316,-2.5913922784683696,0.0,97,nan,-2.5913922784683696,1.0593085963613316,2552000,-3.7541409544338444,13.209992,7.6064987,-3.754140954433842,0.0,-5.567936011960958,-3.7541409544338444,-5.567936011960958,-211.95947,10,6.5722547,97
10,0.0,-4.565206953580003,0.0,0.6958730399930606,-2.981646223719828,0.0,98,nan,-2.981646223719828,0.6958730399930606,2576000,-4.565206953580003,13.199888,7.607187,-4.565206953580003,0.0,-5.547773966194572,-4.565206953580003,-5.547773966194572,-212.17409,10,6.5734787,98
10,0.0,-4.183248249842073,0.0,0.7310716659233087,-3.0873815422295077,0.0,99,nan,-3.0873815422295077,0.7310716659233087,2600000,-4.183248249842073,13.133894,7.6067185,-4.183248249842073,0.0,-5.196727710755015,-4.183248249842073,-5.196727710755015,-212.38988,10,6.5738673,99
