MetaTest/Average/MaxReturn,MetaTest/window-open-v1/NumTrajs,MetaTest/window-open-v1/MaxReturn,MetaTest/Average/NumTrajs,MetaTest/window-open-v1/MinReturn,MetaTest/window-open-v1/Iteration,MetaTest/Average/AverageReturn,TotalEnvSteps,MetaTest/window-open-v1/TerminationRate,MetaTest/Average/AverageDiscountedReturn,MetaTest/Average/MinReturn,MetaTest/Average/StdReturn,MetaTest/Average/SuccessRate,MetaTest/window-open-v1/AverageReturn,MetaTest/window-open-v1/StdReturn,MetaTest/window-open-v1/AverageDiscountedReturn,MetaTest/Average/TerminationRate,MetaTest/Average/Iteration,MetaTest/window-open-v1/SuccessRate
-35.35813991602615,10,-35.35813991602615,10,-100.2172140799913,0,-70.38174764678199,224000,0.0,-70.38174764678197,-100.2172140799913,21.39862618954964,0.0,-70.38174764678199,21.39862618954964,-70.38174764678197,0.0,0,0.0
-54.91598786258523,10,-54.91598786258523,10,-60.24025137613264,1,-56.83101596430653,248000,0.0,-56.83101596430656,-60.24025137613264,1.9714026686811286,0.0,-56.83101596430653,1.9714026686811286,-56.83101596430656,0.0,1,0.0
2486.4513772799937,10,2486.4513772799937,10,-96.2093289638564,2,616.9413709427293,272000,0.0,616.9413709427292,-96.2093289638564,1049.0804447245382,0.0,616.9413709427293,1049.0804447245382,616.9413709427292,0.0,2,0.0
-19.291566150082154,10,-19.291566150082154,10,-47.591334012102976,3,-31.57626964274977,296000,0.0,-31.57626964274977,-47.591334012102976,6.773902283890905,0.0,-31.57626964274977,6.773902283890905,-31.57626964274977,0.0,3,0.0
25.852104475385435,10,25.852104475385435,10,-67.94967875275809,4,-40.43259987224414,320000,0.0,-40.43259987224415,-67.94967875275809,27.293613829180458,0.3,-40.43259987224414,27.293613829180458,-40.43259987224415,0.0,4,0.3
168573.39149827464,10,168573.39149827464,10,-66.60233057364336,5,17147.50981726648,344000,0.0,17147.509817266473,-66.60233057364336,50484.87630115124,0.2,17147.50981726648,50484.87630115124,17147.509817266473,0.0,5,0.2
-117.7504473860931,10,-117.7504473860931,10,-137.6948103804823,6,-126.16905298509978,368000,0.0,-126.16905298509967,-137.6948103804823,5.954990747972768,0.0,-126.16905298509978,5.954990747972768,-126.16905298509967,0.0,6,0.0
166795.84319848436,10,166795.84319848436,10,-136.18199015670342,7,16591.856249903594,392000,0.0,16591.856249903598,-136.18199015670342,50068.000818862965,0.1,16591.856249903594,50068.000818862965,16591.856249903598,0.0,7,0.1
-25.843076407279636,10,-25.843076407279636,10,-122.63511218361081,8,-58.7264795347773,416000,0.0,-58.72647953477728,-122.63511218361081,29.61988077844007,0.1,-58.7264795347773,29.61988077844007,-58.72647953477728,0.0,8,0.1
110803.37756929988,10,110803.37756929988,10,-104.39591345654728,9,11006.247008568294,440000,0.0,11006.2470085683,-104.39591345654728,33265.714336119556,0.1,11006.247008568294,33265.714336119556,11006.2470085683,0.0,9,0.1
-11.26327718744182,10,-11.26327718744182,10,-111.02504590000538,10,-75.39656161415935,464000,0.0,-75.39656161415932,-111.02504590000538,25.4657190780777,0.0,-75.39656161415935,25.4657190780777,-75.39656161415932,0.0,10,0.0
-26.791371775632328,10,-26.791371775632328,10,-70.43662074085545,11,-56.37369367395182,488000,0.0,-56.373693673951834,-70.43662074085545,12.169004941180091,0.0,-56.37369367395182,12.169004941180091,-56.373693673951834,0.0,11,0.0
129425.95313187501,10,129425.95313187501,10,-104.33577149525469,12,12874.964164939682,512000,0.0,12874.964164939676,-104.33577149525469,38850.338774984346,0.2,12874.964164939682,38850.338774984346,12874.964164939676,0.0,12,0.2
-34.99334161857971,10,-34.99334161857971,10,-114.04025770624561,13,-77.3167525343464,536000,0.0,-77.31675253434648,-114.04025770624561,29.74564980408079,0.0,-77.3167525343464,29.74564980408079,-77.31675253434648,0.0,13,0.0
-79.27098286679755,10,-79.27098286679755,10,-104.1798356688646,14,-90.40294158679873,560000,0.0,-90.40294158679873,-104.1798356688646,9.943203554168212,0.0,-90.40294158679873,9.943203554168212,-90.40294158679873,0.0,14,0.0
63445.747510781846,10,63445.747510781846,10,-94.56811808921503,15,10082.32116299949,584000,0.0,10082.32116299949,-94.56811808921503,21075.742810621818,0.1,10082.32116299949,21075.742810621818,10082.32116299949,0.0,15,0.1
129343.04814193817,10,129343.04814193817,10,-91.64428635012499,16,23599.46167087804,608000,0.0,23599.461670878045,-91.64428635012499,47570.44774627525,0.2,23599.46167087804,47570.44774627525,23599.461670878045,0.0,16,0.2
174623.790589505,10,174623.790589505,10,-86.77185332180665,17,22133.028489501474,632000,0.0,22133.02848950147,-86.77185332180665,51725.7827697253,0.3,22133.028489501474,51725.7827697253,22133.02848950147,0.0,17,0.3
631.9846343533618,10,631.9846343533618,10,-80.98244273494932,18,62.711004066492706,656000,0.0,62.711004066492805,-80.98244273494932,219.4936668349273,0.1,62.711004066492706,219.4936668349273,62.711004066492805,0.0,18,0.1
159195.59540762025,10,159195.59540762025,10,-86.22210190468293,19,15952.876964337722,680000,0.0,15952.876964337722,-86.22210190468293,47747.95723416961,0.1,15952.876964337722,47747.95723416961,15952.876964337722,0.0,19,0.1
92348.9565037404,10,92348.9565037404,10,-39.61917319584824,20,24184.949880782384,704000,0.0,24184.94988078239,-39.61917319584824,35389.637898168454,0.4,24184.949880782384,35389.637898168454,24184.94988078239,0.0,20,0.4
99128.55412074928,10,99128.55412074928,10,-25.11770226167201,21,35294.34422079575,728000,0.0,35294.34422079575,-25.11770226167201,41608.48545119284,0.3,35294.34422079575,41608.48545119284,35294.34422079575,0.0,21,0.3
50139.9091264538,10,50139.9091264538,10,-44.88887484191722,22,8261.934321848237,752000,0.0,8261.934321848235,-44.88887484191722,14968.879781065894,0.2,8261.934321848237,14968.879781065894,8261.934321848235,0.0,22,0.2
62513.434104573564,10,62513.434104573564,10,-79.39707085192144,23,6318.00328645441,776000,0.0,6318.003286454408,-79.39707085192144,18735.26259031724,0.1,6318.00328645441,18735.26259031724,6318.003286454408,0.0,23,0.1
79614.29996948829,10,79614.29996948829,10,-76.73811737834528,24,13686.737934757079,800000,0.0,13686.737934757073,-76.73811737834528,25173.35063273612,0.3,13686.737934757079,25173.35063273612,13686.737934757073,0.0,24,0.3
-14.878771238934691,10,-14.878771238934691,10,-70.93556566299466,25,-46.63684932266608,824000,0.0,-46.63684932266606,-70.93556566299466,17.71029884954144,0.1,-46.63684932266608,17.71029884954144,-46.63684932266606,0.0,25,0.1
93326.01048402871,10,93326.01048402871,10,-83.59527342046387,26,9376.050368862921,848000,0.0,9376.050368862927,-83.59527342046387,27984.66133850498,0.1,9376.050368862921,27984.66133850498,9376.050368862927,0.0,26,0.1
95664.26255796138,10,95664.26255796138,10,-92.64776679902667,27,34613.8377322454,872000,0.0,34613.8377322454,-92.64776679902667,42735.16104279449,0.4,34613.8377322454,42735.16104279449,34613.8377322454,0.0,27,0.4
146150.65285037417,10,146150.65285037417,10,-64.55079828458032,28,56098.08082339639,896000,0.0,56098.080823396405,-64.55079828458032,64093.901878155426,0.4,56098.08082339639,64093.901878155426,56098.080823396405,0.0,28,0.4
134982.07990370973,10,134982.07990370973,10,-66.67109635962477,29,39868.050157980935,920000,0.0,39868.05015798096,-66.67109635962477,60980.45841226444,0.3,39868.050157980935,60980.45841226444,39868.05015798096,0.0,29,0.3
125049.27245031402,10,125049.27245031402,10,-69.06118315900426,30,31312.928366622586,944000,0.0,31312.928366622597,-69.06118315900426,49047.54710492056,0.3,31312.928366622586,49047.54710492056,31312.928366622597,0.0,30,0.3
140212.56906866084,10,140212.56906866084,10,-81.26015217031336,31,44295.719452750855,968000,0.0,44295.719452750855,-81.26015217031336,56324.22681107145,0.4,44295.719452750855,56324.22681107145,44295.719452750855,0.0,31,0.4
107652.67834159982,10,107652.67834159982,10,-81.85431290046624,32,10708.14827411866,992000,0.0,10708.14827411866,-81.85431290046624,32314.846436581473,0.1,10708.14827411866,32314.846436581473,10708.14827411866,0.0,32,0.1
101659.47000680395,10,101659.47000680395,10,-71.2369827010713,33,16260.38563710277,1016000,0.0,16260.385637102769,-71.2369827010713,33848.8584403128,0.1,16260.38563710277,33848.8584403128,16260.385637102769,0.0,33,0.1
165389.2955033088,10,165389.2955033088,10,-69.8301870279627,34,16636.55334778038,1040000,0.0,16636.553347780373,-69.8301870279627,49586.36093425219,0.2,16636.55334778038,49586.36093425219,16636.553347780373,0.0,34,0.2
121157.811352613,10,121157.811352613,10,-75.42102775579846,35,12278.737341774435,1064000,0.0,12278.737341774438,-75.42102775579846,36298.909313391596,0.2,12278.737341774435,36298.909313391596,12278.737341774438,0.0,35,0.2
167169.45219415447,10,167169.45219415447,10,-84.12623031262503,36,51901.54466351063,1088000,0.0,51901.544663510635,-84.12623031262503,66221.78265079038,0.5,51901.54466351063,66221.78265079038,51901.544663510635,0.0,36,0.5
113606.38998620362,10,113606.38998620362,10,-85.1272639669526,37,11301.056242086852,1112000,0.0,11301.056242086846,-85.1272639669526,34101.78221263425,0.2,11301.056242086852,34101.78221263425,11301.056242086846,0.0,37,0.2
48205.41521696635,10,48205.41521696635,10,-84.32717874513858,38,4760.136817038904,1136000,0.0,4760.136817038899,-84.32717874513858,14481.762773548568,0.1,4760.136817038904,14481.762773548568,4760.136817038899,0.0,38,0.1
170464.40174509565,10,170464.40174509565,10,-85.62385362504615,39,40496.30010672925,1160000,0.0,40496.30010672925,-85.62385362504615,64932.684675208824,0.3,40496.30010672925,64932.684675208824,40496.30010672925,0.0,39,0.3
151592.2763190431,10,151592.2763190431,10,-73.47158778597598,40,43305.738958430906,1184000,0.0,43305.738958430906,-73.47158778597598,66356.9631433711,0.4,43305.738958430906,66356.9631433711,43305.738958430906,0.0,40,0.4
135652.59825095392,10,135652.59825095392,10,-65.56674903147673,41,23458.372463003667,1208000,0.0,23458.372463003652,-65.56674903147673,47718.825782444546,0.2,23458.372463003667,47718.825782444546,23458.372463003652,0.0,41,0.2
129344.62208757046,10,129344.62208757046,10,-79.68618290626782,42,52638.058134257226,1232000,0.0,52638.058134257226,-79.68618290626782,55352.86720774822,0.5,52638.058134257226,55352.86720774822,52638.058134257226,0.0,42,0.5
168760.0017391663,10,168760.0017391663,10,-77.26152670224138,43,31596.461542420606,1256000,0.0,31596.46154242059,-77.26152670224138,58161.83190985895,0.3,31596.461542420606,58161.83190985895,31596.46154242059,0.0,43,0.3
166580.33638885128,10,166580.33638885128,10,-61.186730909124684,44,37252.801643603576,1280000,0.0,37252.801643603554,-61.186730909124684,54578.960174715474,0.3,37252.801643603576,54578.960174715474,37252.801643603554,0.0,44,0.3
162466.5185159289,10,162466.5185159289,10,-83.5979005255285,45,38742.90248143069,1304000,0.0,38742.9024814307,-83.5979005255285,53982.52267585032,0.4,38742.90248143069,53982.52267585032,38742.9024814307,0.0,45,0.4
131527.94268258754,10,131527.94268258754,10,-81.46373124824945,46,48129.9138010303,1328000,0.0,48129.9138010303,-81.46373124824945,54267.17958799788,0.6,48129.9138010303,54267.17958799788,48129.9138010303,0.0,46,0.6
-18.492557321009663,10,-18.492557321009663,10,-107.03796578570143,47,-50.89931577402487,1352000,0.0,-50.89931577402486,-107.03796578570143,29.298223193596463,0.1,-50.89931577402487,29.298223193596463,-50.89931577402486,0.0,47,0.1
179990.5970632929,10,179990.5970632929,10,-105.80871890307367,48,17945.507324086095,1376000,0.0,17945.50732408608,-105.80871890307367,54015.06519582976,0.1,17945.507324086095,54015.06519582976,17945.50732408608,0.0,48,0.1
125055.32321581594,10,125055.32321581594,10,-86.32464942970103,49,40354.80155927278,1400000,0.0,40354.80155927279,-86.32464942970103,49483.43356990803,0.5,40354.80155927278,49483.43356990803,40354.80155927279,0.0,49,0.5
113339.77887886911,10,113339.77887886911,10,-69.96514998029541,50,20898.841570098597,1424000,0.0,20898.8415700986,-69.96514998029541,42060.194711034615,0.2,20898.841570098597,42060.194711034615,20898.8415700986,0.0,50,0.2
155596.6441300644,10,155596.6441300644,10,-62.3237753410258,51,28997.29774807934,1448000,0.0,28997.297748079356,-62.3237753410258,57685.05046290674,0.2,28997.29774807934,57685.05046290674,28997.297748079356,0.0,51,0.2
123773.48126429865,10,123773.48126429865,10,-121.75198605081626,52,16357.767333643269,1472000,0.0,16357.767333643269,-121.75198605081626,37666.76390741617,0.3,16357.767333643269,37666.76390741617,16357.767333643269,0.0,52,0.3
136883.10354630725,10,136883.10354630725,10,-58.08877352342992,53,32942.57580301804,1496000,0.0,32942.57580301803,-58.08877352342992,48167.036161737,0.3,32942.57580301804,48167.036161737,32942.57580301803,0.0,53,0.3
173117.38592253733,10,173117.38592253733,10,-76.0684338699271,54,32216.951157830666,1520000,0.0,32216.951157830674,-76.0684338699271,64764.38507245834,0.3,32216.951157830666,64764.38507245834,32216.951157830674,0.0,54,0.3
129091.62286539277,10,129091.62286539277,10,-51.127645196052725,55,32749.354101821424,1544000,0.0,32749.354101821424,-51.127645196052725,52109.32082072942,0.3,32749.354101821424,52109.32082072942,32749.354101821424,0.0,55,0.3
110401.62026655118,10,110401.62026655118,10,-69.07863188655686,56,39310.607446869195,1568000,0.0,39310.60744686919,-69.07863188655686,48725.34091637021,0.5,39310.607446869195,48725.34091637021,39310.60744686919,0.0,56,0.5
143492.46780055627,10,143492.46780055627,10,-59.22732552693132,57,40329.22546370279,1592000,0.0,40329.22546370275,-59.22732552693132,54654.35254975157,0.3,40329.22546370279,54654.35254975157,40329.22546370275,0.0,57,0.3
172886.35856824202,10,172886.35856824202,10,-56.491113592218824,58,46215.7147094327,1616000,0.0,46215.714709432716,-56.491113592218824,63255.18093364463,0.6,46215.7147094327,63255.18093364463,46215.714709432716,0.0,58,0.6
154015.48498370536,10,154015.48498370536,10,-72.92168613810675,59,43373.265461610245,1640000,0.0,43373.26546161023,-72.92168613810675,56084.32990468633,0.4,43373.265461610245,56084.32990468633,43373.26546161023,0.0,59,0.4
71738.41924998113,10,71738.41924998113,10,-62.726007379043764,60,7135.3803272835985,1664000,0.0,7135.380327283599,-62.726007379043764,21534.350000216422,0.2,7135.3803272835985,21534.350000216422,7135.380327283599,0.0,60,0.2
141054.5798429896,10,141054.5798429896,10,-66.26330148648881,61,29309.043304998148,1688000,0.0,29309.04330499813,-66.26330148648881,52978.76534602072,0.3,29309.043304998148,52978.76534602072,29309.04330499813,0.0,61,0.3
89323.34990982828,10,89323.34990982828,10,-64.16934434697507,62,32442.53691397988,1712000,0.0,32442.536913979868,-64.16934434697507,39922.121774238825,0.4,32442.53691397988,39922.121774238825,32442.536913979868,0.0,62,0.4
144756.45781341125,10,144756.45781341125,10,-61.126543551236004,63,48033.864112578376,1736000,0.0,48033.864112578376,-61.126543551236004,59715.50176605564,0.4,48033.864112578376,59715.50176605564,48033.864112578376,0.0,63,0.4
140038.632162574,10,140038.632162574,10,-60.49518849923339,64,14458.088928798728,1760000,0.0,14458.088928798737,-60.49518849923339,41869.42326106446,0.5,14458.088928798728,41869.42326106446,14458.088928798737,0.0,64,0.5
-28.73306607063783,10,-28.73306607063783,10,-60.87104327610075,65,-38.52333384206561,1784000,0.0,-38.523333842065604,-60.87104327610075,9.28302226450657,0.1,-38.52333384206561,9.28302226450657,-38.523333842065604,0.0,65,0.1
2368.8540482408825,10,2368.8540482408825,10,-61.661185104008865,66,195.0849716318802,1808000,0.0,195.0849716318802,-61.661185104008865,724.6987760727186,0.1,195.0849716318802,724.6987760727186,195.0849716318802,0.0,66,0.1
138124.94404708737,10,138124.94404708737,10,-61.10073997585033,67,23380.169430085432,1832000,0.0,23380.169430085436,-61.10073997585033,45906.337515898544,0.3,23380.169430085432,45906.337515898544,23380.169430085436,0.0,67,0.3
138739.76726822456,10,138739.76726822456,10,-56.99417258762527,68,48297.57984334767,1856000,0.0,48297.57984334764,-56.99417258762527,59938.89676083719,0.5,48297.57984334767,59938.89676083719,48297.57984334764,0.0,68,0.5
153214.57201112536,10,153214.57201112536,10,-63.3286567259712,69,28797.996408084226,1880000,0.0,28797.996408084222,-63.3286567259712,57623.55982108916,0.3,28797.996408084226,57623.55982108916,28797.996408084222,0.0,69,0.3
158276.6495913198,10,158276.6495913198,10,-60.236275040538004,70,67824.7403033944,1904000,0.0,67824.74030339438,-60.236275040538004,70636.4404218554,0.5,67824.7403033944,70636.4404218554,67824.74030339438,0.0,70,0.5
116487.77965699811,10,116487.77965699811,10,-67.03368352926651,71,19368.311820333915,1928000,0.0,19368.311820333907,-67.03368352926651,39805.129560685506,0.2,19368.311820333915,39805.129560685506,19368.311820333907,0.0,71,0.2
131195.60550182947,10,131195.60550182947,10,-66.7734288827725,72,44046.75036180886,1952000,0.0,44046.750361808874,-66.7734288827725,48173.51269689499,0.4,44046.75036180886,48173.51269689499,44046.750361808874,0.0,72,0.4
109574.10866493909,10,109574.10866493909,10,-124.15941503924957,73,20318.99584355471,1976000,0.0,20318.995843554716,-124.15941503924957,40946.792057430495,0.2,20318.99584355471,40946.792057430495,20318.995843554716,0.0,73,0.2
-44.78731088019943,10,-44.78731088019943,10,-140.70473735950125,74,-86.60746133309374,2000000,0.0,-86.60746133309374,-140.70473735950125,35.96892826092683,0.0,-86.60746133309374,35.96892826092683,-86.60746133309374,0.0,74,0.0
78844.6945770329,10,78844.6945770329,10,-120.40647359924981,75,12255.622889399618,2024000,0.0,12255.622889399629,-120.40647359924981,25869.669621073743,0.2,12255.622889399618,25869.669621073743,12255.622889399629,0.0,75,0.2
172074.50339249856,10,172074.50339249856,10,-93.40693845262659,76,35981.49338917715,2048000,0.0,35981.49338917718,-93.40693845262659,59000.4654061207,0.3,35981.49338917715,59000.4654061207,35981.49338917718,0.0,76,0.3
112767.83464627067,10,112767.83464627067,10,-91.03516410614131,77,12976.78962874037,2072000,0.0,12976.78962874037,-91.03516410614131,33676.15569894747,0.2,12976.78962874037,33676.15569894747,12976.78962874037,0.0,77,0.2
145652.51410887786,10,145652.51410887786,10,-73.5320829426557,78,46136.57540936432,2096000,0.0,46136.575409364305,-73.5320829426557,53434.568636226424,0.4,46136.57540936432,53434.568636226424,46136.575409364305,0.0,78,0.4
137106.9476802533,10,137106.9476802533,10,-80.25351531529085,79,58703.546126844885,2120000,0.0,58703.546126844885,-80.25351531529085,56772.49071691009,0.7,58703.546126844885,56772.49071691009,58703.546126844885,0.0,79,0.7
140623.12488714606,10,140623.12488714606,10,-56.58814772027197,80,48790.335077307114,2144000,0.0,48790.3350773071,-56.58814772027197,53299.06688162985,0.6,48790.335077307114,53299.06688162985,48790.3350773071,0.0,80,0.6
147722.06158801576,10,147722.06158801576,10,-57.18834622570277,81,66442.03559333565,2168000,0.0,66442.03559333566,-57.18834622570277,53500.13982003377,0.6,66442.03559333565,53500.13982003377,66442.03559333566,0.0,81,0.6
156085.36016765307,10,156085.36016765307,10,-57.599223833054985,82,36304.018813994095,2192000,0.0,36304.01881399409,-57.599223833054985,59627.451061347325,0.3,36304.018813994095,59627.451061347325,36304.01881399409,0.0,82,0.3
129872.19404239266,10,129872.19404239266,10,-71.52134468432352,83,27656.557870030967,2216000,0.0,27656.557870030974,-71.52134468432352,44141.70777989037,0.3,27656.557870030967,44141.70777989037,27656.557870030974,0.0,83,0.3
147394.3014016581,10,147394.3014016581,10,-136.74294178826864,84,34056.693369028304,2240000,0.0,34056.69336902833,-136.74294178826864,54416.37585508906,0.3,34056.693369028304,54416.37585508906,34056.69336902833,0.0,84,0.3
88434.95705941076,10,88434.95705941076,10,-131.7423905150905,85,21702.441794287315,2264000,0.0,21702.441794287308,-131.7423905150905,34729.59189492781,0.2,21702.441794287315,34729.59189492781,21702.441794287308,0.0,85,0.2
102.55644673177316,10,102.55644673177316,10,-130.32965482432851,86,-67.47604862824201,2288000,0.0,-67.47604862824203,-130.32965482432851,64.96561664655783,0.0,-67.47604862824201,64.96561664655783,-67.47604862824203,0.0,86,0.0
127998.72049398029,10,127998.72049398029,10,-60.94727022525762,87,23660.352154277163,2312000,0.0,23660.352154277156,-60.94727022525762,47619.47297987214,0.2,23660.352154277163,47619.47297987214,23660.352154277156,0.0,87,0.2
104143.01052339587,10,104143.01052339587,10,-136.45777775825718,88,23519.814269563467,2336000,0.0,23519.814269563474,-136.45777775825718,37605.37659415927,0.2,23519.814269563467,37605.37659415927,23519.814269563474,0.0,88,0.2
136588.972163063,10,136588.972163063,10,-143.35736545688474,89,31800.61265347283,2360000,0.0,31800.61265347282,-143.35736545688474,50557.42261365983,0.4,31800.61265347283,50557.42261365983,31800.61265347282,0.0,89,0.4
115559.65676278435,10,115559.65676278435,10,-127.38379317279168,90,15309.19078709721,2384000,0.0,15309.19078709721,-127.38379317279168,35319.57727239369,0.1,15309.19078709721,35319.57727239369,15309.19078709721,0.0,90,0.1
135330.79858207295,10,135330.79858207295,10,-63.53433128619066,91,50101.44855443408,2408000,0.0,50101.44855443409,-63.53433128619066,52886.50546943081,0.5,50101.44855443408,52886.50546943081,50101.44855443409,0.0,91,0.5
87918.25166483133,10,87918.25166483133,10,-68.37710118335488,92,34712.98097452251,2432000,0.0,34712.98097452249,-68.37710118335488,40100.701181978926,0.4,34712.98097452251,40100.701181978926,34712.98097452249,0.0,92,0.4
165275.97513359503,10,165275.97513359503,10,-59.07199397816793,93,56242.315664851994,2456000,0.0,56242.315664851994,-59.07199397816793,59572.36001548776,0.6,56242.315664851994,59572.36001548776,56242.315664851994,0.0,93,0.6
174066.24196995317,10,174066.24196995317,10,-62.49623515395887,94,35574.19582173692,2480000,0.0,35574.19582173694,-62.49623515395887,59090.03272088196,0.4,35574.19582173692,59090.03272088196,35574.19582173694,0.0,94,0.4
117263.75328743483,10,117263.75328743483,10,-51.72701915306075,95,33782.31024360123,2504000,0.0,33782.31024360122,-51.72701915306075,40129.9319886828,0.5,33782.31024360123,40129.9319886828,33782.31024360122,0.0,95,0.5
135894.46444854364,10,135894.46444854364,10,-59.284154996025464,96,51130.51406389936,2528000,0.0,51130.51406389936,-59.284154996025464,53258.53449792139,0.5,51130.51406389936,53258.53449792139,51130.51406389936,0.0,96,0.5
158172.65662536668,10,158172.65662536668,10,-44.49440808167784,97,87270.85512758928,2552000,0.0,87270.8551275893,-44.49440808167784,59507.18100678595,0.8,87270.85512758928,59507.18100678595,87270.8551275893,0.0,97,0.8
130464.02909263114,10,130464.02909263114,10,-61.37048789036727,98,51583.5752966643,2576000,0.0,51583.57529666428,-61.37048789036727,53849.00721067627,0.5,51583.5752966643,53849.00721067627,51583.57529666428,0.0,98,0.5
152963.72587167425,10,152963.72587167425,10,-59.27378091319235,99,72024.78695124105,2600000,0.0,72024.78695124103,-59.27378091319235,60045.286410827895,0.7,72024.78695124105,60045.286410827895,72024.78695124103,0.0,99,0.7
149272.19787733327,10,149272.19787733327,10,-54.12272182231959,100,66607.66595227494,2624000,0.0,66607.66595227493,-54.12272182231959,58267.98379328837,0.6,66607.66595227494,58267.98379328837,66607.66595227493,0.0,100,0.6
128246.37068252945,10,128246.37068252945,10,-56.14262464408193,101,48768.424540996966,2648000,0.0,48768.42454099696,-56.14262464408193,52907.4257294466,0.6,48768.424540996966,52907.4257294466,48768.42454099696,0.0,101,0.6
141994.30448861115,10,141994.30448861115,10,-60.87086065116158,102,25873.234516013745,2672000,0.0,25873.23451601373,-60.87086065116158,46504.004205659934,0.7,25873.234516013745,46504.004205659934,25873.23451601373,0.0,102,0.7
146522.5415923793,10,146522.5415923793,10,-60.6198098880852,103,55851.82228635599,2696000,0.0,55851.82228635599,-60.6198098880852,54426.96800974037,0.6,55851.82228635599,54426.96800974037,55851.82228635599,0.0,103,0.6
134716.0910264468,10,134716.0910264468,10,-64.3349862792734,104,40397.03613275752,2720000,0.0,40397.03613275754,-64.3349862792734,52397.195255691404,0.4,40397.03613275752,52397.195255691404,40397.03613275754,0.0,104,0.4
119701.15048374835,10,119701.15048374835,10,-53.00075773529973,105,20073.661737174676,2744000,0.0,20073.66173717466,-53.00075773529973,40934.646561720685,0.5,20073.661737174676,40934.646561720685,20073.66173717466,0.0,105,0.5
143550.39490345065,10,143550.39490345065,10,-64.43467675701767,106,33943.981011956734,2768000,0.0,33943.981011956756,-64.43467675701767,52715.261220227905,0.4,33943.981011956734,52715.261220227905,33943.981011956756,0.0,106,0.4
142670.58792466827,10,142670.58792466827,10,-62.78007938075388,107,60824.972490663255,2792000,0.0,60824.97249066325,-62.78007938075388,55511.00994691037,0.5,60824.972490663255,55511.00994691037,60824.97249066325,0.0,107,0.5
151293.60203299392,10,151293.60203299392,10,-60.56222957741722,108,72374.09665416677,2816000,0.0,72374.09665416677,-60.56222957741722,63855.95554301369,0.6,72374.09665416677,63855.95554301369,72374.09665416677,0.0,108,0.6
161959.73297572415,10,161959.73297572415,10,-67.20226926532828,109,40299.79280040912,2840000,0.0,40299.79280040911,-67.20226926532828,51822.609744498004,0.5,40299.79280040912,51822.609744498004,40299.79280040911,0.0,109,0.5
122623.2852733826,10,122623.2852733826,10,-61.70491848662506,110,57988.36410020501,2864000,0.0,57988.364100205035,-61.70491848662506,52710.65987755777,0.7,57988.36410020501,52710.65987755777,57988.364100205035,0.0,110,0.7
147958.493744526,10,147958.493744526,10,-65.91607114098534,111,33219.59452631494,2888000,0.0,33219.594526314926,-65.91607114098534,52860.45060671615,0.3,33219.59452631494,52860.45060671615,33219.594526314926,0.0,111,0.3
131522.67975208713,10,131522.67975208713,10,-63.950127301082034,112,47744.79805903018,2912000,0.0,47744.79805903017,-63.950127301082034,51482.76441331301,0.6,47744.79805903018,51482.76441331301,47744.79805903017,0.0,112,0.6
120100.93913058737,10,120100.93913058737,10,-49.74071976328879,113,65649.2565278303,2936000,0.0,65649.2565278303,-49.74071976328879,53932.88414238921,0.8,65649.2565278303,53932.88414238921,65649.2565278303,0.0,113,0.8
148798.5748375148,10,148798.5748375148,10,-64.37508681073774,114,57882.291117338136,2960000,0.0,57882.29111733815,-64.37508681073774,61553.82883799004,0.5,57882.291117338136,61553.82883799004,57882.29111733815,0.0,114,0.5
163300.6030001233,10,163300.6030001233,10,-65.26954847774249,115,20227.48288393392,2984000,0.0,20227.48288393393,-65.26954847774249,49112.38097806469,0.4,20227.48288393392,49112.38097806469,20227.48288393393,0.0,115,0.4
79027.64745584516,10,79027.64745584516,10,-134.0150387829518,116,7820.906349572023,3008000,0.0,7820.906349572026,-134.0150387829518,23735.603901918632,0.1,7820.906349572023,23735.603901918632,7820.906349572026,0.0,116,0.1
146049.79848109809,10,146049.79848109809,10,-101.99604654388841,117,36905.5587439596,3032000,0.0,36905.55874395958,-101.99604654388841,58857.132431824866,0.3,36905.5587439596,58857.132431824866,36905.55874395958,0.0,117,0.3
103182.51281415095,10,103182.51281415095,10,-139.3072047306217,118,16902.105436043883,3056000,0.0,16902.10543604389,-139.3072047306217,34962.51133357713,0.1,16902.105436043883,34962.51133357713,16902.10543604389,0.0,118,0.1
118627.08848295927,10,118627.08848295927,10,-76.79198363034588,119,11822.742048662883,3080000,0.0,11822.74204866289,-76.79198363034588,35601.45182674375,0.1,11822.742048662883,35601.45182674375,11822.74204866289,0.0,119,0.1
95436.43928881676,10,95436.43928881676,10,-87.9619282991152,120,13587.009928077276,3104000,0.0,13587.00992807727,-87.9619282991152,29725.65604213091,0.3,13587.009928077276,29725.65604213091,13587.00992807727,0.0,120,0.3
116175.93757604154,10,116175.93757604154,10,-127.26714294816715,121,18600.932460709264,3128000,0.0,18600.932460709264,-127.26714294816715,36124.52131112454,0.2,18600.932460709264,36124.52131112454,18600.932460709264,0.0,121,0.2
154340.64379747908,10,154340.64379747908,10,-68.48231779262812,122,67654.74944808212,3152000,0.0,67654.74944808213,-68.48231779262812,69237.15071616248,0.6,67654.74944808212,69237.15071616248,67654.74944808213,0.0,122,0.6
148236.16647709394,10,148236.16647709394,10,-66.66782665768369,123,32187.368510677257,3176000,0.0,32187.36851067727,-66.66782665768369,55225.15907148025,0.4,32187.368510677257,55225.15907148025,32187.36851067727,0.0,123,0.4
147659.39443000886,10,147659.39443000886,10,-60.4679066173615,124,14729.595724507968,3200000,0.0,14729.595724507974,-60.4679066173615,44309.933973346786,0.1,14729.595724507968,44309.933973346786,14729.595724507974,0.0,124,0.1
142319.87075769337,10,142319.87075769337,10,-55.95375594060923,125,44126.661607015776,3224000,0.0,44126.661607015776,-55.95375594060923,58978.730519231874,0.6,44126.661607015776,58978.730519231874,44126.661607015776,0.0,125,0.6
151570.895362663,10,151570.895362663,10,-55.68902328630004,126,57857.945663503815,3248000,0.0,57857.945663503815,-55.68902328630004,55666.340888860905,0.6,57857.945663503815,55666.340888860905,57857.945663503815,0.0,126,0.6
155041.9174665346,10,155041.9174665346,10,-37.03309016422254,127,51157.62921641177,3272000,0.0,51157.62921641175,-37.03309016422254,63607.59229669203,0.6,51157.62921641177,63607.59229669203,51157.62921641175,0.0,127,0.6
137697.22892625543,10,137697.22892625543,10,-135.12695879279073,128,48272.20021761132,3296000,0.0,48272.200217611346,-135.12695879279073,60238.5051656075,0.5,48272.20021761132,60238.5051656075,48272.200217611346,0.0,128,0.5
108412.26503727968,10,108412.26503727968,10,-109.61487775868409,129,17438.947923362775,3320000,0.0,17438.94792336278,-109.61487775868409,36268.89406527739,0.2,17438.947923362775,36268.89406527739,17438.94792336278,0.0,129,0.2
30245.648223787517,10,30245.648223787517,10,-81.29028071549683,130,5286.860204822401,3344000,0.0,5286.860204822401,-81.29028071549683,9444.168584154108,0.0,5286.860204822401,9444.168584154108,5286.860204822401,0.0,130,0.0
158232.28206400687,10,158232.28206400687,10,-89.79579688967084,131,29271.355261722703,3368000,0.0,29271.355261722703,-89.79579688967084,50775.48667527242,0.3,29271.355261722703,50775.48667527242,29271.355261722703,0.0,131,0.3
140510.0343989361,10,140510.0343989361,10,-57.72252948685471,132,36793.598578742516,3392000,0.0,36793.598578742516,-57.72252948685471,56679.78220662016,0.4,36793.598578742516,56679.78220662016,36793.598578742516,0.0,132,0.4
137229.26560444513,10,137229.26560444513,10,-66.16441915361308,133,13893.64792452603,3416000,0.0,13893.647924526033,-66.16441915361308,41114.81725735717,0.1,13893.64792452603,41114.81725735717,13893.647924526033,0.0,133,0.1
120275.43832832018,10,120275.43832832018,10,-110.12622298036368,134,39433.08576625137,3440000,0.0,39433.08576625139,-110.12622298036368,49729.24875432402,0.4,39433.08576625137,49729.24875432402,39433.08576625139,0.0,134,0.4
134524.09192373534,10,134524.09192373534,10,-141.73857698971472,135,47180.495783100276,3464000,0.0,47180.495783100276,-141.73857698971472,58276.74669172289,0.4,47180.495783100276,58276.74669172289,47180.495783100276,0.0,135,0.4
149295.66464814835,10,149295.66464814835,10,-128.7035024980131,136,14878.295881666865,3488000,0.0,14878.295881666865,-128.7035024980131,44805.80427604246,0.4,14878.295881666865,44805.80427604246,14878.295881666865,0.0,136,0.4
160598.156835639,10,160598.156835639,10,-120.24898657851858,137,51256.22674006692,3512000,0.0,51256.22674006693,-120.24898657851858,61568.72151971748,0.5,51256.22674006692,61568.72151971748,51256.22674006693,0.0,137,0.5
71755.58175411531,10,71755.58175411531,10,-136.03124926378197,138,11922.666580751818,3536000,0.0,11922.666580751818,-136.03124926378197,22638.039845003288,0.2,11922.666580751818,22638.039845003288,11922.666580751818,0.0,138,0.2
135248.60597413266,10,135248.60597413266,10,-84.79489025562947,139,13476.099120844647,3560000,0.0,13476.09912084466,-84.79489025562947,40590.83989488828,0.4,13476.099120844647,40590.83989488828,13476.09912084466,0.0,139,0.4
167889.74930102687,10,167889.74930102687,10,-95.66714445395795,140,16723.910195880115,3584000,0.0,16723.910195880126,-95.66714445395795,50388.617054120645,0.2,16723.910195880115,50388.617054120645,16723.910195880126,0.0,140,0.2
141982.3080860827,10,141982.3080860827,10,-63.79948968745587,141,51504.96036922706,3608000,0.0,51504.96036922706,-63.79948968745587,57953.35703274595,0.6,51504.96036922706,57953.35703274595,51504.96036922706,0.0,141,0.6
108848.08988032141,10,108848.08988032141,10,-139.30352425313205,142,29298.78220455125,3632000,0.0,29298.782204551244,-139.30352425313205,45430.62392626304,0.2,29298.78220455125,45430.62392626304,29298.782204551244,0.0,142,0.2
118426.5123307799,10,118426.5123307799,10,-114.26506638012046,143,49686.58388256362,3656000,0.0,49686.58388256363,-114.26506638012046,50765.72029093179,0.5,49686.58388256362,50765.72029093179,49686.58388256363,0.0,143,0.5
141973.88468067246,10,141973.88468067246,10,-110.24046012176248,144,41495.02295973673,3680000,0.0,41495.02295973674,-110.24046012176248,51514.206487273805,0.5,41495.02295973673,51514.206487273805,41495.02295973674,0.0,144,0.5
61984.19206846925,10,61984.19206846925,10,-65.7431961687315,145,12553.468703173068,3704000,0.0,12553.468703173066,-65.7431961687315,21050.69568312293,0.1,12553.468703173068,21050.69568312293,12553.468703173066,0.0,145,0.1
123698.49713790139,10,123698.49713790139,10,-39.878597940417215,146,21801.183995118954,3728000,0.0,21801.183995118947,-39.878597940417215,40102.372751317314,0.2,21801.183995118954,40102.372751317314,21801.183995118947,0.0,146,0.2
165346.15371055165,10,165346.15371055165,10,-41.965837758386904,147,77617.56664438112,3752000,0.0,77617.56664438109,-41.965837758386904,69612.52352827115,0.6,77617.56664438112,69612.52352827115,77617.56664438109,0.0,147,0.6
164199.40038683018,10,164199.40038683018,10,-54.32936463733753,148,72127.11331645491,3776000,0.0,72127.11331645492,-54.32936463733753,63691.995109721895,0.8,72127.11331645491,63691.995109721895,72127.11331645492,0.0,148,0.8
131847.70511765874,10,131847.70511765874,10,-57.400776354638865,149,18624.473676697133,3800000,0.0,18624.473676697125,-57.400776354638865,41119.88708977139,0.4,18624.473676697133,41119.88708977139,18624.473676697125,0.0,149,0.4
152640.38579246652,10,152640.38579246652,10,-59.12376049771805,150,77302.0762109496,3824000,0.0,77302.0762109496,-59.12376049771805,56231.78024659294,0.6,77302.0762109496,56231.78024659294,77302.0762109496,0.0,150,0.6
167588.98646334757,10,167588.98646334757,10,-118.6463898291862,151,22494.84239826048,3848000,0.0,22494.842398260476,-118.6463898291862,51368.88718429567,0.3,22494.84239826048,51368.88718429567,22494.842398260476,0.0,151,0.3
129200.49545279547,10,129200.49545279547,10,-87.79668253213691,152,45080.82519278265,3872000,0.0,45080.82519278265,-87.79668253213691,51736.795815399215,0.5,45080.82519278265,51736.795815399215,45080.82519278265,0.0,152,0.5
138467.11869381205,10,138467.11869381205,10,-46.755874232898414,153,57770.233402900296,3896000,0.0,57770.23340290028,-46.755874232898414,60191.787806990236,0.6,57770.233402900296,60191.787806990236,57770.23340290028,0.0,153,0.6
183009.41382242084,10,183009.41382242084,10,-32.17132298795993,154,107765.30227430936,3920000,0.0,107765.3022743093,-32.17132298795993,51488.353639636865,0.7,107765.30227430936,51488.353639636865,107765.3022743093,0.0,154,0.7
98369.293310354,10,98369.293310354,10,-140.4997727739006,155,31236.237687097466,3944000,0.0,31236.237687097473,-140.4997727739006,40158.35438573543,0.3,31236.237687097466,40158.35438573543,31236.237687097473,0.0,155,0.3
132143.7056649258,10,132143.7056649258,10,-111.14747041245265,156,47903.00296749798,3968000,0.0,47903.00296749799,-111.14747041245265,59381.09946250539,0.4,47903.00296749798,59381.09946250539,47903.00296749799,0.0,156,0.4
133304.77539573907,10,133304.77539573907,10,-113.95573967746044,157,24656.53481017232,3992000,0.0,24656.53481017232,-113.95573967746044,49667.67495873081,0.3,24656.53481017232,49667.67495873081,24656.53481017232,0.0,157,0.3
136860.7144398695,10,136860.7144398695,10,-66.16725660176263,158,30377.70706996852,4016000,0.0,30377.70706996852,-66.16725660176263,49122.12052338101,0.3,30377.70706996852,49122.12052338101,30377.70706996852,0.0,158,0.3
149092.80614548753,10,149092.80614548753,10,-114.93280512951279,159,36647.47370115171,4040000,0.0,36647.47370115174,-114.93280512951279,59304.84660983277,0.3,36647.47370115171,59304.84660983277,36647.47370115174,0.0,159,0.3
142983.97680198975,10,142983.97680198975,10,-105.50218763929644,160,33657.942737864,4064000,0.0,33657.94273786401,-105.50218763929644,49187.624690612334,0.2,33657.942737864,49187.624690612334,33657.94273786401,0.0,160,0.2
82973.33780514362,10,82973.33780514362,10,-137.24605922091084,161,19119.127349211594,4088000,0.0,19119.127349211583,-137.24605922091084,31238.255775838443,0.2,19119.127349211594,31238.255775838443,19119.127349211583,0.0,161,0.2
113528.23436827496,10,113528.23436827496,10,-98.535509461235,162,11381.432117785098,4112000,0.0,11381.432117785094,-98.535509461235,34049.88962348582,0.1,11381.432117785098,34049.88962348582,11381.432117785094,0.0,162,0.1
165108.00599133753,10,165108.00599133753,10,-64.98827864376612,163,45979.827575160554,4136000,0.0,45979.82757516056,-64.98827864376612,70241.78788128411,0.3,45979.827575160554,70241.78788128411,45979.82757516056,0.0,163,0.3
180176.64761166807,10,180176.64761166807,10,-62.97320224875679,164,55634.1199845166,4160000,0.0,55634.11998451662,-62.97320224875679,70305.57124892816,0.5,55634.1199845166,70305.57124892816,55634.11998451662,0.0,164,0.5
133433.26335530516,10,133433.26335530516,10,-124.34039778245189,165,25187.78061543526,4184000,0.0,25187.78061543527,-124.34039778245189,50652.735078271304,0.2,25187.78061543526,50652.735078271304,25187.78061543527,0.0,165,0.2
-19.491859790646252,10,-19.491859790646252,10,-131.28206371675765,166,-77.14246798303964,4208000,0.0,-77.14246798303948,-131.28206371675765,36.255682277895055,0.1,-77.14246798303964,36.255682277895055,-77.14246798303948,0.0,166,0.1
153392.98133357163,10,153392.98133357163,10,-114.33053771137438,167,51771.96734605994,4232000,0.0,51771.96734605993,-114.33053771137438,66721.93795620663,0.4,51771.96734605994,66721.93795620663,51771.96734605993,0.0,167,0.4
137147.44798259545,10,137147.44798259545,10,-122.45033831238364,168,32455.5931623122,4256000,0.0,32455.5931623122,-122.45033831238364,53746.431192554235,0.3,32455.5931623122,53746.431192554235,32455.5931623122,0.0,168,0.3
114650.30317047001,10,114650.30317047001,10,-131.6152462982347,169,26163.788327990038,4280000,0.0,26163.788327990034,-131.6152462982347,41669.97193798444,0.3,26163.788327990038,41669.97193798444,26163.788327990034,0.0,169,0.3
66984.10171752758,10,66984.10171752758,10,-111.37437884958773,170,6646.62005651075,4304000,0.0,6646.620056510762,-111.37437884958773,20112.50766887854,0.3,6646.62005651075,20112.50766887854,6646.620056510762,0.0,170,0.3
119167.76270031711,10,119167.76270031711,10,-133.4214073783999,171,11837.584427956155,4328000,0.0,11837.584427956153,-133.4214073783999,35776.74211194472,0.2,11837.584427956155,35776.74211194472,11837.584427956153,0.0,171,0.2
123436.33542327206,10,123436.33542327206,10,-134.79974417807082,172,43507.83218039732,4352000,0.0,43507.832180397316,-134.79974417807082,48670.34753357759,0.5,43507.83218039732,48670.34753357759,43507.832180397316,0.0,172,0.5
116020.50927592238,10,116020.50927592238,10,-130.45999357899507,173,11542.739287177195,4376000,0.0,11542.739287177197,-130.45999357899507,34825.94044827573,0.2,11542.739287177195,34825.94044827573,11542.739287177197,0.0,173,0.2
143086.05511695452,10,143086.05511695452,10,-104.74925911960351,174,40327.9896306625,4400000,0.0,40327.989630662494,-104.74925911960351,61979.66725940101,0.3,40327.9896306625,61979.66725940101,40327.989630662494,0.0,174,0.3
141831.6778083504,10,141831.6778083504,10,-51.96259088779224,175,53655.49669100319,4424000,0.0,53655.49669100321,-51.96259088779224,53392.605200520695,0.7,53655.49669100319,53392.605200520695,53655.49669100321,0.0,175,0.7
132021.33985915125,10,132021.33985915125,10,-51.27143912384038,176,62128.225528512194,4448000,0.0,62128.22552851219,-51.27143912384038,62545.217186160706,0.6,62128.225528512194,62545.217186160706,62128.22552851219,0.0,176,0.6
120568.39977442917,10,120568.39977442917,10,-41.20022154862845,177,68298.55419703924,4472000,0.0,68298.55419703927,-41.20022154862845,48303.842969968646,0.7,68298.55419703924,48303.842969968646,68298.55419703927,0.0,177,0.7
168772.01130438756,10,168772.01130438756,10,-57.71221332834706,178,82933.7276783495,4496000,0.0,82933.72767834947,-57.71221332834706,58062.06351754336,0.7,82933.7276783495,58062.06351754336,82933.72767834947,0.0,178,0.7
134678.96859419116,10,134678.96859419116,10,-54.07346616909908,179,43919.61950134173,4520000,0.0,43919.61950134176,-54.07346616909908,49386.07439216304,0.6,43919.61950134173,49386.07439216304,43919.61950134176,0.0,179,0.6
133309.2319981006,10,133309.2319981006,10,-71.29752458916465,180,49404.04116585416,4544000,0.0,49404.04116585419,-71.29752458916465,46969.69192667187,0.5,49404.04116585416,46969.69192667187,49404.04116585419,0.0,180,0.5
129060.17846371238,10,129060.17846371238,10,-74.26647044645534,181,24083.79656233295,4568000,0.0,24083.796562332944,-74.26647044645534,44144.74467408111,0.4,24083.79656233295,44144.74467408111,24083.796562332944,0.0,181,0.4
113210.4056480645,10,113210.4056480645,10,-130.42559809827185,182,31194.10654337054,4592000,0.0,31194.10654337054,-130.42559809827185,43062.412374541964,0.4,31194.10654337054,43062.412374541964,31194.10654337054,0.0,182,0.4
109480.21020830225,10,109480.21020830225,10,-139.72341790414976,183,32119.11254376496,4616000,0.0,32119.11254376497,-139.72341790414976,48330.31926964028,0.3,32119.11254376496,48330.31926964028,32119.11254376497,0.0,183,0.3
105235.60989111476,10,105235.60989111476,10,-126.31661174574515,184,10447.901744396964,4640000,0.0,10447.90174439696,-126.31661174574515,31595.919553766795,0.2,10447.901744396964,31595.919553766795,10447.90174439696,0.0,184,0.2
134232.7469293601,10,134232.7469293601,10,-128.41393287941492,185,37399.76147992292,4664000,0.0,37399.761479922905,-128.41393287941492,48914.02188223901,0.5,37399.76147992292,48914.02188223901,37399.761479922905,0.0,185,0.5
146713.42277635395,10,146713.42277635395,10,-133.5018589869194,186,33913.148718197204,4688000,0.0,33913.14871819721,-133.5018589869194,49642.01063244615,0.5,33913.148718197204,49642.01063244615,33913.14871819721,0.0,186,0.5
75031.95678138807,10,75031.95678138807,10,-135.44147569167708,187,7514.830911761887,4712000,0.0,7514.83091176189,-135.44147569167708,22507.31465412634,0.1,7514.830911761887,22507.31465412634,7514.83091176189,0.0,187,0.1
90657.13144643386,10,90657.13144643386,10,-128.44861373019842,188,15723.95780774405,4736000,0.0,15723.957807744047,-128.44861373019842,32056.48706537227,0.3,15723.95780774405,32056.48706537227,15723.957807744047,0.0,188,0.3
132175.4195568416,10,132175.4195568416,10,-129.07074743263448,189,23855.40289098424,4760000,0.0,23855.402890984245,-129.07074743263448,48199.7438909138,0.2,23855.40289098424,48199.7438909138,23855.402890984245,0.0,189,0.2
167450.48230095132,10,167450.48230095132,10,-135.58727456471914,190,51587.6792446974,4784000,0.0,51587.67924469741,-135.58727456471914,64871.07198773279,0.4,51587.6792446974,64871.07198773279,51587.67924469741,0.0,190,0.4
174641.07036272174,10,174641.07036272174,10,-126.53667836123617,191,44846.94191965718,4808000,0.0,44846.941919657176,-126.53667836123617,67747.84260595855,0.4,44846.94191965718,67747.84260595855,44846.941919657176,0.0,191,0.4
47711.3633117482,10,47711.3633117482,10,-110.37403676066107,192,12753.480886815978,4832000,0.0,12753.480886815985,-110.37403676066107,19759.71117449624,0.2,12753.480886815978,19759.71117449624,12753.480886815985,0.0,192,0.2
124768.51419184718,10,124768.51419184718,10,-107.35716529955103,193,30466.548974100886,4856000,0.0,30466.54897410089,-107.35716529955103,42390.78571898642,0.4,30466.548974100886,42390.78571898642,30466.54897410089,0.0,193,0.4
131399.11344418876,10,131399.11344418876,10,-43.198307687325915,194,81764.98520341414,4880000,0.0,81764.98520341412,-43.198307687325915,54787.78140764624,0.9,81764.98520341414,54787.78140764624,81764.98520341412,0.0,194,0.9
144535.46611085112,10,144535.46611085112,10,-59.05718712325878,195,92061.81664700236,4904000,0.0,92061.81664700237,-59.05718712325878,45202.72805585109,0.9,92061.81664700236,45202.72805585109,92061.81664700237,0.0,195,0.9
161807.011518803,10,161807.011518803,10,-112.09486398399976,196,21694.667389914597,4928000,0.0,21694.667389914583,-112.09486398399976,48573.06687416029,0.4,21694.667389914597,48573.06687416029,21694.667389914583,0.0,196,0.4
137180.37505811846,10,137180.37505811846,10,-121.54195584861176,197,40121.6615228281,4952000,0.0,40121.66152282809,-121.54195584861176,51952.99154630274,0.5,40121.6615228281,51952.99154630274,40121.66152282809,0.0,197,0.5
163242.29155260127,10,163242.29155260127,10,-139.52467520672164,198,40960.40642268186,4976000,0.0,40960.40642268186,-139.52467520672164,56068.057365266795,0.5,40960.40642268186,56068.057365266795,40960.40642268186,0.0,198,0.5
143453.05151648083,10,143453.05151648083,10,-133.71783674570986,199,14379.558486989423,5000000,0.0,14379.55848698942,-133.71783674570986,43025.69246186209,0.3,14379.558486989423,43025.69246186209,14379.55848698942,0.0,199,0.3
