MetaTest/Average/MinReturn,MetaTest/door-unlock-v1/MaxReturn,MetaTest/door-unlock-v1/AverageReturn,MetaTest/Average/AverageReturn,MetaTrain/Average/AlphaLoss,TotalEnvSteps,MetaTest/Average/SuccessRate,MetaTest/Average/NumTrajs,MetaTest/Average/AverageDiscountedReturn,MetaTest/door-unlock-v1/NumTrajs,MetaTrain/Average/Alpha,MetaTest/door-unlock-v1/Iteration,MetaTrain/Average/QfLoss,MetaTrain/Average/PolicyLoss,MetaTest/door-unlock-v1/AverageDiscountedReturn,MetaTest/Average/MaxReturn,MetaTest/Average/Iteration,MetaTrain/Average/ContrastiveLoss,MetaTest/Average/StdReturn,MetaTest/door-unlock-v1/TerminationRate,MetaTest/door-unlock-v1/SuccessRate,MetaTest/door-unlock-v1/StdReturn,MetaTest/door-unlock-v1/MinReturn,MetaTest/Average/TerminationRate
-31.32689008229006,5176.650566365689,493.55071211328107,493.55071211328107,6.7301707,224000,0.1,10,493.55071211328124,10,nan,0,1.9516045,5.2509065,493.55071211328124,5176.650566365689,0,8.458852,1561.0353423245888,0.0,0.1,1561.0353423245888,-31.32689008229006,0.0
-42.34490227212821,-29.782483221269285,-38.17417237887723,-38.17417237887723,6.593559,248000,0.0,10,-38.174172378877245,10,nan,1,800.2154,14.201744,-38.174172378877245,-29.782483221269285,1,361.80975,4.160652766378463,0.0,0.0,4.160652766378463,-42.34490227212821,0.0
-33.79487508053232,6565.360801165416,1152.1617730176813,1152.1617730176813,6.3343534,272000,0.0,10,1152.1617730176808,10,nan,2,1016.1276,1.000449,1152.1617730176808,6565.360801165416,2,8.5382185,2372.7539538546357,0.0,0.0,2372.7539538546357,-33.79487508053232,0.0
-33.08429127190822,13241.85952924666,4703.665327098448,4703.665327098448,4.2233534,296000,0.3,10,4703.665327098448,10,nan,3,8823.21,-421.2518,4703.665327098448,13241.85952924666,3,12.488225,5685.232946972699,0.0,0.3,5685.232946972699,-33.08429127190822,0.0
-44.985489817040765,1409.2857447443778,112.60945709644447,112.60945709644447,1.1742672,320000,0.6,10,112.60945709644457,10,nan,4,40192.96,-1777.509,112.60945709644457,1409.2857447443778,4,42.969307,432.305741647828,0.0,0.6,432.305741647828,-44.985489817040765,0.0
-107.18298071672174,145284.8605607407,14663.525633163847,14663.525633163847,-3.5774186,344000,0.3,10,14663.525633163847,10,nan,5,142143.39,-4895.24,14663.525633163847,145284.8605607407,5,61.934155,43541.92557889382,0.0,0.3,43541.92557889382,-107.18298071672174,0.0
-131.77767544832483,19.185148618704204,-73.25782840448426,-73.25782840448426,-3.0568652,368000,0.0,10,-73.25782840448424,10,nan,6,451837.56,-4925.8716,-73.25782840448424,19.185148618704204,6,212.74266,43.13481080129726,0.0,0.0,43.13481080129726,-131.77767544832483,0.0
-116.49778054653018,-38.17751509729968,-92.53677835347894,-92.53677835347894,-3.8841474,392000,0.0,10,-92.53677835347894,10,nan,7,1101810.4,-9740.484,-92.53677835347894,-38.17751509729968,7,740.12524,21.143817158226142,0.0,0.0,21.143817158226142,-116.49778054653018,0.0
-84.19233940651266,-62.970973169187,-75.52143788961534,-75.52143788961534,-5.2117453,416000,0.0,10,-75.52143788961534,10,nan,8,991985.8,-4912.756,-75.52143788961534,-62.970973169187,8,1957.2803,5.657326656118057,0.0,0.0,5.657326656118057,-84.19233940651266,0.0
-90.76914727454705,-24.31384758756575,-58.92458589669859,-58.92458589669859,-8.14794,440000,0.0,10,-58.92458589669859,10,nan,9,935629.75,-6410.001,-58.92458589669859,-24.31384758756575,9,2557.1858,21.79338519175552,0.0,0.0,21.79338519175552,-90.76914727454705,0.0
-87.4743091545209,-19.086472408193412,-35.04403429541855,-35.04403429541855,-15.334779,464000,0.0,10,-35.04403429541854,10,nan,10,2029033.2,-36094.758,-35.04403429541854,-19.086472408193412,10,1268.16,21.61135021121977,0.0,0.0,21.61135021121977,-87.4743091545209,0.0
-63.274230869846384,-15.268823122564076,-33.52675822127333,-33.52675822127333,-16.877687,488000,0.1,10,-33.52675822127334,10,nan,11,2175935.5,-50363.527,-33.52675822127334,-15.268823122564076,11,753.78894,19.3683439578084,0.0,0.1,19.3683439578084,-63.274230869846384,0.0
-71.50348313825617,-19.241896078534925,-39.65758552990479,-39.65758552990479,-12.346038,512000,0.1,10,-39.65758552990479,10,nan,12,1718791.8,-36895.285,-39.65758552990479,-19.241896078534925,12,7001.074,20.117695892447905,0.0,0.1,20.117695892447905,-71.50348313825617,0.0
-81.47802226784368,9594.61131174223,919.6513969291424,919.6513969291424,-2.807277,536000,0.0,10,919.6513969291434,10,nan,13,559740.94,-4733.543,919.6513969291434,9594.61131174223,13,11012.116,2891.768524391986,0.0,0.0,2891.768524391986,-81.47802226784368,0.0
-91.08418288643334,1218.5380261761768,83.00439607033988,83.00439607033988,-7.0572176,560000,0.1,10,83.00439607033984,10,nan,14,654344.4,-13285.976,83.00439607033984,1218.5380261761768,14,2770.613,379.126300159584,0.0,0.1,379.126300159584,-91.08418288643334,0.0
-72.06323339523013,-46.39360096450721,-58.28610169088999,-58.28610169088999,-5.4021077,584000,0.0,10,-58.28610169089001,10,nan,15,715522.06,-9330.868,-58.28610169089001,-46.39360096450721,15,3889.1794,7.012804872322455,0.0,0.0,7.012804872322455,-72.06323339523013,0.0
-102.03096868916096,-21.428735132286462,-37.22089270599657,-37.22089270599657,-5.3806376,608000,0.3,10,-37.220892705996576,10,nan,16,527803.44,-7025.7544,-37.220892705996576,-21.428735132286462,16,5285.3843,22.774074681398634,0.0,0.3,22.774074681398634,-102.03096868916096,0.0
-87.87010098942953,-25.548387515832392,-62.5350469714434,-62.5350469714434,-3.6845512,632000,0.1,10,-62.53504697144338,10,nan,17,799496.06,-5600.075,-62.53504697144338,-25.548387515832392,17,1536.7332,19.205786944451457,0.0,0.1,19.205786944451457,-87.87010098942953,0.0
-66.1394073380427,1409.215079328341,97.37933143173262,97.37933143173262,-1.5485798,656000,0.0,10,97.37933143173254,10,nan,18,722694.4,-3194.3186,97.37933143173254,1409.215079328341,18,3190.9685,437.38590747729955,0.0,0.0,437.38590747729955,-66.1394073380427,0.0
-56.99777791775356,16268.001731117509,1591.7520375325294,1591.7520375325294,-2.2109938,680000,0.0,10,1591.7520375325303,10,nan,19,474496.25,-2567.102,1591.7520375325303,16268.001731117509,19,5103.8276,4892.096972298463,0.0,0.0,4892.096972298463,-56.99777791775356,0.0
-93.34859656757497,701.1546220067788,35.10446138227192,35.10446138227192,-3.7352707,704000,0.5,10,35.10446138227191,10,nan,20,674422.1,-4236.886,35.10446138227191,701.1546220067788,20,10718.046,223.13147486655447,0.0,0.5,223.13147486655447,-93.34859656757497,0.0
-53.66989683073218,-30.67182355306391,-43.678887977939674,-43.678887977939674,-7.718534,728000,0.0,10,-43.67888797793967,10,nan,21,760159.75,-13186.778,-43.67888797793967,-30.67182355306391,21,6245.956,7.939403433763705,0.0,0.0,7.939403433763705,-53.66989683073218,0.0
-50.48198689990012,97.43087511056106,-19.872065032476876,-19.872065032476876,-8.039518,752000,0.2,10,-19.872065032476872,10,nan,22,1176402.4,-22566.588,-19.872065032476872,97.43087511056106,22,2675.3147,40.50376165884671,0.0,0.2,40.50376165884671,-50.48198689990012,0.0
-25.428472681609477,17269.4688920196,5040.241416459308,5040.241416459308,-11.002903,776000,0.1,10,5040.241416459311,10,nan,23,1721155.5,-33101.914,5040.241416459311,17269.4688920196,23,4733.638,7659.592707168641,0.0,0.1,7659.592707168641,-25.428472681609477,0.0
-37.3506940135626,16001.579087786162,7974.925896695595,7974.925896695595,-9.787372,800000,0.0,10,7974.925896695594,10,nan,24,1526877.6,-28567.771,7974.925896695594,16001.579087786162,24,1450.2887,7074.71720981135,0.0,0.0,7074.71720981135,-37.3506940135626,0.0
-36.642953965589165,15912.535695297,1570.281250555635,1570.281250555635,-7.5176134,824000,0.0,10,1570.281250555635,10,nan,25,1242141.0,-19616.629,1570.281250555635,15912.535695297,25,1119.8817,4780.754451426411,0.0,0.0,4780.754451426411,-36.642953965589165,0.0
-36.98194708912515,18689.146298852684,2567.9379975873126,2567.9379975873126,-12.195137,848000,0.6,10,2567.937997587313,10,nan,26,1710612.9,-29120.129,2567.937997587313,18689.146298852684,26,1063.1566,5605.708491557306,0.0,0.6,5605.708491557306,-36.98194708912515,0.0
-32.1046544207402,63776.997073584724,9648.835924611014,9648.835924611014,-15.046573,872000,0.6,10,9648.835924611018,10,nan,27,2644331.5,-46452.46,9648.835924611018,63776.997073584724,27,811.7109,18733.15662559721,0.0,0.6,18733.15662559721,-32.1046544207402,0.0
-65.31635368842147,16392.60198052484,2382.924290253047,2382.924290253047,-16.275684,896000,0.5,10,2382.924290253047,10,nan,28,3215244.8,-54612.594,2382.924290253047,16392.60198052484,28,901.9574,4874.841395196407,0.0,0.5,4874.841395196407,-65.31635368842147,0.0
-145.30945288980556,35514.72753627556,6520.634075803844,6520.634075803844,-15.067163,920000,0.1,10,6520.634075803847,10,nan,29,3415287.2,-51083.484,6520.634075803847,35514.72753627556,29,1126.415,10892.14029920113,0.0,0.1,10892.14029920113,-145.30945288980556,0.0
-16.50436299249284,21278.588026421447,8156.675896384664,8156.675896384664,-13.839851,944000,0.0,10,8156.675896384663,10,nan,30,3167183.2,-46182.77,8156.675896384663,21278.588026421447,30,794.7505,7646.6956565106575,0.0,0.0,7646.6956565106575,-16.50436299249284,0.0
-19.452837554622526,16001.470053850131,3391.624855816253,3391.624855816253,-14.007205,968000,0.2,10,3391.624855816253,10,nan,31,3717595.0,-47260.004,3391.624855816253,16001.470053850131,31,515.2682,4714.733878886381,0.0,0.2,4714.733878886381,-19.452837554622526,0.0
-17.311318682278944,21926.682605574453,6570.694082791726,6570.694082791726,-13.977852,992000,0.1,10,6570.694082791726,10,nan,32,4405510.0,-47613.39,6570.694082791726,21926.682605574453,32,713.71735,7075.766278616092,0.0,0.1,7075.766278616092,-17.311318682278944,0.0
-19.9135119683183,16001.044160784477,4614.030947133704,4614.030947133704,-12.907512,1016000,0.1,10,4614.030947133705,10,nan,33,3761482.0,-40244.605,4614.030947133705,16001.044160784477,33,1064.1685,5815.753514081669,0.0,0.1,5815.753514081669,-19.9135119683183,0.0
-41.82371913583631,123094.70942908178,15590.569398802505,15590.569398802505,-12.231689,1040000,0.4,10,15590.569398802501,10,nan,34,3841050.2,-38522.477,15590.569398802501,123094.70942908178,34,1121.1915,36394.612455558585,0.0,0.4,36394.612455558585,-41.82371913583631,0.0
-38.60378519622782,16001.329704351863,5749.0039054090275,5749.0039054090275,-13.383316,1064000,0.5,10,5749.003905409028,10,nan,35,5260140.5,-46100.88,5749.003905409028,16001.329704351863,35,584.8187,4940.088067639884,0.0,0.5,4940.088067639884,-38.60378519622782,0.0
-33.096730251591865,36881.642659965735,7498.565907069965,7498.565907069965,-14.355542,1088000,0.4,10,7498.56590706996,10,nan,36,5372815.5,-45458.82,7498.56590706996,36881.642659965735,36,245.68617,11226.48108542497,0.0,0.4,11226.48108542497,-33.096730251591865,0.0
-70.85012008388154,50764.16867940451,13118.263982839428,13118.263982839428,-15.276887,1112000,0.1,10,13118.263982839431,10,nan,37,6338853.0,-46016.176,13118.263982839431,50764.16867940451,37,306.9125,14875.293683693177,0.0,0.1,14875.293683693177,-70.85012008388154,0.0
-22.430717013208806,16422.10599869946,7192.927667857468,7192.927667857468,-15.159347,1136000,0.1,10,7192.927667857468,10,nan,38,6205405.0,-44965.156,7192.927667857468,16422.10599869946,38,259.06497,5587.868274351481,0.0,0.1,5587.868274351481,-22.430717013208806,0.0
153.22448877669922,17414.211742112242,11396.070136430584,11396.070136430584,-15.562789,1160000,0.0,10,11396.070136430588,10,nan,39,6422607.0,-43798.473,11396.070136430588,17414.211742112242,39,147.89006,5959.623610773294,0.0,0.0,5959.623610773294,153.22448877669922,0.0
-26.169438266297174,77332.53113661683,16211.83708256128,16211.83708256128,-16.008121,1184000,0.1,10,16211.837082561275,10,nan,40,6972973.0,-45530.12,16211.837082561275,77332.53113661683,40,227.09125,20977.693339811824,0.0,0.1,20977.693339811824,-26.169438266297174,0.0
-58.77354957805212,26111.42988296653,4966.811472082882,4966.811472082882,-15.305082,1208000,0.1,10,4966.811472082881,10,nan,41,6709094.5,-40892.477,4966.811472082881,26111.42988296653,41,185.32231,8381.273134214785,0.0,0.1,8381.273134214785,-58.77354957805212,0.0
-65.46119286804563,23200.844885125698,6648.230395318287,6648.230395318287,-15.694645,1232000,0.0,10,6648.230395318285,10,nan,42,7278234.0,-41247.062,6648.230395318285,23200.844885125698,42,213.3691,8706.844156115254,0.0,0.0,8706.844156115254,-65.46119286804563,0.0
-51.540880943587894,116666.5493983511,20869.78199393316,20869.78199393316,-16.054914,1256000,0.3,10,20869.78199393316,10,nan,43,8498772.0,-44889.84,20869.78199393316,116666.5493983511,43,184.76274,38329.33824602917,0.0,0.3,38329.33824602917,-51.540880943587894,0.0
-30.607012204720967,18549.062167715434,7634.86245140678,7634.86245140678,-16.860558,1280000,0.3,10,7634.862451406781,10,nan,44,11352720.0,-50248.125,7634.862451406781,18549.062167715434,44,130.61044,7358.910988319319,0.0,0.3,7358.910988319319,-30.607012204720967,0.0
-42.20643177937006,13993.747422295675,3890.2739849992895,3890.2739849992895,-16.519917,1304000,0.6,10,3890.2739849992904,10,nan,45,14349941.0,-56315.145,3890.2739849992904,13993.747422295675,45,126.70579,5259.869056043208,0.0,0.6,5259.869056043208,-42.20643177937006,0.0
-45.23901889384859,108071.4813435979,11648.404893299728,11648.404893299728,-15.829694,1328000,0.3,10,11648.404893299736,10,nan,46,18514174.0,-64649.703,11648.404893299736,108071.4813435979,46,126.25992,32174.115962634365,0.0,0.3,32174.115962634365,-45.23901889384859,0.0
-36.66809838790895,97097.6423498409,20286.417063388737,20286.417063388737,-14.991826,1352000,0.7,10,20286.417063388737,10,nan,47,19789738.0,-66506.766,20286.417063388737,97097.6423498409,47,167.34006,32004.1840302896,0.0,0.7,32004.1840302896,-36.66809838790895,0.0
-48.71132709906787,58974.124765150395,6423.829349168173,6423.829349168173,-12.9731865,1376000,0.4,10,6423.8293491681725,10,nan,48,17897438.0,-54200.824,6423.8293491681725,58974.124765150395,48,254.68423,17547.004538212423,0.0,0.4,17547.004538212423,-48.71132709906787,0.0
-53.63182289774783,26431.379863735077,7594.07380364989,7594.07380364989,-12.819318,1400000,0.4,10,7594.073803649897,10,nan,49,18776720.0,-50991.113,7594.073803649897,26431.379863735077,49,357.3316,9028.036444406576,0.0,0.4,9028.036444406576,-53.63182289774783,0.0
-105.05550989174742,44504.481264963964,7663.600555298341,7663.600555298341,-12.61213,1424000,0.4,10,7663.600555298341,10,nan,50,17705754.0,-51337.062,7663.600555298341,44504.481264963964,50,308.58374,13217.60478462489,0.0,0.4,13217.60478462489,-105.05550989174742,0.0
-39.419714060352604,21535.133320376768,4045.9464682398284,4045.9464682398284,-13.166164,1448000,0.5,10,4045.9464682398275,10,nan,51,20358410.0,-57574.727,4045.9464682398275,21535.133320376768,51,327.75998,7030.011063389241,0.0,0.5,7030.011063389241,-39.419714060352604,0.0
-51.4871434628154,50190.70537535951,6265.432620690108,6265.432620690108,-13.256908,1472000,0.5,10,6265.432620690111,10,nan,52,22653180.0,-60310.61,6265.432620690111,50190.70537535951,52,362.29062,14822.036558122412,0.0,0.5,14822.036558122412,-51.4871434628154,0.0
-40.48680031886509,97866.65875257188,14000.98115873476,14000.98115873476,-13.966894,1496000,0.4,10,14000.981158734761,10,nan,53,22046426.0,-58411.953,14000.981158734761,97866.65875257188,53,347.94168,28407.14960245201,0.0,0.4,28407.14960245201,-40.48680031886509,0.0
-21.408029924128765,299170.2136904551,34088.292615195576,34088.292615195576,-13.764501,1520000,0.5,10,34088.29261519558,10,nan,54,24536426.0,-60172.484,34088.29261519558,299170.2136904551,54,277.31583,88526.75688053035,0.0,0.5,88526.75688053035,-21.408029924128765,0.0
-39.328098875638666,269521.8625078859,44412.95431238911,44412.95431238911,-13.59561,1544000,0.6,10,44412.95431238911,10,nan,55,25660852.0,-61455.273,44412.95431238911,269521.8625078859,55,283.17987,86046.1695997669,0.0,0.6,86046.1695997669,-39.328098875638666,0.0
-76.42357241787137,7296.237372727617,851.0533722688817,851.0533722688817,-12.995988,1568000,0.4,10,851.0533722688824,10,nan,56,24679338.0,-56252.504,851.0533722688824,7296.237372727617,56,420.89343,2194.1447895752817,0.0,0.4,2194.1447895752817,-76.42357241787137,0.0
-22.339932985003223,205949.16716117697,24809.251219002814,24809.251219002814,-13.0350895,1592000,0.4,10,24809.251219002803,10,nan,57,27861744.0,-58992.566,24809.251219002803,205949.16716117697,57,575.6156,60730.530882814426,0.0,0.4,60730.530882814426,-22.339932985003223,0.0
-40.205894528591294,9209.518559498136,1363.1039100209928,1363.1039100209928,-13.266229,1616000,0.3,10,1363.103910020993,10,nan,58,30259702.0,-56438.977,1363.103910020993,9209.518559498136,58,432.78363,2854.4465835105834,0.0,0.3,2854.4465835105834,-40.205894528591294,0.0
-59.64709341370445,101545.25714953519,10425.122330202072,10425.122330202072,-13.033574,1640000,0.3,10,10425.122330202063,10,nan,59,30497502.0,-55367.16,10425.122330202063,101545.25714953519,59,588.6776,30380.160075057876,0.0,0.3,30380.160075057876,-59.64709341370445,0.0
-128.86014720490158,139337.94629131915,33844.04765812597,33844.04765812597,-13.942021,1664000,0.5,10,33844.04765812597,10,nan,60,35268260.0,-61240.816,33844.04765812597,139337.94629131915,60,799.34845,47911.91054313386,0.0,0.5,47911.91054313386,-128.86014720490158,0.0
-94.52741053828142,251858.34287239617,52860.79282147763,52860.79282147763,-15.557446,1688000,0.5,10,52860.792821477655,10,nan,61,43045464.0,-71841.34,52860.792821477655,251858.34287239617,61,966.10114,95460.9443141878,0.0,0.5,95460.9443141878,-94.52741053828142,0.0
-85.33938661215211,232298.5806407787,28280.569299435447,28280.569299435447,-15.239569,1712000,0.7,10,28280.569299435436,10,nan,62,44317744.0,-73679.1,28280.569299435436,232298.5806407787,62,1002.37744,68532.09826259065,0.0,0.7,68532.09826259065,-85.33938661215211,0.0
-38.067328578876925,86428.10709732381,20622.175816783456,20622.175816783456,-14.789164,1736000,0.9,10,20622.175816783445,10,nan,63,48039070.0,-74057.34,20622.175816783445,86428.10709732381,63,770.36664,31358.534243907026,0.0,0.9,31358.534243907026,-38.067328578876925,0.0
-38.92699727132442,219779.07287494387,41732.098663691824,41732.098663691824,-14.068332,1760000,0.6,10,41732.098663691824,10,nan,64,47763150.0,-70781.74,41732.098663691824,219779.07287494387,64,1059.8402,66633.26611306155,0.0,0.6,66633.26611306155,-38.92699727132442,0.0
-84.13918055949135,253813.1898649618,52591.07275139461,52591.07275139461,-14.013685,1784000,0.7,10,52591.07275139461,10,nan,65,55228170.0,-75890.05,52591.07275139461,253813.1898649618,65,605.4096,97741.90134874555,0.0,0.7,97741.90134874555,-84.13918055949135,0.0
-65.09472580148996,232260.5469442805,66089.36879344578,66089.36879344578,-13.887237,1808000,0.8,10,66089.36879344577,10,nan,66,53103824.0,-72705.17,66089.36879344577,232260.5469442805,66,617.3976,92726.4218575358,0.0,0.8,92726.4218575358,-65.09472580148996,0.0
-39.560227800940105,283882.77883044386,83534.0958716854,83534.0958716854,-14.425736,1832000,0.8,10,83534.09587168541,10,nan,67,55881284.0,-75379.01,83534.09587168541,283882.77883044386,67,437.6343,109867.86283397644,0.0,0.8,109867.86283397644,-39.560227800940105,0.0
-30.523999239239654,197454.63888685586,39831.13163486501,39831.13163486501,-15.030073,1856000,0.9,10,39831.13163486503,10,nan,68,63194988.0,-84635.19,39831.13163486503,197454.63888685586,68,750.8647,75602.43339643303,0.0,0.9,75602.43339643303,-30.523999239239654,0.0
-27.83602678032294,478.5597505830015,79.7905229659589,79.7905229659589,-15.353275,1880000,0.9,10,79.79052296595896,10,nan,69,64268560.0,-89655.36,79.79052296595896,478.5597505830015,69,830.3257,158.92611775542278,0.0,0.9,158.92611775542278,-27.83602678032294,0.0
-36.59688289389748,67475.5724247717,7730.005688928541,7730.005688928541,-17.56023,1904000,0.7,10,7730.005688928541,10,nan,70,71380040.0,-80476.27,7730.005688928541,67475.5724247717,70,71563.25,19995.440212484245,0.0,0.7,19995.440212484245,-36.59688289389748,0.0
-44.855242203779845,280362.4834200781,46957.02218664643,46957.02218664643,-18.5547,1928000,0.7,10,46957.02218664645,10,nan,71,77643576.0,-94154.56,46957.02218664645,280362.4834200781,71,16458.58,91938.51905430989,0.0,0.7,91938.51905430989,-44.855242203779845,0.0
-20.583419795633688,203884.8163690762,35477.95449798547,35477.95449798547,-18.655851,1952000,0.8,10,35477.95449798547,10,nan,72,92143270.0,-118865.75,35477.95449798547,203884.8163690762,72,1612.8978,66668.15683875783,0.0,0.8,66668.15683875783,-20.583419795633688,0.0
-39.690162736124954,150545.88801009106,29550.21524629928,29550.21524629928,-19.223011,1976000,0.7,10,29550.215246299264,10,nan,73,103829380.0,-133969.69,29550.215246299264,150545.88801009106,73,786.6988,46523.04940106295,0.0,0.7,46523.04940106295,-39.690162736124954,0.0
-44.81060683491323,156569.12774743242,32432.496897823574,32432.496897823574,-18.618263,2000000,1.0,10,32432.496897823563,10,nan,74,101336696.0,-129761.016,32432.496897823563,156569.12774743242,74,770.4139,52849.300628033154,0.0,1.0,52849.300628033154,-44.81060683491323,0.0
-32.1082439871085,223734.8512743656,68435.70116410966,68435.70116410966,-18.368876,2024000,0.8,10,68435.70116410966,10,nan,75,98160610.0,-126031.51,68435.70116410966,223734.8512743656,75,2505.1782,85573.05486154462,0.0,0.8,85573.05486154462,-32.1082439871085,0.0
-31.148964847782057,7341.912190790578,2585.713564426688,2585.713564426688,-17.654703,2048000,0.7,10,2585.713564426688,10,nan,76,88987620.0,-121329.68,2585.713564426688,7341.912190790578,76,1878.052,3077.864952783041,0.0,0.7,3077.864952783041,-31.148964847782057,0.0
-30.194317893290563,246942.21621854158,67026.07916400179,67026.07916400179,-16.69774,2072000,0.9,10,67026.07916400179,10,nan,77,98471980.0,-129950.94,67026.07916400179,246942.21621854158,77,1040.4132,89621.23536634196,0.0,0.9,89621.23536634196,-30.194317893290563,0.0
-74.14123703054588,274098.789788445,60150.32024124007,60150.32024124007,-17.30147,2096000,0.7,10,60150.3202412401,10,nan,78,108130370.0,-134537.31,60150.3202412401,274098.789788445,78,1012.60504,91812.66698044339,0.0,0.7,91812.66698044339,-74.14123703054588,0.0
-27.98393000565385,230110.50805653704,59297.424950953995,59297.424950953995,-18.451853,2120000,1.0,10,59297.424950953995,10,nan,79,126735110.0,-150183.55,59297.424950953995,230110.50805653704,79,996.877,81430.64777434013,0.0,1.0,81430.64777434013,-27.98393000565385,0.0
-21.34256498856875,238700.97867514944,94168.52177544546,94168.52177544546,-19.01009,2144000,1.0,10,94168.52177544546,10,nan,80,149807460.0,-168024.55,94168.52177544546,238700.97867514944,80,761.41425,86672.56262272867,0.0,1.0,86672.56262272867,-21.34256498856875,0.0
-20.75037444588413,317747.1316791626,100605.26142461141,100605.26142461141,-19.947662,2168000,0.9,10,100605.26142461142,10,nan,81,171291970.0,-184892.67,100605.26142461142,317747.1316791626,81,772.063,110529.2751096197,0.0,0.9,110529.2751096197,-20.75037444588413,0.0
-28.39061586218351,141766.65099137352,23945.933145535208,23945.933145535208,-20.84728,2192000,0.6,10,23945.933145535215,10,nan,82,195234990.0,-204039.77,23945.933145535215,141766.65099137352,82,603.447,40755.626838552555,0.0,0.6,40755.626838552555,-28.39061586218351,0.0
-27.552594809826747,292181.90457957686,67394.89586688193,67394.89586688193,-20.213465,2216000,0.6,10,67394.89586688195,10,nan,83,207633710.0,-217725.34,67394.89586688195,292181.90457957686,83,706.5955,98739.55174662513,0.0,0.6,98739.55174662513,-27.552594809826747,0.0
-44.62455508975469,313142.3835634569,112638.69610410533,112638.69610410533,-19.454391,2240000,0.9,10,112638.69610410529,10,nan,84,221760030.0,-234768.61,112638.69610410529,313142.3835634569,84,329.88208,105166.27111740313,0.0,0.9,105166.27111740313,-44.62455508975469,0.0
-15.739071255840248,240254.17681471448,80503.51523682765,80503.51523682765,-19.699156,2264000,0.9,10,80503.51523682766,10,nan,85,236542430.0,-246902.97,80503.51523682766,240254.17681471448,85,341.66986,99825.91116622521,0.0,0.9,99825.91116622521,-15.739071255840248,0.0
-70.52049701037018,290798.6223108461,131312.92027165438,131312.92027165438,-19.63769,2288000,0.9,10,131312.92027165438,10,nan,86,239722240.0,-257249.61,131312.92027165438,290798.6223108461,86,340.82477,133019.31963180992,0.0,0.9,133019.31963180992,-70.52049701037018,0.0
-20.04798847819143,281789.2895825354,115373.54487543371,115373.54487543371,-19.987339,2312000,0.8,10,115373.54487543371,10,nan,87,238523090.0,-259613.47,115373.54487543371,281789.2895825354,87,449.49094,114328.17536556924,0.0,0.8,114328.17536556924,-20.04798847819143,0.0
404.59187685679774,270635.4604388345,88244.65386612111,88244.65386612111,-20.711224,2336000,1.0,10,88244.65386612104,10,nan,88,240967800.0,-265637.2,88244.65386612104,270635.4604388345,88,452.07294,115577.31502840217,0.0,1.0,115577.31502840217,404.59187685679774,0.0
-49.66108463542391,96965.77187797043,24498.054268993208,24498.054268993208,-20.57732,2360000,0.6,10,24498.054268993208,10,nan,89,251221920.0,-270566.8,24498.054268993208,96965.77187797043,89,1140.2206,28604.467449368432,0.0,0.6,28604.467449368432,-49.66108463542391,0.0
-21.396945807812596,228372.46520455187,40626.20658671962,40626.20658671962,-20.548992,2384000,0.8,10,40626.20658671959,10,nan,90,269306080.0,-280614.03,40626.20658671959,228372.46520455187,90,721.4243,79410.6916657466,0.0,0.8,79410.6916657466,-21.396945807812596,0.0
-22.052761301132776,265122.30037193623,84618.80545270623,84618.80545270623,-20.89045,2408000,0.7,10,84618.8054527062,10,nan,91,279297920.0,-295421.2,84618.8054527062,265122.30037193623,91,668.18994,102628.07012070194,0.0,0.7,102628.07012070194,-22.052761301132776,0.0
-28.574411642389286,214062.90252103683,25272.695326208173,25272.695326208173,-20.991028,2432000,0.6,10,25272.695326208177,10,nan,92,284604350.0,-303303.1,25272.695326208177,214062.90252103683,92,700.2464,63240.22079025674,0.0,0.6,63240.22079025674,-28.574411642389286,0.0
-25.549893737595387,297266.15112285066,102984.3595561532,102984.3595561532,-21.224443,2456000,0.8,10,102984.35955615321,10,nan,93,303958660.0,-316997.12,102984.35955615321,297266.15112285066,93,457.7323,123814.35801755864,0.0,0.8,123814.35801755864,-25.549893737595387,0.0
-45.117346022264606,164204.10759404724,44630.57487497569,44630.57487497569,-21.933874,2480000,0.7,10,44630.574874975675,10,nan,94,300692700.0,-314840.84,44630.574874975675,164204.10759404724,94,424.51868,57514.298039938796,0.0,0.7,57514.298039938796,-45.117346022264606,0.0
-59.43885638379469,298046.5983790974,105064.98109841454,105064.98109841454,-22.351347,2504000,0.7,10,105064.98109841456,10,nan,95,316539200.0,-316746.8,105064.98109841456,298046.5983790974,95,454.01837,121541.9653695844,0.0,0.7,121541.9653695844,-59.43885638379469,0.0
37833.508437067336,295020.7376374617,173530.59972018204,173530.59972018204,-22.797445,2528000,0.9,10,173530.59972018198,10,nan,96,344301950.0,-333321.53,173530.59972018198,295020.7376374617,96,456.97443,102577.03250400521,0.0,0.9,102577.03250400521,37833.508437067336,0.0
-16.725793557400618,295774.569418119,108439.88367776925,108439.88367776925,-23.320227,2552000,0.9,10,108439.88367776929,10,nan,97,359606370.0,-339546.1,108439.88367776929,295774.569418119,97,4545.362,119287.62309403972,0.0,0.9,119287.62309403972,-16.725793557400618,0.0
-17.976894087475543,272684.7899085495,143187.6830150289,143187.6830150289,-23.297445,2576000,0.7,10,143187.68301502895,10,nan,98,383887200.0,-356478.47,143187.68301502895,272684.7899085495,98,5646.1006,101328.85141840663,0.0,0.7,101328.85141840663,-17.976894087475543,0.0
-25.17345333963304,311269.03513602004,189424.90362948485,189424.90362948485,-23.572176,2600000,1.0,10,189424.90362948482,10,nan,99,403985760.0,-371482.88,189424.90362948482,311269.03513602004,99,5618.2104,92474.23493455189,0.0,1.0,92474.23493455189,-25.17345333963304,0.0
