MetaTest/faucet-close-v1/Iteration,MetaTest/Average/Iteration,MetaTest/faucet-close-v1/TerminationRate,TotalEnvSteps,MetaTest/Average/AverageDiscountedReturn,MetaTrain/Average/AlphaLoss,MetaTest/Average/MaxReturn,MetaTest/Average/StdReturn,MetaTest/faucet-close-v1/AverageDiscountedReturn,MetaTest/faucet-close-v1/MaxReturn,MetaTest/faucet-close-v1/SuccessRate,MetaTest/faucet-close-v1/StdReturn,MetaTest/Average/MinReturn,MetaTrain/Average/QfLoss,MetaTrain/Average/Alpha,MetaTest/Average/SuccessRate,MetaTest/Average/NumTrajs,MetaTest/faucet-close-v1/NumTrajs,MetaTest/Average/TerminationRate,MetaTest/faucet-close-v1/AverageReturn,MetaTest/Average/AverageReturn,MetaTest/faucet-close-v1/MinReturn,MetaTrain/Average/ContrastiveLoss,MetaTrain/Average/PolicyLoss
0,0,0.0,224000,-33.81358211687244,6.3527145,-21.081448727851193,10.705058738929662,-33.81358211687244,-21.081448727851193,0.0,10.705058738929662,-54.13754402348623,1143.1206,nan,0.0,10,10,0.0,-33.81358211687243,-33.81358211687243,-54.13754402348623,8.397905,-14.038955
1,1,0.0,248000,-34.08995472336519,5.94896,-20.762787567287155,8.016578496422516,-34.08995472336519,-20.762787567287155,0.1,8.016578496422516,-45.93101561039198,1700.911,nan,0.1,10,10,0.0,-34.08995472336518,-34.08995472336518,-45.93101561039198,7.773672,-54.107906
2,2,0.0,272000,-48.39834569098204,1.9029197,-40.83033962190459,5.501658751963792,-48.39834569098204,-40.83033962190459,0.0,5.501658751963792,-59.578717177373704,23888.502,nan,0.0,10,10,0.0,-48.39834569098204,-48.39834569098204,-59.578717177373704,12.564796,-573.66656
3,3,0.0,296000,55.45208634951562,-6.376792,927.2736229690256,290.6243201707213,55.45208634951562,927.2736229690256,0.0,290.6243201707213,-48.43305224468624,79175.97,nan,0.0,10,10,0.0,55.45208634951565,55.45208634951565,-48.43305224468624,15.6434555,-4834.983
4,4,0.0,320000,162.43454170218052,2.1647682,1540.824404607816,511.7901949317284,162.43454170218052,1540.824404607816,0.0,511.7901949317284,-89.52732877578472,190921.89,nan,0.0,10,10,0.0,162.4345417021805,162.4345417021805,-89.52732877578472,2639.65,491.84186
5,5,0.0,344000,-62.65311169807298,2.9127579,-31.791234964887522,19.058998685509433,-62.65311169807298,-31.791234964887522,0.0,19.058998685509433,-88.98983533184246,36857.395,nan,0.0,10,10,0.0,-62.65311169807296,-62.65311169807296,-88.98983533184246,1219.2698,422.25732
6,6,0.0,368000,-51.65667362253598,0.8720774,350.8617663238666,134.72496954139808,-51.65667362253598,350.8617663238666,0.0,134.72496954139808,-110.39229120723218,51634.434,nan,0.0,10,10,0.0,-51.65667362253593,-51.65667362253593,-110.39229120723218,118.46611,-48.865368
7,7,0.0,392000,3439.223286042915,-1.6546955,31055.74262633303,9216.229426614216,3439.223286042915,31055.74262633303,0.1,9216.229426614216,-88.64256105793127,70622.336,nan,0.1,10,10,0.0,3439.2232860429153,3439.2232860429153,-88.64256105793127,135.10497,-1205.4764
8,8,0.0,416000,427.2997481016794,-3.6235626,1365.6213634502406,616.7684445592271,427.2997481016794,1365.6213634502406,0.1,616.7684445592271,-31.79285574544643,109140.664,nan,0.1,10,10,0.0,427.2997481016795,427.2997481016795,-31.79285574544643,251.66718,-1042.6482
9,9,0.0,440000,6637.856206085165,-5.506334,37494.33459708707,11818.63090938862,6637.856206085165,37494.33459708707,0.0,11818.63090938862,-58.79801046092405,178740.58,nan,0.0,10,10,0.0,6637.856206085164,6637.856206085164,-58.79801046092405,305.75354,-1612.9823
10,10,0.0,464000,7226.0614555537995,-7.721419,28348.31813785211,10913.976208672342,7226.0614555537995,28348.31813785211,0.2,10913.976208672342,-46.10637185804145,555441.5,nan,0.2,10,10,0.0,7226.0614555537995,7226.0614555537995,-46.10637185804145,251.28943,-4319.782
11,11,0.0,488000,7448.039137455836,-10.515107,29888.724760310157,10105.492189395703,7448.039137455836,29888.724760310157,0.0,10105.492189395703,-124.36664988228527,1147059.5,nan,0.0,10,10,0.0,7448.0391374558385,7448.0391374558385,-124.36664988228527,145.24132,-9236.562
12,12,0.0,512000,12134.24558563485,-9.113072,35831.48841396483,12886.225595784235,12134.24558563485,35831.48841396483,0.0,12886.225595784235,-53.51172698713736,888560.0,nan,0.0,10,10,0.0,12134.245585634853,12134.245585634853,-53.51172698713736,2048.5884,-7728.956
13,13,0.0,536000,8393.160191169647,-11.011773,17844.67860225067,6148.189652083425,8393.160191169647,17844.67860225067,0.0,6148.189652083425,-48.45185694848806,1829582.1,nan,0.0,10,10,0.0,8393.160191169647,8393.160191169647,-48.45185694848806,772.3336,-19913.523
14,14,0.0,560000,7461.93423890848,-11.19323,21921.6013615133,7045.1151461847685,7461.93423890848,21921.6013615133,0.2,7045.1151461847685,-27.265826335734314,2480136.2,nan,0.2,10,10,0.0,7461.934238908482,7461.934238908482,-27.265826335734314,242.69884,-25062.668
15,15,0.0,584000,11062.488360555286,-11.127873,34498.590469894356,11787.33051747526,11062.488360555286,34498.590469894356,0.1,11787.33051747526,-35.98129405697547,3061043.8,nan,0.1,10,10,0.0,11062.48836055528,11062.48836055528,-35.98129405697547,376.61288,-24881.836
16,16,0.0,608000,10892.25766607423,-11.640995,45517.310280748075,14222.423983232082,10892.25766607423,45517.310280748075,0.1,14222.423983232082,-39.01511868151227,4151336.8,nan,0.1,10,10,0.0,10892.257666074227,10892.257666074227,-39.01511868151227,112.56745,-25397.94
17,17,0.0,632000,10102.340145740483,-10.217258,21342.128078153568,8607.872734243494,10102.340145740483,21342.128078153568,0.0,8607.872734243494,-59.22368643568128,5819840.5,nan,0.0,10,10,0.0,10102.340145740489,10102.340145740489,-59.22368643568128,111.53129,-25665.416
18,18,0.0,656000,4874.375159628236,-8.99502,12801.722090628908,4878.803524525759,4874.375159628236,12801.722090628908,0.0,4878.803524525759,-79.24534529923817,7984153.5,nan,0.0,10,10,0.0,4874.375159628235,4874.375159628235,-79.24534529923817,78.80874,-26744.629
19,19,0.0,680000,22495.902036873547,-10.106177,84551.24244732138,24809.698166905146,22495.902036873547,84551.24244732138,0.1,24809.698166905146,-57.76856817380068,10970046.0,nan,0.1,10,10,0.0,22495.902036873547,22495.902036873547,-57.76856817380068,80.09328,-28830.266
20,20,0.0,704000,12773.327812063526,-11.655603,21014.514026363475,7100.966982714791,12773.327812063526,21014.514026363475,0.1,7100.966982714791,-54.34967178487506,14467542.0,nan,0.1,10,10,0.0,12773.32781206352,12773.32781206352,-54.34967178487506,83.34397,-31261.396
21,21,0.0,728000,11587.54828592378,-13.110921,22074.730966638625,5661.575295537285,11587.54828592378,22074.730966638625,0.2,5661.575295537285,-73.62879432059442,17357422.0,nan,0.2,10,10,0.0,11587.54828592378,11587.54828592378,-73.62879432059442,85.60028,-33762.625
22,22,0.0,752000,10129.901787504483,-12.703225,15804.327016343756,4822.377323590789,10129.901787504483,15804.327016343756,0.0,4822.377323590789,-46.04773553707958,19375706.0,nan,0.0,10,10,0.0,10129.901787504485,10129.901787504485,-46.04773553707958,84.15267,-37715.176
23,23,0.0,776000,10429.190307110637,-12.296258,15778.12764165228,4975.554064438766,10429.190307110637,15778.12764165228,0.0,4975.554064438766,-66.7867488788198,21507294.0,nan,0.0,10,10,0.0,10429.19030711064,10429.19030711064,-66.7867488788198,99.03617,-40718.312
24,24,0.0,800000,13204.223529760406,-12.42302,28603.06120287151,8819.680420184663,13204.223529760406,28603.06120287151,0.0,8819.680420184663,-55.097965533083524,23382378.0,nan,0.0,10,10,0.0,13204.223529760402,13204.223529760402,-55.097965533083524,111.48124,-42202.613
25,25,0.0,824000,15043.278191145098,-12.226869,23241.205401505937,4337.30465553629,15043.278191145098,23241.205401505937,0.0,4337.30465553629,7992.359957363222,25509258.0,nan,0.0,10,10,0.0,15043.278191145102,15043.278191145102,7992.359957363222,120.210045,-41980.594
26,26,0.0,848000,8349.972592307024,-11.984049,25807.25456353448,8438.248635423397,8349.972592307024,25807.25456353448,0.1,8438.248635423397,-63.98782436234266,29043412.0,nan,0.1,10,10,0.0,8349.972592307025,8349.972592307025,-63.98782436234266,120.24423,-43029.23
27,27,0.0,872000,22411.142085337146,-12.906545,131724.71676097633,37841.51394701137,22411.142085337146,131724.71676097633,0.1,37841.51394701137,-58.32433322884591,29439566.0,nan,0.1,10,10,0.0,22411.142085337153,22411.142085337153,-58.32433322884591,281.6117,-42040.785
28,28,0.0,896000,21135.469139912675,-12.499961,120389.36459742989,34769.13545520346,21135.469139912675,120389.36459742989,0.1,34769.13545520346,-59.29257134033101,32599390.0,nan,0.1,10,10,0.0,21135.469139912664,21135.469139912664,-59.29257134033101,104.25213,-47348.742
29,29,0.0,920000,6081.898278274641,-12.068747,16035.527775250952,6630.751398652086,6081.898278274641,16035.527775250952,0.0,6630.751398652086,-58.267125026040006,36246684.0,nan,0.0,10,10,0.0,6081.898278274638,6081.898278274638,-58.267125026040006,109.2408,-51707.613
30,30,0.0,944000,21458.79886192584,-12.099453,132489.62085750193,37906.75937355175,21458.79886192584,132489.62085750193,0.3,37906.75937355175,-68.54488397698731,41929308.0,nan,0.3,10,10,0.0,21458.798861925858,21458.798861925858,-68.54488397698731,93.43535,-56348.72
31,31,0.0,968000,5200.667478624468,-12.672287,19010.05130764813,8059.778321812912,5200.667478624468,19010.05130764813,0.0,8059.778321812912,-67.74531575880734,48220856.0,nan,0.0,10,10,0.0,5200.6674786244685,5200.6674786244685,-67.74531575880734,80.51694,-58829.016
32,32,0.0,992000,5156.1477602262985,-13.003169,16339.975500670398,6018.852081363914,5156.1477602262985,16339.975500670398,0.0,6018.852081363914,-128.89959220095042,51181148.0,nan,0.0,10,10,0.0,5156.147760226299,5156.147760226299,-128.89959220095042,218.27332,-58166.895
33,33,0.0,1016000,8010.551710430838,-12.301197,29920.853837562456,11156.880454900043,8010.551710430838,29920.853837562456,0.1,11156.880454900043,-70.85027860577182,52715196.0,nan,0.1,10,10,0.0,8010.5517104308365,8010.5517104308365,-70.85027860577182,71.51,-60606.52
34,34,0.0,1040000,3422.6955625969995,-12.989285,15708.370184043475,5784.949511632038,3422.6955625969995,15708.370184043475,0.0,5784.949511632038,-58.490671699782865,52073120.0,nan,0.0,10,10,0.0,3422.6955625970004,3422.6955625970004,-58.490671699782865,89.539375,-59386.84
35,35,0.0,1064000,20314.68360578065,-13.416515,70033.33606244893,22094.505414370313,20314.68360578065,70033.33606244893,0.3,22094.505414370313,-62.9267134504226,51058970.0,nan,0.3,10,10,0.0,20314.683605780636,20314.683605780636,-62.9267134504226,106.833015,-58090.81
36,36,0.0,1088000,5815.472750751474,-13.636186,37408.05557144384,12284.536840427025,5815.472750751474,37408.05557144384,0.2,12284.536840427025,-64.33730609193084,51352490.0,nan,0.2,10,10,0.0,5815.472750751475,5815.472750751475,-64.33730609193084,113.62775,-61156.49
37,37,0.0,1112000,12651.369261362932,-14.37112,54589.85616653153,16646.066507982574,12651.369261362932,54589.85616653153,0.1,16646.066507982574,-54.77289232863782,51305280.0,nan,0.1,10,10,0.0,12651.369261362943,12651.369261362943,-54.77289232863782,121.29228,-62360.008
38,38,0.0,1136000,15391.929299193067,-14.359374,116918.39751959492,34818.432526142846,15391.929299193067,116918.39751959492,0.1,34818.432526142846,-56.9023310241812,49484150.0,nan,0.1,10,10,0.0,15391.929299193062,15391.929299193062,-56.9023310241812,117.80618,-62734.887
39,39,0.0,1160000,13600.45732248429,-14.429699,30423.1665328824,11007.721045775921,13600.45732248429,30423.1665328824,0.1,11007.721045775921,-61.166583771054476,48220210.0,nan,0.1,10,10,0.0,13600.45732248429,13600.45732248429,-61.166583771054476,129.7865,-61158.81
40,40,0.0,1184000,19074.41760533839,-14.897076,46602.32620828363,11103.286514955762,19074.41760533839,46602.32620828363,0.1,11103.286514955762,9640.88068952832,53117420.0,nan,0.1,10,10,0.0,19074.417605338393,19074.417605338393,9640.88068952832,102.168564,-64836.754
41,41,0.0,1208000,26120.89074459461,-15.152945,127929.29306004029,46693.38000538664,26120.89074459461,127929.29306004029,0.2,46693.38000538664,-58.349068231960565,50983396.0,nan,0.2,10,10,0.0,26120.890744594617,26120.890744594617,-58.349068231960565,108.84461,-65610.95
42,42,0.0,1232000,19834.336769193505,-15.373055,113506.24240825305,32416.63251014834,19834.336769193505,113506.24240825305,0.3,32416.63251014834,-63.88287228147262,61571480.0,nan,0.3,10,10,0.0,19834.336769193502,19834.336769193502,-63.88287228147262,82.59812,-71126.44
43,43,0.0,1256000,27485.346783288784,-15.40841,108779.87852162684,36859.33993619341,27485.346783288784,108779.87852162684,0.3,36859.33993619341,-52.21852101851246,59102256.0,nan,0.3,10,10,0.0,27485.346783288776,27485.346783288776,-52.21852101851246,91.37395,-70169.734
44,44,0.0,1280000,6710.536055934201,-15.550041,28597.147400067697,10021.944433333349,6710.536055934201,28597.147400067697,0.1,10021.944433333349,-52.10371145374202,62386880.0,nan,0.1,10,10,0.0,6710.536055934201,6710.536055934201,-52.10371145374202,73.23515,-74294.75
45,45,0.0,1304000,39497.53572639027,-15.871663,125185.90813342386,52327.153274402095,39497.53572639027,125185.90813342386,0.4,52327.153274402095,-44.64180245683267,67346670.0,nan,0.4,10,10,0.0,39497.53572639028,39497.53572639028,-44.64180245683267,61.08698,-79585.086
46,46,0.0,1328000,14139.75434527022,-15.978555,117570.86013499224,34666.25610609227,14139.75434527022,117570.86013499224,0.2,34666.25610609227,-55.28979140421265,78379384.0,nan,0.2,10,10,0.0,14139.754345270232,14139.754345270232,-55.28979140421265,51.68387,-88443.55
47,47,0.0,1352000,9142.083781172281,-16.496832,68624.70668970593,20902.327811919688,9142.083781172281,68624.70668970593,0.1,20902.327811919688,-52.87519384416196,81206850.0,nan,0.1,10,10,0.0,9142.083781172289,9142.083781172289,-52.87519384416196,54.590607,-90484.43
48,48,0.0,1376000,7357.862599552596,-16.923223,35160.46567017019,12031.96142321511,7357.862599552596,35160.46567017019,0.2,12031.96142321511,-56.40423418369013,88720264.0,nan,0.2,10,10,0.0,7357.86259955259,7357.86259955259,-56.40423418369013,52.233574,-96813.234
49,49,0.0,1400000,8896.79181436518,-17.06645,54099.51108759004,16295.219178613355,8896.79181436518,54099.51108759004,0.2,16295.219178613355,-53.54633583889831,88508520.0,nan,0.2,10,10,0.0,8896.791814365182,8896.791814365182,-53.54633583889831,54.37621,-98860.336
50,50,0.0,1424000,27348.744665091428,-17.958368,130724.50729186127,43378.77187857809,27348.744665091428,130724.50729186127,0.2,43378.77187857809,-65.18334595157278,83339520.0,nan,0.2,10,10,0.0,27348.744665091428,27348.744665091428,-65.18334595157278,115.727936,-97952.79
51,51,0.0,1448000,21007.20087952006,-18.078695,131721.69876164102,39461.36065555789,21007.20087952006,131721.69876164102,0.3,39461.36065555789,-52.72019443241157,104143190.0,nan,0.3,10,10,0.0,21007.20087952006,21007.20087952006,-52.72019443241157,96.7655,-106253.42
52,52,0.0,1472000,32302.9726326801,-18.087057,92381.3298365146,36514.81833745552,32302.9726326801,92381.3298365146,0.4,36514.81833745552,-60.15588075559949,116042056.0,nan,0.4,10,10,0.0,32302.972632680117,32302.972632680117,-60.15588075559949,98.48348,-115194.45
53,53,0.0,1496000,23482.4530989046,-18.349747,74271.809304942,28301.577302685502,23482.4530989046,74271.809304942,0.4,28301.577302685502,-62.11469767471474,134237250.0,nan,0.4,10,10,0.0,23482.453098904585,23482.453098904585,-62.11469767471474,134.9552,-116527.22
54,54,0.0,1520000,15384.64713298476,-18.454926,120851.2991389466,36540.953403961896,15384.64713298476,120851.2991389466,0.1,36540.953403961896,-52.15392513421685,1195438300.0,nan,0.1,10,10,0.0,15384.647132984765,15384.647132984765,-52.15392513421685,1920.4248,-124627.516
55,55,0.0,1544000,13518.49604742112,-19.718397,103649.04133210199,31517.059156243366,13518.49604742112,103649.04133210199,0.1,31517.059156243366,-56.73451525744087,256039060.0,nan,0.1,10,10,0.0,13518.496047421122,13518.496047421122,-56.73451525744087,5704.788,-45466.215
56,56,0.0,1568000,-91.90636479468552,-28.816502,-60.467206041398384,15.343130302396066,-91.90636479468552,-60.467206041398384,0.0,15.343130302396066,-110.42457864390107,13276387000.0,nan,0.0,10,10,0.0,-91.90636479468553,-91.90636479468553,-110.42457864390107,63806.348,502531.8
57,57,0.0,1592000,-66.37867450682043,-37.42107,-38.1820585518827,16.63603213814682,-66.37867450682043,-38.1820585518827,0.0,16.63603213814682,-106.94889605392855,38356830.0,nan,0.0,10,10,0.0,-66.37867450682043,-66.37867450682043,-106.94889605392855,57225.434,9953.965
58,58,0.0,1616000,-83.49395675947567,-37.37324,-27.30634053812924,28.40946786208687,-83.49395675947567,-27.30634053812924,0.0,28.40946786208687,-121.08032220750339,19564490.0,nan,0.0,10,10,0.0,-83.4939567594757,-83.4939567594757,-121.08032220750339,46397.992,-11914.462
59,59,0.0,1640000,-77.48535796976246,-35.036015,-26.05778679896463,29.975168451461155,-77.48535796976246,-26.05778679896463,0.0,29.975168451461155,-137.41868054092603,426333760.0,nan,0.0,10,10,0.0,-77.48535796976249,-77.48535796976249,-137.41868054092603,27046.271,55267.84
60,60,0.0,1664000,-71.43233341831301,-29.450565,-46.31184668408486,19.766012859679762,-71.43233341831301,-46.31184668408486,0.0,19.766012859679762,-104.43699408828783,294933500.0,nan,0.0,10,10,0.0,-71.43233341831304,-71.43233341831304,-104.43699408828783,34715.457,386429.8
61,61,0.0,1688000,12434.234330042162,-19.913347,78918.66581612764,23868.456603651604,12434.234330042162,78918.66581612764,0.1,23868.456603651604,-86.89414837119602,18868622.0,nan,0.1,10,10,0.0,12434.234330042167,12434.234330042167,-86.89414837119602,12174.65,-2807.8303
62,62,0.0,1712000,-32.88685703389085,-36.074757,369.4956858744622,136.87484449200107,-32.88685703389085,369.4956858744622,0.0,136.87484449200107,-113.463757926239,693279360.0,nan,0.0,10,10,0.0,-32.88685703389077,-32.88685703389077,-113.463757926239,265916.28,2968576.0
63,63,0.0,1736000,807.715845674025,-33.467766,8514.654469608815,2569.082264540448,807.715845674025,8514.654469608815,0.0,2569.082264540448,-72.0496524328712,22447546.0,nan,0.0,10,10,0.0,807.7158456740244,807.7158456740244,-72.0496524328712,33456.305,922862.75
64,64,0.0,1760000,2173.4563751962414,-24.173227,14840.387298150328,4547.96576011522,2173.4563751962414,14840.387298150328,0.1,4547.96576011522,-65.20421763156382,33609020.0,nan,0.1,10,10,0.0,2173.4563751962414,2173.4563751962414,-65.20421763156382,2214.7593,74632.734
65,65,0.0,1784000,7451.926407901477,-20.306276,35749.23934693301,11324.47260128526,7451.926407901477,35749.23934693301,0.1,11324.47260128526,-70.93593834538969,43859600.0,nan,0.1,10,10,0.0,7451.926407901478,7451.926407901478,-70.93593834538969,2140.7053,11651.474
66,66,0.0,1808000,39181.51612993045,-17.02475,148631.48797662286,51427.20138892379,39181.51612993045,148631.48797662286,0.4,51427.20138892379,-65.22687918838386,56866308.0,nan,0.4,10,10,0.0,39181.51612993043,39181.51612993043,-65.22687918838386,5808.389,-1269.6737
67,67,0.0,1832000,12417.25154280743,-21.387493,108320.69833914118,32080.25054185821,12417.25154280743,108320.69833914118,0.1,32080.25054185821,-103.75999171461535,108164296.0,nan,0.1,10,10,0.0,12417.25154280743,12417.25154280743,-103.75999171461535,21748.84,92005.47
68,68,0.0,1856000,32860.45771241376,-16.642908,142689.6635736721,41186.354837912426,32860.45771241376,142689.6635736721,0.4,41186.354837912426,1239.7774564342874,31708524.0,nan,0.4,10,10,0.0,32860.457712413765,32860.457712413765,1239.7774564342874,9026.372,-1471.6785
69,69,0.0,1880000,-86.37860317484623,-20.622831,-46.28620525743359,20.11931101152717,-86.37860317484623,-46.28620525743359,0.0,20.11931101152717,-112.76228359426281,135589700.0,nan,0.0,10,10,0.0,-86.37860317484626,-86.37860317484626,-112.76228359426281,33587.992,164062.89
70,70,0.0,1904000,-76.76257811634991,-23.345943,-71.20994207976156,2.9846349954445284,-76.76257811634991,-71.20994207976156,0.0,2.9846349954445284,-81.25444706943841,25029403000.0,nan,0.0,10,10,0.0,-76.76257811634993,-76.76257811634993,-81.25444706943841,515215.1,240338.08
71,71,0.0,1928000,-69.59431981522326,-36.147827,-63.09746351101117,3.4522679593523975,-69.59431981522326,-63.09746351101117,0.0,3.4522679593523975,-75.40697098079927,1336510500.0,nan,0.0,10,10,0.0,-69.59431981522323,-69.59431981522323,-75.40697098079927,1941042.1,953818.0
72,72,0.0,1952000,-96.01700282918489,-37.583538,-86.66404168145932,7.893175778178697,-96.01700282918489,-86.66404168145932,0.0,7.893175778178697,-109.00874099348617,26088966000.0,nan,0.0,10,10,0.0,-96.01700282918483,-96.01700282918483,-109.00874099348617,1775708.9,2168430.5
73,73,0.0,1976000,-2.9426683846958896,-37.26926,591.3253342233297,198.12216321238046,-2.9426683846958896,591.3253342233297,0.0,198.12216321238046,-74.88425020776629,38600760.0,nan,0.0,10,10,0.0,-2.942668384695888,-2.942668384695888,-74.88425020776629,3600605.2,28677.592
74,74,0.0,2000000,-90.83126343533557,-36.238483,-71.20473973206767,13.356078283434996,-90.83126343533557,-71.20473973206767,0.0,13.356078283434996,-113.71742145994004,109360610.0,nan,0.0,10,10,0.0,-90.83126343533554,-90.83126343533554,-113.71742145994004,1560020.4,71497.69
75,75,0.0,2024000,-74.95116925913433,-37.02834,-63.477651116266834,7.943024103442061,-74.95116925913433,-63.477651116266834,0.0,7.943024103442061,-93.82253490598113,242877730.0,nan,0.0,10,10,0.0,-74.9511692591343,-74.9511692591343,-93.82253490598113,1111557.9,401342.47
76,76,0.0,2048000,419.6161812700305,-25.129566,4499.515203558668,1360.0629294030327,419.6161812700305,4499.515203558668,0.0,1360.0629294030327,-69.77328516053784,11097229.0,nan,0.0,10,10,0.0,419.6161812700305,419.6161812700305,-69.77328516053784,128165.984,98129.41
77,77,0.0,2072000,3262.095996122568,-14.969466,18934.034559820208,5732.507566640977,3262.095996122568,18934.034559820208,0.0,5732.507566640977,-73.09264680671858,13276894.0,nan,0.0,10,10,0.0,3262.095996122566,3262.095996122566,-73.09264680671858,31796.436,33770.535
78,78,0.0,2096000,9889.405064651566,-13.354853,61687.88756373011,19402.493731278304,9889.405064651566,61687.88756373011,0.1,19402.493731278304,-75.97114249873422,21301392.0,nan,0.1,10,10,0.0,9889.405064651562,9889.405064651562,-75.97114249873422,8545.671,25328.334
79,79,0.0,2120000,5891.597574870606,-13.161981,24934.513418177467,9370.610752066339,5891.597574870606,24934.513418177467,0.0,9370.610752066339,-66.54506408243223,27467712.0,nan,0.0,10,10,0.0,5891.597574870606,5891.597574870606,-66.54506408243223,840.7901,10538.323
80,80,0.0,2144000,12443.538908877188,-13.436303,74234.48393657104,22940.726978373372,12443.538908877188,74234.48393657104,0.1,22940.726978373372,-64.84560917649544,32697346.0,nan,0.1,10,10,0.0,12443.538908877186,12443.538908877186,-64.84560917649544,735.79517,-243.18312
81,81,0.0,2168000,8777.881591878819,-14.71242,45616.55860290085,13383.117144295591,8777.881591878819,45616.55860290085,0.1,13383.117144295591,-128.03510241861375,51533676.0,nan,0.1,10,10,0.0,8777.881591878819,8777.881591878819,-128.03510241861375,2298.0376,-10442.906
82,82,0.0,2192000,15484.75222679897,-16.642076,75094.44969571906,25696.186661637385,15484.75222679897,75094.44969571906,0.2,25696.186661637385,-61.811292682435955,56238370.0,nan,0.2,10,10,0.0,15484.752226798966,15484.752226798966,-61.811292682435955,88589.24,-11639.891
83,83,0.0,2216000,-38.569153542761754,-16.877361,257.01617148018096,100.4302871350562,-38.569153542761754,257.01617148018096,0.0,100.4302871350562,-111.56499875436481,62986820.0,nan,0.0,10,10,0.0,-38.56915354276174,-38.56915354276174,-111.56499875436481,1617.7021,-7359.5044
84,84,0.0,2240000,633.4237127919746,-24.055567,6813.537991504702,2060.1770789682787,633.4237127919746,6813.537991504702,0.0,2060.1770789682787,-86.27731791484284,282437760.0,nan,0.0,10,10,0.0,633.4237127919745,633.4237127919745,-86.27731791484284,2306004.2,219153.92
85,85,0.0,2264000,8645.027888234956,-19.107985,66864.03274314644,19742.238415397096,8645.027888234956,66864.03274314644,0.1,19742.238415397096,-64.19298179016923,53428420.0,nan,0.1,10,10,0.0,8645.027888234948,8645.027888234948,-64.19298179016923,853709.06,23672.936
86,86,0.0,2288000,10854.831658051882,-16.64059,103504.21464825187,30925.679250844303,10854.831658051882,103504.21464825187,0.2,30925.679250844303,-57.09566505178171,75039780.0,nan,0.2,10,10,0.0,10854.831658051877,10854.831658051877,-57.09566505178171,63273.137,-38576.26
87,87,0.0,2312000,32457.46510480284,-16.889053,160267.88955826624,56654.18370642903,32457.46510480284,160267.88955826624,0.2,56654.18370642903,-56.112242817596346,93188280.0,nan,0.2,10,10,0.0,32457.46510480285,32457.46510480285,-56.112242817596346,25138.404,-46430.8
88,88,0.0,2336000,5953.6232380941065,-17.287374,59226.89698254306,17759.25149226534,5953.6232380941065,59226.89698254306,0.1,17759.25149226534,-63.42620306339524,127396640.0,nan,0.1,10,10,0.0,5953.62323809411,5953.62323809411,-63.42620306339524,2842.105,-67188.664
89,89,0.0,2360000,35070.635655781436,-17.436703,144166.17124794438,46976.02111711471,35070.635655781436,144166.17124794438,0.5,46976.02111711471,-55.98347775306681,149191470.0,nan,0.5,10,10,0.0,35070.63565578144,35070.63565578144,-55.98347775306681,1836.9264,-83303.1
90,90,0.0,2384000,13436.338414916743,-17.010698,40776.14722944727,16406.299079535842,13436.338414916743,40776.14722944727,0.3,16406.299079535842,-56.936691826452204,170775000.0,nan,0.3,10,10,0.0,13436.33841491674,13436.33841491674,-56.936691826452204,869.66266,-104375.125
91,91,0.0,2408000,25212.476549490668,-17.264076,132031.49605375936,50594.74733527393,25212.476549490668,132031.49605375936,0.2,50594.74733527393,-54.38160333336341,172445140.0,nan,0.2,10,10,0.0,25212.476549490686,25212.476549490686,-54.38160333336341,1964.9885,-113544.27
92,92,0.0,2432000,8126.764950276105,-17.96573,27338.174820373188,10649.373691606292,8126.764950276105,27338.174820373188,0.2,10649.373691606292,-56.07771096969424,177314560.0,nan,0.2,10,10,0.0,8126.764950276103,8126.764950276103,-56.07771096969424,1745.4971,-116794.17
93,93,0.0,2456000,11937.685559576235,-18.211063,55497.42416031305,16780.06901109619,11937.685559576235,55497.42416031305,0.1,16780.06901109619,-60.274565785974396,182558530.0,nan,0.1,10,10,0.0,11937.685559576237,11937.685559576237,-60.274565785974396,1489.2118,-122759.57
94,94,0.0,2480000,15621.433451634923,-18.108019,107006.43768379393,32005.146312790785,15621.433451634923,107006.43768379393,0.1,32005.146312790785,-52.38657687499124,191404940.0,nan,0.1,10,10,0.0,15621.43345163491,15621.43345163491,-52.38657687499124,1540.5671,-134328.55
95,95,0.0,2504000,5940.909024070706,-18.260113,21363.433143012597,9174.437598146334,5940.909024070706,21363.433143012597,0.0,9174.437598146334,-57.721008236675765,208671920.0,nan,0.0,10,10,0.0,5940.909024070707,5940.909024070707,-57.721008236675765,1574.6443,-145934.84
96,96,0.0,2528000,18215.782687881212,-18.282906,80923.48045682356,27099.161801344304,18215.782687881212,80923.48045682356,0.3,27099.161801344304,-58.41967628971616,210595550.0,nan,0.3,10,10,0.0,18215.782687881212,18215.782687881212,-58.41967628971616,1262.1669,-151873.31
97,97,0.0,2552000,10790.886302739722,-18.203953,59433.6589689694,18302.026579031433,10790.886302739722,59433.6589689694,0.2,18302.026579031433,-54.94043136322543,207385920.0,nan,0.2,10,10,0.0,10790.886302739724,10790.886302739724,-54.94043136322543,1074.4259,-156123.78
98,98,0.0,2576000,21362.610713207192,-18.229757,72815.40304908296,30278.557882449222,21362.610713207192,72815.40304908296,0.3,30278.557882449222,-55.42440255760014,208993900.0,nan,0.3,10,10,0.0,21362.610713207192,21362.610713207192,-55.42440255760014,1122.2478,-154766.92
99,99,0.0,2600000,16953.820588363822,-19.254818,163861.47676085363,48979.039121609974,16953.820588363822,163861.47676085363,0.1,48979.039121609974,-88.05577668448899,201096060.0,nan,0.1,10,10,0.0,16953.820588363822,16953.820588363822,-88.05577668448899,112870.86,-134563.06
100,100,0.0,2624000,9948.602424402614,-18.98978,43074.224664010435,14059.766079560308,9948.602424402614,43074.224664010435,0.2,14059.766079560308,-57.10958113244636,198603600.0,nan,0.2,10,10,0.0,9948.602424402614,9948.602424402614,-57.10958113244636,5492.5757,-142650.16
101,101,0.0,2648000,7153.269834271586,-18.937605,31715.13568479782,11406.25548896293,7153.269834271586,31715.13568479782,0.0,11406.25548896293,-54.90532873255758,210518530.0,nan,0.0,10,10,0.0,7153.269834271584,7153.269834271584,-54.90532873255758,1122.403,-149915.47
102,102,0.0,2672000,14084.367083455907,-19.182058,99750.65307911344,28987.754209043313,14084.367083455907,99750.65307911344,0.2,28987.754209043313,-54.61573781523009,222458290.0,nan,0.2,10,10,0.0,14084.367083455907,14084.367083455907,-54.61573781523009,10962.367,-147142.23
103,103,0.0,2696000,16402.271434791575,-19.467535,103598.92348251276,30232.194346880166,16402.271434791575,103598.92348251276,0.1,30232.194346880166,-54.49690989302994,224994860.0,nan,0.1,10,10,0.0,16402.27143479157,16402.27143479157,-54.49690989302994,1858.2233,-152264.02
104,104,0.0,2720000,18881.56315337783,-19.642637,135756.95640528022,41775.60377082435,18881.56315337783,135756.95640528022,0.2,41775.60377082435,-57.55613348563939,235894510.0,nan,0.2,10,10,0.0,18881.56315337783,18881.56315337783,-57.55613348563939,2808.289,-153438.81
105,105,0.0,2744000,3074.3932862797515,-19.574886,12916.04958346627,5085.999853692934,3074.3932862797515,12916.04958346627,0.0,5085.999853692934,-53.76295431662642,252409780.0,nan,0.0,10,10,0.0,3074.393286279751,3074.393286279751,-53.76295431662642,1361.6799,-157771.33
106,106,0.0,2768000,7449.698222863959,-19.667503,19258.440199299926,8171.331708508662,7449.698222863959,19258.440199299926,0.0,8171.331708508662,-53.46441476451403,259423940.0,nan,0.0,10,10,0.0,7449.698222863956,7449.698222863956,-53.46441476451403,748.9214,-159257.97
107,107,0.0,2792000,6980.17154037062,-19.984423,40171.023991125556,11875.453461411707,6980.17154037062,40171.023991125556,0.2,11875.453461411707,-51.39566471280888,277374880.0,nan,0.2,10,10,0.0,6980.171540370614,6980.171540370614,-51.39566471280888,561.5239,-159706.89
108,108,0.0,2816000,13712.823567548225,-20.586523,105641.39097429955,32086.869808284482,13712.823567548225,105641.39097429955,0.1,32086.869808284482,-57.22087045616846,272472770.0,nan,0.1,10,10,0.0,13712.823567548232,13712.823567548232,-57.22087045616846,543.89795,-162470.47
109,109,0.0,2840000,2409.521495039383,-20.667425,23223.468902304518,6949.07703350086,2409.521495039383,23223.468902304518,0.0,6949.07703350086,-53.63649669773518,266180260.0,nan,0.0,10,10,0.0,2409.5214950393843,2409.5214950393843,-53.63649669773518,465.84738,-165484.67
110,110,0.0,2864000,26713.299079844222,-20.776031,140235.276097753,42111.21435075992,26713.299079844222,140235.276097753,0.3,42111.21435075992,-48.60714293588931,257348910.0,nan,0.3,10,10,0.0,26713.299079844222,26713.299079844222,-48.60714293588931,418.70032,-164006.38
111,111,0.0,2888000,11104.649974837459,-20.732447,41246.936822702395,14524.72756016987,11104.649974837459,41246.936822702395,0.2,14524.72756016987,-57.25684010358913,260295020.0,nan,0.2,10,10,0.0,11104.649974837464,11104.649974837464,-57.25684010358913,465.62064,-162742.11
112,112,0.0,2912000,8956.41590661068,-20.753653,28571.60494737793,11465.258868043242,8956.41590661068,28571.60494737793,0.0,11465.258868043242,-56.80533387052445,269095330.0,nan,0.0,10,10,0.0,8956.415906610679,8956.415906610679,-56.80533387052445,461.3072,-162845.5
113,113,0.0,2936000,10748.675974913447,-20.791977,26355.54533935971,10942.967384015223,10748.675974913447,26355.54533935971,0.0,10942.967384015223,-52.96070656833346,265889310.0,nan,0.0,10,10,0.0,10748.675974913445,10748.675974913445,-52.96070656833346,469.00323,-159812.27
114,114,0.0,2960000,12224.694598514012,-20.69271,51228.50426447711,18388.467090719074,12224.694598514012,51228.50426447711,0.1,18388.467090719074,-53.92230154364604,262285860.0,nan,0.1,10,10,0.0,12224.694598514008,12224.694598514008,-53.92230154364604,513.3088,-158749.56
115,115,0.0,2984000,18287.95589299011,-21.614578,150808.75412401155,44680.47699273273,18287.95589299011,150808.75412401155,0.1,44680.47699273273,-52.921160785125686,286091900.0,nan,0.1,10,10,0.0,18287.95589299011,18287.95589299011,-52.921160785125686,36221.33,-135723.45
116,116,0.0,3008000,28595.524881630747,-21.807985,166686.9868570873,48183.72270528093,28595.524881630747,166686.9868570873,0.2,48183.72270528093,-55.1213111551481,218290980.0,nan,0.2,10,10,0.0,28595.52488163075,28595.52488163075,-55.1213111551481,9701.874,-134860.25
117,117,0.0,3032000,6250.1777547117945,-22.711828,23705.84434008702,9680.988262945364,6250.1777547117945,23705.84434008702,0.0,9680.988262945364,-53.077662784086414,212015900.0,nan,0.0,10,10,0.0,6250.177754711795,6250.177754711795,-53.077662784086414,18470.748,-123231.17
118,118,0.0,3056000,10416.604388446609,-22.216686,24937.090675684954,10777.248430053072,10416.604388446609,24937.090675684954,0.1,10777.248430053072,-59.5540237305759,241087180.0,nan,0.1,10,10,0.0,10416.604388446609,10416.604388446609,-59.5540237305759,13881.858,-141759.52
119,119,0.0,3080000,7643.786955168752,-22.295742,25399.655728524907,9817.636379728243,7643.786955168752,25399.655728524907,0.0,9817.636379728243,-54.36405648172877,249013700.0,nan,0.0,10,10,0.0,7643.78695516875,7643.78695516875,-54.36405648172877,2071.2446,-147041.83
120,120,0.0,3104000,5213.9946024206065,-22.292585,20208.769675945412,7675.2979974089085,5213.9946024206065,20208.769675945412,0.0,7675.2979974089085,-52.329716571204834,267090450.0,nan,0.0,10,10,0.0,5213.994602420605,5213.994602420605,-52.329716571204834,751.77985,-154505.38
121,121,0.0,3128000,3021.969729222565,-22.193289,30661.40104758846,9213.144430886769,3021.969729222565,30661.40104758846,0.0,9213.144430886769,-55.660130548282936,276070530.0,nan,0.0,10,10,0.0,3021.9697292225646,3021.9697292225646,-55.660130548282936,734.04,-153487.05
122,122,0.0,3152000,7807.597172306046,-22.956284,20833.833169207617,9656.132190981318,7807.597172306046,20833.833169207617,0.0,9656.132190981318,-55.30592688612828,283764160.0,nan,0.0,10,10,0.0,7807.5971723060475,7807.5971723060475,-55.30592688612828,585.8074,-156705.4
123,123,0.0,3176000,6800.080245052479,-22.782507,25566.19479067264,10517.461999401876,6800.080245052479,25566.19479067264,0.0,10517.461999401876,-56.8327312470146,291211040.0,nan,0.0,10,10,0.0,6800.080245052482,6800.080245052482,-56.8327312470146,582.1448,-158602.78
124,124,0.0,3200000,4568.687324200112,-23.04648,17282.336921959333,7103.908560518977,4568.687324200112,17282.336921959333,0.0,7103.908560518977,-53.64881047444344,288931100.0,nan,0.0,10,10,0.0,4568.687324200115,4568.687324200115,-53.64881047444344,525.4811,-159740.56
125,125,0.0,3224000,10906.161960731302,-22.973284,43951.542580650625,13752.346803344702,10906.161960731302,43951.542580650625,0.1,13752.346803344702,-54.04378519484948,287056960.0,nan,0.1,10,10,0.0,10906.161960731306,10906.161960731306,-54.04378519484948,629.2188,-158662.23
126,126,0.0,3248000,4119.046883594751,-22.92242,33593.16585606406,10112.257489826125,4119.046883594751,33593.16585606406,0.1,10112.257489826125,-53.49141824599865,286695870.0,nan,0.1,10,10,0.0,4119.046883594749,4119.046883594749,-53.49141824599865,830.6306,-157417.86
127,127,0.0,3272000,8739.443842725628,-22.92902,32760.79940947456,10497.403237551887,8739.443842725628,32760.79940947456,0.1,10497.403237551887,-54.70799764857201,303430560.0,nan,0.1,10,10,0.0,8739.443842725634,8739.443842725634,-54.70799764857201,696.9096,-160480.61
128,128,0.0,3296000,29472.860061683932,-22.793882,150616.49502871672,43945.576957560545,29472.860061683932,150616.49502871672,0.2,43945.576957560545,-50.02355830138523,307516800.0,nan,0.2,10,10,0.0,29472.860061683932,29472.860061683932,-50.02355830138523,662.1418,-162183.34
129,129,0.0,3320000,7500.59413851008,-23.16876,40977.92630317438,13365.611586877598,7500.59413851008,40977.92630317438,0.1,13365.611586877598,-54.44893049882938,301190300.0,nan,0.1,10,10,0.0,7500.59413851008,7500.59413851008,-54.44893049882938,629.8718,-158712.53
130,130,0.0,3344000,15791.44187976449,-23.045849,59592.59902387305,20576.25857640311,15791.44187976449,59592.59902387305,0.2,20576.25857640311,-52.27771673618311,302285120.0,nan,0.2,10,10,0.0,15791.441879764501,15791.441879764501,-52.27771673618311,764.0643,-157116.45
131,131,0.0,3368000,2485.987919069875,-22.651457,18619.79032536043,5733.4072097001745,2485.987919069875,18619.79032536043,0.0,5733.4072097001745,-53.65177244558214,304877250.0,nan,0.0,10,10,0.0,2485.987919069874,2485.987919069874,-53.65177244558214,645.72955,-158567.3
132,132,0.0,3392000,43622.07231440891,-22.784199,148974.07998723083,49563.2517916095,43622.07231440891,148974.07998723083,0.5,49563.2517916095,-50.2163382213012,313146400.0,nan,0.5,10,10,0.0,43622.07231440889,43622.07231440889,-50.2163382213012,713.53577,-158841.53
133,133,0.0,3416000,25577.61981633331,-22.725079,171880.3345390944,52356.46210468659,25577.61981633331,171880.3345390944,0.2,52356.46210468659,-53.711533026555585,313022140.0,nan,0.2,10,10,0.0,25577.61981633331,25577.61981633331,-53.711533026555585,678.8755,-159523.47
134,134,0.0,3440000,26967.185818733375,-22.43677,136581.68772323037,40392.3469015415,26967.185818733375,136581.68772323037,0.2,40392.3469015415,-56.506051602664,321660160.0,nan,0.2,10,10,0.0,26967.185818733367,26967.185818733367,-56.506051602664,669.68427,-160422.25
135,135,0.0,3464000,30997.073479148756,-22.145971,132751.08090590627,43249.41191292366,30997.073479148756,132751.08090590627,0.4,43249.41191292366,-51.38503071982206,324985400.0,nan,0.4,10,10,0.0,30997.073479148752,30997.073479148752,-51.38503071982206,1168.965,-159987.75
136,136,0.0,3488000,47676.88516831524,-22.190266,138180.349347569,47353.77342657529,47676.88516831524,138180.349347569,0.5,47353.77342657529,-50.50745535383633,324140830.0,nan,0.5,10,10,0.0,47676.88516831524,47676.88516831524,-50.50745535383633,644.81366,-159137.25
137,137,0.0,3512000,17675.24716878782,-22.41087,65018.20337041853,19338.8798099244,17675.24716878782,65018.20337041853,0.1,19338.8798099244,-50.71229870763669,323970100.0,nan,0.1,10,10,0.0,17675.247168787824,17675.247168787824,-50.71229870763669,484.39874,-159270.11
138,138,0.0,3536000,4134.077286226414,-22.803347,24334.26662590386,7568.668223135884,4134.077286226414,24334.26662590386,0.0,7568.668223135884,-56.978690934850036,324702270.0,nan,0.0,10,10,0.0,4134.077286226411,4134.077286226411,-56.978690934850036,634.7805,-158389.17
139,139,0.0,3560000,39094.59817444197,-22.624968,146489.48859255458,55531.64443889076,39094.59817444197,146489.48859255458,0.4,55531.64443889076,-54.66183821710195,344015260.0,nan,0.4,10,10,0.0,39094.59817444196,39094.59817444196,-54.66183821710195,582.13885,-161564.1
140,140,0.0,3584000,51971.35720561959,-23.05991,133236.9632649427,48317.502034072175,51971.35720561959,133236.9632649427,0.5,48317.502034072175,-51.91363480197565,357392900.0,nan,0.5,10,10,0.0,51971.35720561957,51971.35720561957,-51.91363480197565,602.81445,-163623.9
141,141,0.0,3608000,17503.198498808175,-23.370697,65006.24650650436,21252.121865186673,17503.198498808175,65006.24650650436,0.1,21252.121865186673,-54.63077063326491,357222300.0,nan,0.1,10,10,0.0,17503.198498808175,17503.198498808175,-54.63077063326491,666.18854,-164158.1
142,142,0.0,3632000,34769.931629792714,-23.428585,142385.2997246298,54742.93140885228,34769.931629792714,142385.2997246298,0.2,54742.93140885228,-57.39443013208235,372791580.0,nan,0.2,10,10,0.0,34769.931629792714,34769.931629792714,-57.39443013208235,612.41974,-166805.97
143,143,0.0,3656000,27938.089953216084,-23.426414,132051.38577807986,42916.33096126326,27938.089953216084,132051.38577807986,0.2,42916.33096126326,-58.742269248717086,374008450.0,nan,0.2,10,10,0.0,27938.089953216106,27938.089953216106,-58.742269248717086,663.1757,-165940.64
144,144,0.0,3680000,20530.07086271086,-23.438883,100760.16916707798,33459.81360021396,20530.07086271086,100760.16916707798,0.2,33459.81360021396,-58.55005104808039,375619780.0,nan,0.2,10,10,0.0,20530.07086271086,20530.07086271086,-58.55005104808039,589.40173,-168355.78
145,145,0.0,3704000,14271.7455381554,-23.558098,56111.65885021063,16738.299415676312,14271.7455381554,56111.65885021063,0.0,16738.299415676312,-57.11163159689805,387253900.0,nan,0.0,10,10,0.0,14271.7455381554,14271.7455381554,-57.11163159689805,582.4591,-169557.84
146,146,0.0,3728000,14724.710330892392,-23.773865,52705.62445322236,19406.94406511981,14724.710330892392,52705.62445322236,0.0,19406.94406511981,-57.590774264087095,392434940.0,nan,0.0,10,10,0.0,14724.710330892392,14724.710330892392,-57.590774264087095,656.06915,-172021.53
147,147,0.0,3752000,6860.073547291593,-23.77309,28781.30741490027,9748.935369073211,6860.073547291593,28781.30741490027,0.0,9748.935369073211,-52.25903021185282,385280480.0,nan,0.0,10,10,0.0,6860.073547291594,6860.073547291594,-52.25903021185282,816.8954,-172965.94
148,148,0.0,3776000,18358.506235784014,-23.894865,116647.9844116859,35227.12377646837,18358.506235784014,116647.9844116859,0.1,35227.12377646837,-50.714511655297805,386865470.0,nan,0.1,10,10,0.0,18358.506235784018,18358.506235784018,-50.714511655297805,636.17523,-174288.95
149,149,0.0,3800000,21315.767852384713,-24.038074,61132.797070602275,22049.138556131194,21315.767852384713,61132.797070602275,0.0,22049.138556131194,-55.35406415457844,381127100.0,nan,0.0,10,10,0.0,21315.76785238471,21315.76785238471,-55.35406415457844,614.86896,-174625.52
150,150,0.0,3824000,31934.402965356752,-24.085476,130153.46933059154,48630.47270542144,31934.402965356752,130153.46933059154,0.2,48630.47270542144,-50.063963617162315,374989060.0,nan,0.2,10,10,0.0,31934.40296535676,31934.40296535676,-50.063963617162315,720.5498,-173437.19
151,151,0.0,3848000,27391.93218364352,-23.92718,80142.1900197256,24940.448414954644,27391.93218364352,80142.1900197256,0.4,24940.448414954644,-54.01835819672947,387150560.0,nan,0.4,10,10,0.0,27391.93218364352,27391.93218364352,-54.01835819672947,732.98364,-176258.53
152,152,0.0,3872000,18994.92561392643,-23.771517,116128.94766273402,34839.38841278472,18994.92561392643,116128.94766273402,0.1,34839.38841278472,-52.318883707774056,379743230.0,nan,0.1,10,10,0.0,18994.925613926436,18994.925613926436,-52.318883707774056,558.0298,-178354.11
153,153,0.0,3896000,14621.796211081255,-23.882347,49777.28032731001,16094.32004965398,14621.796211081255,49777.28032731001,0.2,16094.32004965398,-51.63640974625747,382210500.0,nan,0.2,10,10,0.0,14621.79621108126,14621.79621108126,-51.63640974625747,5224.4854,-178788.06
154,154,0.0,3920000,20305.816591160823,-23.868435,102882.70112967759,36959.07925992619,20305.816591160823,102882.70112967759,0.2,36959.07925992619,-51.80711950169917,370473570.0,nan,0.2,10,10,0.0,20305.816591160823,20305.816591160823,-51.80711950169917,1870.6683,-176886.6
155,155,0.0,3944000,10285.099919490665,-23.903284,39488.514916974746,12492.16231041976,10285.099919490665,39488.514916974746,0.1,12492.16231041976,-50.989337814211105,372521700.0,nan,0.1,10,10,0.0,10285.099919490664,10285.099919490664,-50.989337814211105,542.0961,-175828.78
156,156,0.0,3968000,19410.905766861928,-23.828768,80541.01757396705,24536.329183240538,19410.905766861928,80541.01757396705,0.1,24536.329183240538,-52.4251567302603,371992640.0,nan,0.1,10,10,0.0,19410.905766861917,19410.905766861917,-52.4251567302603,482.3735,-176877.1
157,157,0.0,3992000,5230.855382850748,-24.00434,19318.54813183125,7074.540525154289,5230.855382850748,19318.54813183125,0.0,7074.540525154289,-57.483916070639545,384197470.0,nan,0.0,10,10,0.0,5230.85538285075,5230.85538285075,-57.483916070639545,407.24588,-179792.7
158,158,0.0,4016000,33518.68919330267,-23.96926,119540.81931332622,37307.36392735258,33518.68919330267,119540.81931332622,0.3,37307.36392735258,-53.69991342942199,383946460.0,nan,0.3,10,10,0.0,33518.68919330269,33518.68919330269,-53.69991342942199,375.15656,-178273.77
159,159,0.0,4040000,30370.316775416268,-24.03321,121885.86396756893,36448.50944183255,30370.316775416268,121885.86396756893,0.3,36448.50944183255,-51.51490992158432,390295520.0,nan,0.3,10,10,0.0,30370.316775416268,30370.316775416268,-51.51490992158432,4590.252,-178665.83
160,160,0.0,4064000,41426.95950897289,-23.960152,127292.17453196613,46442.10894436679,41426.95950897289,127292.17453196613,0.4,46442.10894436679,-56.691865513330406,380299520.0,nan,0.4,10,10,0.0,41426.95950897288,41426.95950897288,-56.691865513330406,496.7975,-177980.98
161,161,0.0,4088000,46610.220578023895,-24.163244,156587.88209879404,57495.71375861973,46610.220578023895,156587.88209879404,0.4,57495.71375861973,-55.20341856932752,391117220.0,nan,0.4,10,10,0.0,46610.220578023895,46610.220578023895,-55.20341856932752,480.80203,-178024.45
162,162,0.0,4112000,35024.97506870287,-24.298355,149895.60524549714,45874.376788987494,35024.97506870287,149895.60524549714,0.2,45874.376788987494,-54.563149648299216,389376640.0,nan,0.2,10,10,0.0,35024.975068702865,35024.975068702865,-54.563149648299216,492.58362,-178432.75
163,163,0.0,4136000,35703.09861803554,-24.499168,152330.4805664525,48636.783516322954,35703.09861803554,152330.4805664525,0.3,48636.783516322954,-54.4629752059981,399192000.0,nan,0.3,10,10,0.0,35703.09861803553,35703.09861803553,-54.4629752059981,420.57416,-178987.78
164,164,0.0,4160000,33183.89705826544,-24.577143,124038.77584489793,39206.767564736634,33183.89705826544,124038.77584489793,0.3,39206.767564736634,-57.18805507108183,398131200.0,nan,0.3,10,10,0.0,33183.89705826544,33183.89705826544,-57.18805507108183,470.48755,-180402.56
165,165,0.0,4184000,32144.56877807348,-24.358713,90750.77781248327,37569.97037894796,32144.56877807348,90750.77781248327,0.4,37569.97037894796,-55.165792827625,414604300.0,nan,0.4,10,10,0.0,32144.568778073473,32144.568778073473,-55.165792827625,368.741,-181599.83
166,166,0.0,4208000,31513.320893848613,-24.171,116998.0148909804,34791.522303182224,31513.320893848613,116998.0148909804,0.2,34791.522303182224,-50.194684990344854,422229200.0,nan,0.2,10,10,0.0,31513.320893848606,31513.320893848606,-50.194684990344854,354.27536,-182857.89
167,167,0.0,4232000,19499.263174122985,-24.291431,78363.10280334,22417.250218357385,19499.263174122985,78363.10280334,0.2,22417.250218357385,-52.2821574542033,422920580.0,nan,0.2,10,10,0.0,19499.263174122985,19499.263174122985,-52.2821574542033,353.1118,-183409.4
168,168,0.0,4256000,34727.36135339823,-24.37803,132436.43432428356,47045.28348351015,34727.36135339823,132436.43432428356,0.4,47045.28348351015,-56.595427238531414,428413440.0,nan,0.4,10,10,0.0,34727.36135339823,34727.36135339823,-56.595427238531414,328.76288,-184488.86
169,169,0.0,4280000,29124.114263993637,-24.613173,113742.98954774662,34249.985631773634,29124.114263993637,113742.98954774662,0.2,34249.985631773634,-52.15679236107777,431812580.0,nan,0.2,10,10,0.0,29124.114263993637,29124.114263993637,-52.15679236107777,328.0567,-184774.81
170,170,0.0,4304000,46890.69188920953,-25.064577,145270.89786130775,52321.100351168054,46890.69188920953,145270.89786130775,0.4,52321.100351168054,-55.90454214610199,439481630.0,nan,0.4,10,10,0.0,46890.691889209535,46890.691889209535,-55.90454214610199,361.92776,-186452.31
171,171,0.0,4328000,3089.74738802939,-25.037352,19716.093531641618,6538.364865570275,3089.74738802939,19716.093531641618,0.0,6538.364865570275,-55.935630896265536,436362400.0,nan,0.0,10,10,0.0,3089.7473880293896,3089.7473880293896,-55.935630896265536,288.37668,-187145.12
172,172,0.0,4352000,8867.694757710506,-24.810583,20081.412430055767,9339.906623489838,8867.694757710506,20081.412430055767,0.0,9339.906623489838,-57.28342325620131,438554270.0,nan,0.0,10,10,0.0,8867.694757710504,8867.694757710504,-57.28342325620131,393.90192,-188148.73
173,173,0.0,4376000,19483.794807135426,-24.911613,109381.39905778161,34345.01625139743,19483.794807135426,109381.39905778161,0.2,34345.01625139743,-55.270373464774885,434320770.0,nan,0.2,10,10,0.0,19483.794807135422,19483.794807135422,-55.270373464774885,317.1448,-188561.66
174,174,0.0,4400000,34214.57715443438,-25.070658,134565.10641086655,46818.50528130557,34214.57715443438,134565.10641086655,0.4,46818.50528130557,-53.488974594842816,439286200.0,nan,0.4,10,10,0.0,34214.57715443439,34214.57715443439,-53.488974594842816,288.72974,-190014.7
175,175,0.0,4424000,32578.080143384555,-24.88302,138998.96561414294,43713.012643324866,32578.080143384555,138998.96561414294,0.3,43713.012643324866,-54.412243591921495,440430300.0,nan,0.3,10,10,0.0,32578.080143384555,32578.080143384555,-54.412243591921495,238.09001,-190480.27
176,176,0.0,4448000,61618.51343332635,-24.981297,154210.95161520812,60607.15688523492,61618.51343332635,154210.95161520812,0.5,60607.15688523492,-53.63573625277111,446649280.0,nan,0.5,10,10,0.0,61618.51343332635,61618.51343332635,-53.63573625277111,227.44879,-190703.69
177,177,0.0,4472000,42794.720469793,-25.222912,126033.84384988563,45182.07057970796,42794.720469793,126033.84384988563,0.4,45182.07057970796,-55.05877297526568,449557440.0,nan,0.4,10,10,0.0,42794.720469793,42794.720469793,-55.05877297526568,236.50668,-192469.78
178,178,0.0,4496000,52298.750632995696,-25.376173,139501.52393489715,49478.169751327325,52298.750632995696,139501.52393489715,0.5,49478.169751327325,-51.99310445123518,447915170.0,nan,0.5,10,10,0.0,52298.7506329957,52298.7506329957,-51.99310445123518,260.47128,-193044.52
179,179,0.0,4520000,14692.060467485562,-25.203554,137200.1418411946,40949.07864644375,14692.060467485562,137200.1418411946,0.1,40949.07864644375,-57.202825205650036,447619140.0,nan,0.1,10,10,0.0,14692.060467485551,14692.060467485551,-57.202825205650036,292.83667,-193141.94
180,180,0.0,4544000,48678.43732393645,-25.554016,114229.11758462442,45738.64588399698,48678.43732393645,114229.11758462442,0.5,45738.64588399698,-53.3393270577429,456841250.0,nan,0.5,10,10,0.0,48678.43732393646,48678.43732393646,-53.3393270577429,279.3503,-193935.08
181,181,0.0,4568000,39057.92213481541,-25.447172,125452.65126981541,52594.653316508,39057.92213481541,125452.65126981541,0.4,52594.653316508,-53.30138884038322,454508600.0,nan,0.4,10,10,0.0,39057.922134815424,39057.922134815424,-53.30138884038322,279.95407,-194435.19
182,182,0.0,4592000,55616.26841396889,-25.2875,137760.47688304418,57427.538647611036,55616.26841396889,137760.47688304418,0.4,57427.538647611036,-53.960407332446735,461621980.0,nan,0.4,10,10,0.0,55616.26841396889,55616.26841396889,-53.960407332446735,341.93893,-194433.73
183,183,0.0,4616000,67524.21487223404,-25.68135,143864.73132070855,67781.12833406284,67524.21487223404,143864.73132070855,0.5,67781.12833406284,-49.98768474795988,460579360.0,nan,0.5,10,10,0.0,67524.21487223402,67524.21487223402,-49.98768474795988,340.04877,-195079.94
184,184,0.0,4640000,67529.52914335573,-25.411156,144113.29836472264,56622.13563711181,67529.52914335573,144113.29836472264,0.5,56622.13563711181,-52.14428599887494,458822000.0,nan,0.5,10,10,0.0,67529.52914335576,67529.52914335576,-52.14428599887494,266.36987,-195351.78
185,185,0.0,4664000,32424.611971179816,-25.334232,183503.48036934002,54256.88732678211,32424.611971179816,183503.48036934002,0.3,54256.88732678211,-57.239947072269544,464608350.0,nan,0.3,10,10,0.0,32424.61197117983,32424.61197117983,-57.239947072269544,278.31082,-195911.75
186,186,0.0,4688000,66864.53633014514,-25.505707,183053.10852680454,73497.73040191912,66864.53633014514,183053.10852680454,0.5,73497.73040191912,-53.600653909974035,465707400.0,nan,0.5,10,10,0.0,66864.53633014511,66864.53633014511,-53.600653909974035,311.1685,-196155.1
187,187,0.0,4712000,13529.910050098226,-25.850857,50557.32009049821,21001.564002920044,13529.910050098226,50557.32009049821,0.2,21001.564002920044,-56.06005209967863,484417340.0,nan,0.2,10,10,0.0,13529.910050098235,13529.910050098235,-56.06005209967863,303.96097,-197965.45
188,188,0.0,4736000,30399.68767824732,-25.701445,126865.78034371296,48131.850289984875,30399.68767824732,126865.78034371296,0.3,48131.850289984875,-54.42388226793946,488071040.0,nan,0.3,10,10,0.0,30399.687678247305,30399.687678247305,-54.42388226793946,299.53018,-198895.39
189,189,0.0,4760000,19882.494735742723,-25.626663,121352.55905641515,36261.77939651591,19882.494735742723,121352.55905641515,0.2,36261.77939651591,-52.93603622868215,486109220.0,nan,0.2,10,10,0.0,19882.494735742723,19882.494735742723,-52.93603622868215,329.69232,-198601.3
190,190,0.0,4784000,34923.77993361435,-25.514809,143673.99125490116,44263.75304712399,34923.77993361435,143673.99125490116,0.4,44263.75304712399,-50.4654370534175,486202080.0,nan,0.4,10,10,0.0,34923.77993361435,34923.77993361435,-50.4654370534175,407.19907,-199177.03
191,191,0.0,4808000,31172.602272061493,-25.524961,187567.46748881185,54044.19467038321,31172.602272061493,187567.46748881185,0.3,54044.19467038321,-56.63355766642441,487413570.0,nan,0.3,10,10,0.0,31172.602272061475,31172.602272061475,-56.63355766642441,363.30414,-199203.33
192,192,0.0,4832000,52373.96407237302,-25.839619,187736.70455422014,73476.04448214087,52373.96407237302,187736.70455422014,0.4,73476.04448214087,-57.641218647278066,490866900.0,nan,0.4,10,10,0.0,52373.96407237301,52373.96407237301,-57.641218647278066,393.64243,-200697.25
193,193,0.0,4856000,53812.68799949067,-25.9891,170786.37284216683,62439.21688934515,53812.68799949067,170786.37284216683,0.5,62439.21688934515,-54.488598638896285,494559740.0,nan,0.5,10,10,0.0,53812.68799949066,53812.68799949066,-54.488598638896285,431.1107,-201328.0
194,194,0.0,4880000,28087.207071836,-26.245365,144555.52921234845,44544.51788858268,28087.207071836,144555.52921234845,0.2,44544.51788858268,-57.17763420808234,492113900.0,nan,0.2,10,10,0.0,28087.207071835983,28087.207071835983,-57.17763420808234,460.75165,-201989.4
195,195,0.0,4904000,26397.40377999261,-26.126923,152849.60798123528,43840.302502624014,26397.40377999261,152849.60798123528,0.1,43840.302502624014,-54.43593188360323,492882370.0,nan,0.1,10,10,0.0,26397.40377999261,26397.40377999261,-54.43593188360323,497.1303,-202687.73
196,196,0.0,4928000,31681.360049267892,-26.190727,144237.69999341047,45441.43120961054,31681.360049267892,144237.69999341047,0.3,45441.43120961054,-57.078249053454165,486301280.0,nan,0.3,10,10,0.0,31681.360049267892,31681.360049267892,-57.078249053454165,433.16086,-202378.66
197,197,0.0,4952000,21702.902049301778,-26.231981,146798.67085625138,42810.774751520104,21702.902049301778,146798.67085625138,0.1,42810.774751520104,-52.61290195663734,492126140.0,nan,0.1,10,10,0.0,21702.90204930177,21702.90204930177,-52.61290195663734,427.3505,-203690.94
198,198,0.0,4976000,34276.80909320184,-26.2316,139578.58925447956,42165.2364128172,34276.80909320184,139578.58925447956,0.3,42165.2364128172,-52.48801204542883,501486900.0,nan,0.3,10,10,0.0,34276.809093201846,34276.809093201846,-52.48801204542883,418.91245,-205025.17
199,199,0.0,5000000,61898.07630316981,-26.200817,143475.23881681162,54084.64985332528,61898.07630316981,143475.23881681162,0.5,54084.64985332528,-52.429473348142494,503283400.0,nan,0.5,10,10,0.0,61898.076303169844,61898.076303169844,-52.429473348142494,441.12494,-205482.14
