MetaTest/Average/StdReturn,MetaTest/door-lock-v1/Iteration,MetaTest/Average/Iteration,MetaTest/door-lock-v1/TerminationRate,MetaTrain/Average/Alpha,MetaTest/Average/MinReturn,MetaTest/door-lock-v1/SuccessRate,MetaTest/Average/NumEpisodes,MetaTest/Average/SuccessRate,MetaTrain/Average/PolicyLoss,MetaTest/door-lock-v1/StdReturn,MetaTest/Average/AverageReturn,TotalEnvSteps,MetaTrain/Average/QfLoss,MetaTest/door-lock-v1/AverageDiscountedReturn,MetaTest/door-lock-v1/MaxReturn,MetaTest/door-lock-v1/NumEpisodes,MetaTest/Average/AverageDiscountedReturn,MetaTest/Average/TerminationRate,MetaTrain/Average/ContrastiveLoss,MetaTrain/Average/AlphaLoss,MetaTest/door-lock-v1/MinReturn,MetaTest/Average/MaxReturn,MetaTest/door-lock-v1/AverageReturn
9.942290665887327,0,0,0.0,0.9355087,-94.93957482798025,0.0,10,0.0,-24.187202,9.942290665887327,-74.98507689051704,56000,17197.732,-74.98507689051704,-57.94955074272092,10,-74.98507689051704,0.0,25.33608,4.9518137,-94.93957482798025,-57.94955074272092,-74.98507689051704
9.501797736137853,1,1,0.0,0.8324453,-80.37150979365225,0.0,10,0.0,-80.85262,9.501797736137853,-60.032641221003544,62000,14466.714,-60.032641221003516,-44.56133922903095,10,-60.032641221003516,0.0,77.646935,3.4414341,-80.37150979365225,-44.56133922903095,-60.032641221003544
96.77718067663788,2,2,0.0,0.7403704,-134.9396705175853,0.0,10,0.0,-187.36377,96.77718067663788,-46.607095577628314,68000,14921.145,-46.60709557762832,209.2341359819141,10,-46.60709557762832,0.0,108.36515,2.7770762,-134.9396705175853,209.2341359819141,-46.607095577628314
40.586248483768735,3,3,0.0,0.6698063,-130.37134476795993,0.2,10,0.2,-355.7849,40.586248483768735,-61.41041783630984,74000,16995.568,-61.41041783630984,-30.97698238064712,10,-61.41041783630984,0.0,280.538,1.4162153,-130.37134476795993,-30.97698238064712,-61.41041783630984
8.972543441716189,4,4,0.0,0.64351827,-48.76725770108035,0.0,10,0.0,-534.91504,8.972543441716189,-28.2224466744842,80000,27809.684,-28.222446674484207,-18.43957782364745,10,-28.222446674484207,0.0,199.86685,0.030677315,-48.76725770108035,-18.43957782364745,-28.2224466744842
3521.7083730570225,5,5,0.0,0.6506459,-45.24788984130465,0.2,10,0.2,-674.19165,3521.7083730570225,1683.4028313902,86000,27204.469,1683.4028313902,10281.545321808151,10,1683.4028313902,0.0,51.277622,-0.18468921,-45.24788984130465,10281.545321808151,1683.4028313902
4540.414203873015,6,6,0.0,0.68903154,-75.04409782764384,0.0,10,0.0,-907.9377,4540.414203873015,1474.872078886087,92000,30898.914,1474.872078886087,15095.63640650843,10,1474.872078886087,0.0,74.41745,-0.8088317,-75.04409782764384,15095.63640650843,1474.872078886087
892.9304446354295,7,7,0.0,0.8135443,-100.27527298391506,0.0,10,0.0,-1004.26514,892.9304446354295,219.61601452582823,98000,41805.31,219.61601452582835,2898.2956130702332,10,219.61601452582835,0.0,132.02213,-1.9436139,-100.27527298391506,2898.2956130702332,219.61601452582823
10.542143516274432,8,8,0.0,0.9341645,-56.44328655104492,0.1,10,0.1,-1650.6184,10.542143516274432,-35.91380813337149,104000,46070.48,-35.91380813337149,-18.183333810369323,10,-35.91380813337149,0.0,127.943596,-2.5081124,-56.44328655104492,-18.183333810369323,-35.91380813337149
15.867833123424884,9,9,0.0,1.0356685,-68.01761623376373,0.0,10,0.0,-1545.6326,15.867833123424884,-48.00481067376918,110000,123251.28,-48.00481067376918,-16.508053163470343,10,-48.00481067376918,0.0,1401.8187,-0.073215455,-68.01761623376373,-16.508053163470343,-48.00481067376918
5.143051084840789,10,10,0.0,0.9771364,-63.237054484732134,0.0,10,0.0,-990.3756,5.143051084840789,-55.60095999487952,116000,109257.73,-55.60095999487951,-42.75177255211819,10,-55.60095999487951,0.0,1191.0594,0.009073243,-63.237054484732134,-42.75177255211819,-55.60095999487952
23.73839845302869,11,11,0.0,1.0574696,-79.6082063862173,0.0,10,0.0,-1609.7765,23.73839845302869,-51.966580682924096,122000,162009.75,-51.966580682924096,-19.723055699380748,10,-51.966580682924096,0.0,1701.7819,-3.851693,-79.6082063862173,-19.723055699380748,-51.966580682924096
151.48738385550925,12,12,0.0,1.2191384,-66.119300998638,0.0,10,0.0,-2843.623,151.48738385550925,-8.463398625543444,128000,160793.23,-8.463398625543478,445.65706773585634,10,-8.463398625543478,0.0,901.33777,-3.2485082,-66.119300998638,445.65706773585634,-8.463398625543444
23.227579726360457,13,13,0.0,1.446,-125.83584181904348,0.0,10,0.0,-13953.008,23.227579726360457,-73.04922362732655,134000,439117.3,-73.04922362732654,-35.50328344954558,10,-73.04922362732654,0.0,1022.1014,-13.721644,-125.83584181904348,-35.50328344954558,-73.04922362732655
5.8539101582332025,14,14,0.0,1.7646086,-124.22694541631769,0.0,10,0.0,-15390.156,5.8539101582332025,-117.4911767109541,140000,327576.97,-117.4911767109541,-105.57820693665987,10,-117.4911767109541,0.0,999.07623,-16.406734,-124.22694541631769,-105.57820693665987,-117.4911767109541
16.61156095856391,15,15,0.0,2.0092342,-102.5120190889511,0.0,10,0.0,-9684.158,16.61156095856391,-74.25043733383072,146000,293496.97,-74.25043733383072,-37.54157779581532,10,-74.25043733383072,0.0,2815.039,-11.275719,-102.5120190889511,-37.54157779581532,-74.25043733383072
40.98832105281123,16,16,0.0,2.2885506,-83.7245304945885,0.0,10,0.0,-9428.966,40.98832105281123,-55.906809880765195,152000,395858.53,-55.90680988076518,56.835186337889674,10,-55.90680988076518,0.0,4268.124,-10.295504,-83.7245304945885,56.835186337889674,-55.906809880765195
21.280858104164242,17,17,0.0,2.5166543,-115.71683410734911,0.0,10,0.0,-6070.312,21.280858104164242,-92.54840490589412,158000,418543.12,-92.54840490589412,-52.08471834605281,10,-92.54840490589412,0.0,2518.5332,-6.4174924,-115.71683410734911,-52.08471834605281,-92.54840490589412
12.362406639860888,18,18,0.0,2.8577898,-78.39163907297261,0.0,10,0.0,-4945.854,12.362406639860888,-60.511883928234525,164000,730396.25,-60.511883928234525,-34.810195232584825,10,-60.511883928234525,0.0,11732.785,-11.87686,-78.39163907297261,-34.810195232584825,-60.511883928234525
23.50076347528972,19,19,0.0,3.0474925,-114.89083955485877,0.0,10,0.0,-7298.929,23.50076347528972,-98.39247985322949,170000,497438.97,-98.39247985322947,-29.719580394999245,10,-98.39247985322947,0.0,6074.2246,-9.590883,-114.89083955485877,-29.719580394999245,-98.39247985322949
15.89463980894806,20,20,0.0,3.4413414,-111.3806971881225,0.0,10,0.0,-9465.108,15.89463980894806,-80.22225031894001,176000,505748.03,-80.22225031893994,-59.26488494985979,10,-80.22225031893994,0.0,7894.287,-9.33767,-111.3806971881225,-59.26488494985979,-80.22225031894001
1514.3544015519492,21,21,0.0,3.6348703,-58.124112437266085,0.0,10,0.0,-9261.086,1514.3544015519492,461.3384645989555,182000,614468.3,461.33846459895614,5004.333969630129,10,461.33846459895614,0.0,10084.958,-4.5442276,-58.124112437266085,5004.333969630129,461.3384645989555
649.3212494587517,22,22,0.0,3.5099008,-77.6596604595367,0.0,10,0.0,-8831.434,649.3212494587517,162.84095431813935,188000,477513.6,162.84095431813995,2110.198245004192,10,162.84095431813995,0.0,4110.256,9.479816,-77.6596604595367,2110.198245004192,162.84095431813935
10.360695043015973,23,23,0.0,3.1904786,-123.55064507471053,0.0,10,0.0,-5927.4155,10.360695043015973,-104.16581595515547,194000,572666.9,-104.1658159551555,-91.09462989991542,10,-104.1658159551555,0.0,3120.7092,3.700539,-123.55064507471053,-91.09462989991542,-104.16581595515547
785.3404355434953,24,24,0.0,3.2884905,-55.93536054291915,0.0,10,0.0,-5492.919,785.3404355434953,304.22486380407366,200000,651998.06,304.2248638040736,2502.565139066608,10,304.2248638040736,0.0,2793.5864,-2.92886,-55.93536054291915,2502.565139066608,304.22486380407366
10.5000715047545,25,25,0.0,3.3871012,-84.21239785858226,0.0,10,0.0,-2397.1555,10.5000715047545,-67.5327161763037,206000,482340.88,-67.5327161763037,-50.9574507177028,10,-67.5327161763037,0.0,10261.647,-0.882387,-84.21239785858226,-50.9574507177028,-67.5327161763037
11.828037777422425,26,26,0.0,3.2912412,-118.02325546629297,0.0,10,0.0,-3090.0515,11.828037777422425,-98.71314374646045,212000,538566.06,-98.71314374646046,-83.97273077895296,10,-98.71314374646046,0.0,29046.383,5.884844,-118.02325546629297,-83.97273077895296,-98.71314374646045
3491.096675928769,27,27,0.0,3.2942643,-88.18244382650118,0.0,10,0.0,-4571.812,3491.096675928769,1105.6726661462828,218000,922724.25,1105.6726661462833,11578.851820460306,10,1105.6726661462833,0.0,41913.793,-5.4692683,-88.18244382650118,11578.851820460306,1105.6726661462828
2595.282644363304,28,28,0.0,3.7076414,-79.82095463052416,0.0,10,0.0,-12421.785,2595.282644363304,829.8849939912585,224000,838037.0,829.8849939912589,8614.858555651068,10,829.8849939912589,0.0,19400.691,-18.903755,-79.82095463052416,8614.858555651068,829.8849939912585
20.72817252511192,29,29,0.0,4.221806,-102.8448912798394,0.0,10,0.0,-10330.41,20.72817252511192,-64.26023373470082,230000,711386.6,-64.26023373470079,-34.91348072053045,10,-64.26023373470079,0.0,8559.195,-9.418543,-102.8448912798394,-34.91348072053045,-64.26023373470082
5.315256047736771,30,30,0.0,4.568985,-75.02584432345304,0.0,10,0.0,-10693.148,5.315256047736771,-63.16565086986914,236000,866856.94,-63.16565086986914,-57.33817624412693,10,-63.16565086986914,0.0,35816.496,-7.214006,-75.02584432345304,-57.33817624412693,-63.16565086986914
17.112110043970233,31,31,0.0,4.979215,-121.70058116014843,0.0,10,0.0,-4590.577,17.112110043970233,-100.83770939720333,242000,667196.3,-100.83770939720334,-71.30535290697527,10,-100.83770939720334,0.0,14107.434,-8.877617,-121.70058116014843,-71.30535290697527,-100.83770939720333
15.349150591891938,32,32,0.0,5.48555,-72.06805942589493,0.0,10,0.0,-9015.645,15.349150591891938,-46.35789383983489,248000,892760.1,-46.35789383983489,-28.158404970630947,10,-46.35789383983489,0.0,6488.655,-7.79088,-72.06805942589493,-28.158404970630947,-46.35789383983489
213.3266422689713,33,33,0.0,5.9147506,-87.04325358642278,0.0,10,0.0,-6859.9463,213.3266422689713,39.18060290515377,254000,626530.94,39.18060290515388,648.371520257499,10,39.18060290515388,0.0,13374.285,-2.3501747,-87.04325358642278,648.371520257499,39.18060290515377
17.61428310904108,34,34,0.0,5.9521475,-97.77106377265669,0.1,10,0.1,-10912.93,17.61428310904108,-54.504279874358915,260000,923188.8,-54.504279874358915,-42.11650808308556,10,-54.504279874358915,0.0,23304.365,-4.984135,-97.77106377265669,-42.11650808308556,-54.504279874358915
2018.6824713363033,35,35,0.0,6.7121034,-66.95948418292784,0.2,10,0.2,-13042.487,2018.6824713363033,630.4336359465974,266000,1986030.4,630.4336359465973,6686.37846697979,10,630.4336359465973,0.0,30459.615,-10.293168,-66.95948418292784,6686.37846697979,630.4336359465974
14.332488954090918,36,36,0.0,7.063946,-71.92216456725616,0.0,10,0.0,-13733.124,14.332488954090918,-53.22819147125131,272000,1238469.9,-53.22819147125131,-23.25651008863616,10,-53.22819147125131,0.0,11301.796,-4.0206623,-71.92216456725616,-23.25651008863616,-53.22819147125131
4221.171497542093,37,37,0.0,6.950204,-83.42351860346794,0.0,10,0.0,-10505.142,4221.171497542093,1361.3736721752798,278000,1071023.6,1361.3736721752787,14024.78639670039,10,1361.3736721752787,0.0,14748.922,2.5778768,-83.42351860346794,14024.78639670039,1361.3736721752798
4584.763394170617,38,38,0.0,6.564032,-46.73694110155082,0.0,10,0.0,-4607.1934,4584.763394170617,1498.4806995152587,284000,1009922.94,1498.4806995152578,15252.751111978678,10,1498.4806995152578,0.0,44582.67,18.173365,-46.73694110155082,15252.751111978678,1498.4806995152587
14.045007117172874,39,39,0.0,5.8085246,-96.47062858377603,0.1,10,0.1,-4879.339,14.045007117172874,-67.12263970608215,290000,1051503.6,-67.12263970608218,-44.93742423732098,10,-67.12263970608218,0.0,23937.982,3.6664612,-96.47062858377603,-44.93742423732098,-67.12263970608215
3401.4237838004874,40,40,0.0,6.2827053,-52.55959348752885,0.0,10,0.0,-15929.09,3401.4237838004874,1096.3558455621235,296000,1573408.5,1096.3558455621235,11300.582645150735,10,1096.3558455621235,0.0,12780.164,-18.228851,-52.55959348752885,11300.582645150735,1096.3558455621235
4953.917813895594,41,41,0.0,7.375078,-41.17383160577817,0.3,10,0.3,-20603.176,4953.917813895594,2302.73343025921,302000,1702981.9,2302.733430259209,15335.205955228612,10,2302.733430259209,0.0,9396.275,-19.881489,-41.17383160577817,15335.205955228612,2302.73343025921
21877.51690830006,42,42,0.0,8.364134,-53.14157289467275,0.1,10,0.1,-21429.482,21877.51690830006,7637.2576971883245,308000,2176451.0,7637.257697188323,73194.24337568712,10,7637.257697188323,0.0,15518.95,-12.784094,-53.14157289467275,73194.24337568712,7637.2576971883245
7.721678575292572,43,43,0.0,9.100889,-56.71140032601291,0.1,10,0.1,-24022.613,7.721678575292572,-41.75450218221668,314000,1784564.0,-41.75450218221668,-26.964074686133173,10,-41.75450218221668,0.0,14382.196,-14.802824,-56.71140032601291,-26.964074686133173,-41.75450218221668
9.817386913049939,44,44,0.0,10.32816,-73.39088461787613,0.1,10,0.1,-28696.969,9.817386913049939,-51.117772908004504,320000,2383858.2,-51.11777290800451,-37.51461210775322,10,-51.11777290800451,0.0,9466.588,-14.984571,-73.39088461787613,-37.51461210775322,-51.117772908004504
10.100901648903923,45,45,0.0,10.22419,-69.19780199368033,0.0,10,0.0,-8203.637,10.100901648903923,-53.912907746793984,326000,1393061.9,-53.912907746793984,-41.469866173632845,10,-53.912907746793984,0.0,39217.81,33.360985,-69.19780199368033,-41.469866173632845,-53.912907746793984
22.96311553441438,46,46,0.0,8.617293,-105.55111673488754,0.0,10,0.0,-7663.8804,22.96311553441438,-69.41668791159437,332000,2876610.2,-69.41668791159437,-42.61281720888254,10,-69.41668791159437,0.0,79309.64,29.998127,-105.55111673488754,-42.61281720888254,-69.41668791159437
16.316973062357203,47,47,0.0,7.948966,-111.92617285117738,0.0,10,0.0,-12172.6,16.316973062357203,-76.96527238993811,338000,1677919.8,-76.96527238993811,-55.18843947873482,10,-76.96527238993811,0.0,46236.688,12.333162,-111.92617285117738,-55.18843947873482,-76.96527238993811
21.3287876629447,48,48,0.0,7.7096677,-96.10221130291151,0.1,10,0.1,-15332.693,21.3287876629447,-75.53112606889788,344000,2490234.5,-75.53112606889786,-35.15393913902285,10,-75.53112606889786,0.0,29167.611,0.7846421,-96.10221130291151,-35.15393913902285,-75.53112606889788
14.535906117027263,49,49,0.0,8.267058,-88.33440284249822,0.0,10,0.0,-33118.465,14.535906117027263,-71.31174580055601,350000,4741885.0,-71.31174580055601,-53.287817119076394,10,-71.31174580055601,0.0,8121.7163,-23.808664,-88.33440284249822,-53.287817119076394,-71.31174580055601
12.687100300656587,50,50,0.0,9.638912,-68.85181024732238,0.0,10,0.0,-29579.213,12.687100300656587,-52.45392845694262,356000,4025135.8,-52.45392845694262,-26.836684503250396,10,-52.45392845694262,0.0,31613.293,-21.094402,-68.85181024732238,-26.836684503250396,-52.45392845694262
17.558643157746125,51,51,0.0,9.909562,-78.4211001573987,0.0,10,0.0,-19698.584,17.558643157746125,-42.895310873977735,362000,3275701.2,-42.89531087397773,-21.426102169916607,10,-42.89531087397773,0.0,42160.7,9.060916,-78.4211001573987,-21.426102169916607,-42.895310873977735
9191.54260299257,52,52,0.0,10.168643,-83.82199582044825,0.1,10,0.1,-26964.28,9191.54260299257,3007.585219986992,368000,4691659.0,3007.585219986991,30582.17703004947,10,3007.585219986991,0.0,11098.411,-18.6005,-83.82199582044825,30582.17703004947,3007.585219986992
15.29462335747974,53,53,0.0,11.417422,-90.28973935963339,0.0,10,0.0,-31707.04,15.29462335747974,-68.40698872121607,374000,5371358.0,-68.40698872121608,-34.79483673124337,10,-68.40698872121608,0.0,9856.553,-13.667045,-90.28973935963339,-34.79483673124337,-68.40698872121607
9.949712467277278,54,54,0.0,10.931139,-64.30866544879974,0.2,10,0.2,-9710.246,9.949712467277278,-52.911038170033876,380000,3375341.2,-52.911038170033876,-33.35962030588752,10,-52.911038170033876,0.0,15783.509,25.671532,-64.30866544879974,-33.35962030588752,-52.911038170033876
15.102717242654766,55,55,0.0,9.963197,-101.93320141033102,0.0,10,0.0,-16275.328,15.102717242654766,-70.20975274786898,386000,4260302.0,-70.20975274786898,-46.77945769601589,10,-70.20975274786898,0.0,13775.515,5.9771256,-101.93320141033102,-46.77945769601589,-70.20975274786898
6.608983692136094,56,56,0.0,10.312254,-52.31854120215091,0.0,10,0.0,-34403.207,6.608983692136094,-42.15058123575455,392000,6187916.5,-42.150581235754565,-29.631850904122903,10,-42.150581235754565,0.0,10170.758,-22.737185,-52.31854120215091,-29.631850904122903,-42.15058123575455
5814.773609365164,57,57,0.0,11.904009,-95.87850046404998,0.1,10,0.1,-31041.666,5814.773609365164,2868.7637743313626,398000,5195595.0,2868.7637743313617,15138.505455916767,10,2868.7637743313617,0.0,8831.664,-16.15069,-95.87850046404998,15138.505455916767,2868.7637743313626
9.211708409530596,58,58,0.0,13.237383,-57.17397908759634,0.1,10,0.1,-39644.395,9.211708409530596,-40.459460327082866,404000,6867290.5,-40.45946032708288,-26.608610833150465,10,-40.45946032708288,0.0,6084.96,-33.41346,-57.17397908759634,-26.608610833150465,-40.459460327082866
27.707016251136242,59,59,0.0,15.195279,-117.57114098055318,0.0,10,0.0,-36798.773,27.707016251136242,-58.421855677966334,410000,5849059.0,-58.42185567796632,-26.789937663325738,10,-58.42185567796632,0.0,6825.916,-18.995827,-117.57114098055318,-26.789937663325738,-58.421855677966334
16.121055690775787,60,60,0.0,14.733646,-77.54970724025814,0.0,10,0.0,-17355.98,16.121055690775787,-57.0366451768092,416000,2606164.5,-57.0366451768092,-29.267357649189,10,-57.0366451768092,0.0,11784.19,28.682549,-77.54970724025814,-29.267357649189,-57.0366451768092
77.83155748395205,61,61,0.0,12.973039,-77.87150432369529,0.0,10,0.0,-17093.2,77.83155748395205,-15.424784080141805,422000,2896343.5,-15.424784080141794,213.52208065097912,10,-15.424784080141794,0.0,6706.37,23.083899,-77.87150432369529,213.52208065097912,-15.424784080141805
10.374351478441804,62,62,0.0,11.965838,-58.27942178290226,0.0,10,0.0,-18957.018,10.374351478441804,-41.81505840828746,428000,3466549.8,-41.815058408287456,-27.3786908986193,10,-41.815058408287456,0.0,10036.26,10.68103,-58.27942178290226,-27.3786908986193,-41.81505840828746
476.6164775619426,63,63,0.0,11.333379,-45.10168226341538,0.1,10,0.1,-23897.943,476.6164775619426,130.71231365983368,434000,4253073.0,130.71231365983365,1560.3242424851032,10,130.71231365983365,0.0,9409.724,4.258301,-45.10168226341538,1560.3242424851032,130.71231365983368
16.315801534985162,64,64,0.0,11.060159,-66.73608563567042,0.0,10,0.0,-21743.084,16.315801534985162,-38.122765850498794,440000,3079114.5,-38.12276585049878,-18.577598325445813,10,-38.12276585049878,0.0,6423.1543,6.9202285,-66.73608563567042,-18.577598325445813,-38.122765850498794
3277.476855488698,65,65,0.0,10.56686,-40.22899485167581,0.2,10,0.2,-27702.953,3277.476855488698,1785.209563167527,446000,5531505.5,1785.2095631675263,10815.218988874542,10,1785.2095631675263,0.0,5218.767,0.0065405276,-40.22899485167581,10815.218988874542,1785.209563167527
9.216449582382033,66,66,0.0,11.162217,-50.276702401271336,0.2,10,0.2,-32690.076,9.216449582382033,-26.62577868546608,452000,6132986.0,-26.625778685466095,-14.43215724544108,10,-26.625778685466095,0.0,5645.789,-7.5118546,-50.276702401271336,-14.43215724544108,-26.62577868546608
14.072043183930454,67,67,0.0,11.722485,-75.88144748040908,0.1,10,0.1,-29033.648,14.072043183930454,-45.534007128127925,458000,6128431.0,-45.534007128127925,-23.643434441350916,10,-45.534007128127925,0.0,3158.7688,-1.2835271,-75.88144748040908,-23.643434441350916,-45.534007128127925
16.36271542137844,68,68,0.0,11.637924,-69.57627710597089,0.2,10,0.2,-29337.771,16.36271542137844,-30.577521493933922,464000,6353325.0,-30.577521493933926,-16.091372762293314,10,-30.577521493933926,0.0,4422.684,-1.8320616,-69.57627710597089,-16.091372762293314,-30.577521493933922
28053.3755710593,69,69,0.0,12.365197,-60.155981030991256,0.1,10,0.1,-32279.217,28053.3755710593,13485.93527337656,470000,5731393.5,13485.935273376565,85306.20682814713,10,13485.935273376565,0.0,2439.1577,-4.885551,-60.155981030991256,85306.20682814713,13485.93527337656
11.388348516173473,70,70,0.0,13.153551,-65.68628945911694,0.1,10,0.1,-35285.055,11.388348516173473,-39.033656633654324,476000,6420422.0,-39.03365663365434,-22.325884327536304,10,-39.03365663365434,0.0,8622.526,-5.0670743,-65.68628945911694,-22.325884327536304,-39.033656633654324
446.9517480286784,71,71,0.0,12.68031,-38.86953932010372,0.0,10,0.0,-26546.64,446.9517480286784,121.35114076203033,482000,5615902.5,121.35114076203033,1462.0506466099214,10,121.35114076203033,0.0,10407.157,7.567734,-38.86953932010372,1462.0506466099214,121.35114076203033
5947.587391631642,72,72,0.0,13.472557,-91.11086091193765,0.1,10,0.1,-40488.223,5947.587391631642,2936.840383602348,488000,9337797.0,2936.8403836023485,18057.69434432969,10,2936.8403836023485,0.0,14047.235,-19.215082,-91.11086091193765,18057.69434432969,2936.840383602348
16.30950224687869,73,73,0.0,13.595981,-78.63379572148177,0.0,10,0.0,-14599.62,16.30950224687869,-52.143880083215755,494000,3689194.5,-52.14388008321574,-31.499994626711867,10,-52.14388008321574,0.0,45081.184,40.21717,-78.63379572148177,-31.499994626711867,-52.143880083215755
4893.185443905141,74,74,0.0,11.584131,-129.0379638311054,0.2,10,0.2,-13985.336,4893.185443905141,1724.0389755828335,500000,4665031.0,1724.0389755828342,16376.884539145916,10,1724.0389755828342,0.0,24407.88,19.522575,-129.0379638311054,16376.884539145916,1724.0389755828335
26.740575540692642,75,75,0.0,11.029538,-91.34084620239562,0.0,10,0.0,-21259.355,26.740575540692642,-54.28428384789426,506000,5002372.0,-54.284283847894244,4.7067476876808305,10,-54.284283847894244,0.0,12134.229,7.803864,-91.34084620239562,4.7067476876808305,-54.28428384789426
7.1333767390726806,76,76,0.0,10.312091,-33.83971629219475,0.0,10,0.0,-18002.135,7.1333767390726806,-22.714814097474587,512000,4822284.5,-22.714814097474584,-14.689261162352997,10,-22.714814097474584,0.0,38428.664,15.456555,-33.83971629219475,-14.689261162352997,-22.714814097474587
142.84462365774294,77,77,0.0,9.298828,-62.326106008224286,0.0,10,0.0,-17856.043,142.84462365774294,6.724976264674245,518000,4192766.2,6.724976264674221,433.7590046825563,10,6.724976264674221,0.0,24624.6,12.001045,-62.326106008224286,433.7590046825563,6.724976264674245
1725.657806405343,78,78,0.0,8.82841,-73.95447485051584,0.1,10,0.1,-20044.521,1725.657806405343,559.7388908065243,524000,7108901.0,559.7388908065238,5732.20073636958,10,559.7388908065238,0.0,14769.927,2.173346,-73.95447485051584,5732.20073636958,559.7388908065243
32.813256934453165,79,79,0.0,8.929148,-40.91854336871099,0.0,10,0.0,-24628.275,32.813256934453165,-17.79065938562593,530000,8220697.0,-17.790659385625933,78.89717385107433,10,-17.790659385625933,0.0,44681.07,-3.2721884,-40.91854336871099,78.89717385107433,-17.79065938562593
23880.654102932724,80,80,0.0,9.232748,-40.732762932062435,0.1,10,0.1,-26455.77,23880.654102932724,10524.153627110147,536000,7822428.0,10524.153627110147,77705.42340665987,10,10524.153627110147,0.0,13715.262,-0.70588183,-40.732762932062435,77705.42340665987,10524.153627110147
20.246148351900757,81,81,0.0,9.408715,-77.28605147460986,0.1,10,0.1,-32980.684,20.246148351900757,-40.985506578655105,542000,10855289.0,-40.9855065786551,-19.874100275213653,10,-40.9855065786551,0.0,9410.726,-5.4263415,-77.28605147460986,-19.874100275213653,-40.985506578655105
12.908987692637568,82,82,0.0,10.022822,-67.94556402203108,0.0,10,0.0,-32330.92,12.908987692637568,-35.593910962404195,548000,10000680.0,-35.593910962404195,-16.55380775335479,10,-35.593910962404195,0.0,7949.1226,2.6718922,-67.94556402203108,-16.55380775335479,-35.593910962404195
14.373234589316969,83,83,0.0,9.2831545,-70.71908080570769,0.1,10,0.1,-24866.936,14.373234589316969,-41.39782847950575,554000,8697186.0,-41.397828479505755,-20.170566726935565,10,-41.397828479505755,0.0,10928.528,4.210018,-70.71908080570769,-20.170566726935565,-41.39782847950575
20.510803346304368,84,84,0.0,8.916135,-77.26562963545322,0.1,10,0.1,-25649.355,20.510803346304368,-45.381889145617976,560000,9198870.0,-45.38188914561798,-16.700379762841276,10,-45.38188914561798,0.0,12722.481,1.3389947,-77.26562963545322,-16.700379762841276,-45.381889145617976
13.810899221588354,85,85,0.0,9.189428,-72.34914046316243,0.2,10,0.2,-31369.283,13.810899221588354,-37.49238820376491,566000,12347503.0,-37.492388203764904,-22.52548769961441,10,-37.492388203764904,0.0,10823.928,-5.014422,-72.34914046316243,-22.52548769961441,-37.49238820376491
2953.1160081594967,86,86,0.0,10.08361,-82.53443022516392,0.0,10,0.0,-30667.377,2953.1160081594967,1437.0495785949565,572000,12326740.0,1437.0495785949568,7749.555173823955,10,1437.0495785949568,0.0,19128.973,-5.851484,-82.53443022516392,7749.555173823955,1437.0495785949565
395.0101386847385,87,87,0.0,10.169146,-41.76771502044201,0.0,10,0.0,-25578.064,395.0101386847385,100.87015403936924,578000,11109446.0,100.87015403936927,1285.710769012792,10,100.87015403936927,0.0,15210.728,1.4096928,-41.76771502044201,1285.710769012792,100.87015403936924
47059.37575746189,88,88,0.0,9.76213,-75.58945698183767,0.3,10,0.3,-22471.676,47059.37575746189,17405.343126107775,584000,9086560.0,17405.343126107786,157804.87954295496,10,17405.343126107786,0.0,21352.924,4.200402,-75.58945698183767,157804.87954295496,17405.343126107775
4426.821589178177,89,89,0.0,9.509735,-79.30452430401463,0.3,10,0.3,-25916.914,4426.821589178177,1643.43557553401,590000,11272076.0,1643.4355755340098,14808.781824918478,10,1643.4355755340098,0.0,13063.218,2.2362008,-79.30452430401463,14808.781824918478,1643.43557553401
36148.60170457079,90,90,0.0,9.569557,-79.39216664756894,0.4,10,0.4,-31768.324,36148.60170457079,12011.17969158638,596000,14315495.0,12011.179691586385,120456.97590501026,10,12011.179691586385,0.0,10084.89,-3.9370668,-79.39216664756894,120456.97590501026,12011.17969158638
11458.866964387762,91,91,0.0,10.312934,-40.794666921015214,0.3,10,0.3,-36185.297,11458.866964387762,3786.4133506280873,602000,14562685.0,3786.41335062809,38163.01116953446,10,3786.41335062809,0.0,7810.7993,-6.9522343,-40.794666921015214,38163.01116953446,3786.4133506280873
17.84140606414488,92,92,0.0,11.355409,-78.4511309892662,0.0,10,0.0,-40607.88,17.84140606414488,-45.45924162707196,608000,16868352.0,-45.45924162707196,-21.31719532163495,10,-45.45924162707196,0.0,9081.11,-10.234521,-78.4511309892662,-21.31719532163495,-45.45924162707196
18.647674335543066,93,93,0.0,11.542613,-86.81850273803701,0.1,10,0.1,-29953.203,18.647674335543066,-44.126902926545675,614000,12730526.0,-44.126902926545675,-21.72649261240835,10,-44.126902926545675,0.0,10452.625,7.4102144,-86.81850273803701,-21.72649261240835,-44.126902926545675
8128.072085186827,94,94,0.0,10.57906,-81.9888154906123,0.1,10,0.1,-29129.396,8128.072085186827,3789.146679431705,620000,12488481.0,3789.1466794317084,27073.625482630607,10,3789.1466794317084,0.0,17250.42,8.104703,-81.9888154906123,27073.625482630607,3789.146679431705
5494.5882402298985,95,95,0.0,9.521324,-80.24319186380161,0.0,10,0.0,-19658.26,5494.5882402298985,2072.493405010323,626000,8260051.5,2072.493405010321,18399.444923012423,10,2072.493405010321,0.0,27205.236,13.079286,-80.24319186380161,18399.444923012423,2072.493405010323
2726.475175509662,96,96,0.0,8.288247,-84.36017631634034,0.1,10,0.1,-9573.333,2726.475175509662,839.2960348307745,632000,4604648.0,839.2960348307746,9018.483801669823,10,839.2960348307746,0.0,19192.943,13.41817,-84.36017631634034,9018.483801669823,839.2960348307745
84.79464378571072,97,97,0.0,7.9472103,-84.92178304775801,0.0,10,0.0,-20013.018,84.79464378571072,-8.034965965508922,638000,11215120.0,-8.034965965508919,241.20916735227692,10,-8.034965965508919,0.0,30785.812,-0.72614956,-84.92178304775801,241.20916735227692,-8.034965965508922
415.6822130537536,98,98,0.0,8.173917,-78.11994615540367,0.2,10,0.2,-26444.648,415.6822130537536,127.46129689245709,644000,14812873.0,127.46129689245724,1347.0424952066724,10,127.46129689245724,0.0,8966.546,-6.73084,-78.11994615540367,1347.0424952066724,127.46129689245709
17073.258946952414,99,99,0.0,8.662875,-62.78791483135193,0.2,10,0.2,-27893.188,17073.258946952414,7295.74822126116,650000,15085122.0,7295.74822126116,56255.490234944635,10,7295.74822126116,0.0,8232.558,-1.1531565,-62.78791483135193,56255.490234944635,7295.74822126116
16.254759449050468,100,100,0.0,9.236807,-70.55911098455705,0.1,10,0.1,-35177.465,16.254759449050468,-36.24260763361978,656000,15564069.0,-36.24260763361979,-16.720254198056786,10,-36.24260763361979,0.0,8635.392,-6.488416,-70.55911098455705,-16.720254198056786,-36.24260763361978
17.292236885637063,101,101,0.0,9.509451,-78.71591897651435,0.0,10,0.0,-30442.611,17.292236885637063,-53.31350598638246,662000,14352503.0,-53.31350598638245,-26.462906234743706,10,-53.31350598638245,0.0,5657.1626,0.19203284,-78.71591897651435,-26.462906234743706,-53.31350598638246
15.897373263701574,102,102,0.0,9.126876,-81.3143656953648,0.0,10,0.0,-25283.379,15.897373263701574,-35.01962798441482,668000,10742377.0,-35.01962798441482,-22.730691519098315,10,-35.01962798441482,0.0,16613.752,3.9394197,-81.3143656953648,-22.730691519098315,-35.01962798441482
230.71718409230158,103,103,0.0,9.161619,-67.93839294817438,0.1,10,0.1,-32146.97,230.71718409230158,33.59134701535693,674000,15294341.0,33.59134701535699,725.226760469299,10,33.59134701535699,0.0,19295.316,-3.7216387,-67.93839294817438,725.226760469299,33.59134701535693
5048.069244603659,104,104,0.0,9.899365,-77.76290022611119,0.1,10,0.1,-32016.068,5048.069244603659,1648.396750181426,680000,17213390.0,1648.3967501814247,16792.53284326866,10,1648.3967501814247,0.0,13927.689,-6.4899106,-77.76290022611119,16792.53284326866,1648.396750181426
29.90922268740121,105,105,0.0,11.009242,-46.09885065373643,0.0,10,0.0,-36582.137,29.90922268740121,-21.587786391845647,686000,20119378.0,-21.587786391845665,65.55693405230036,10,-21.587786391845665,0.0,8369.922,-11.928327,-46.09885065373643,65.55693405230036,-21.587786391845647
5695.257083942449,106,106,0.0,12.805462,-56.24564331376307,0.1,10,0.1,-44047.66,5695.257083942449,1865.84438931644,692000,25860994.0,1865.8443893164385,18951.579098810496,10,1865.8443893164385,0.0,6054.1167,-14.980082,-56.24564331376307,18951.579098810496,1865.84438931644
13.444050717055898,107,107,0.0,14.301567,-61.86841627307173,0.1,10,0.1,-41726.76,13.444050717055898,-31.781688118195753,698000,24284868.0,-31.781688118195756,-14.586555317625734,10,-31.781688118195756,0.0,7803.527,-10.213785,-61.86841627307173,-14.586555317625734,-31.781688118195753
346.111179473775,108,108,0.0,14.661778,-49.849132156365684,0.2,10,0.2,-35276.91,346.111179473775,85.0639177841981,704000,19708890.0,85.06391778419822,1123.0606533630917,10,85.06391778419822,0.0,14122.704,2.9849892,-49.849132156365684,1123.0606533630917,85.0639177841981
11116.984533863015,109,109,0.0,13.856646,-77.63469836565204,0.2,10,0.2,-31001.283,11116.984533863015,5763.139397358913,710000,18164596.0,5763.139397358913,30017.160787601028,10,5763.139397358913,0.0,10268.074,5.8689203,-77.63469836565204,30017.160787601028,5763.139397358913
5882.008472766623,110,110,0.0,14.742795,-94.89678748324536,0.1,10,0.1,-44223.61,5882.008472766623,1999.8528606297173,716000,26086520.0,1999.8528606297186,19630.422592057676,10,1999.8528606297186,0.0,11009.618,-21.55932,-94.89678748324536,19630.422592057676,1999.8528606297173
1786.6264427105916,111,111,0.0,17.655493,-78.05320936496491,0.1,10,0.1,-56850.402,1786.6264427105916,575.7887925519296,722000,30036718.0,575.7887925519293,5930.173728920954,10,575.7887925519293,0.0,6478.5723,-33.82346,-78.05320936496491,5930.173728920954,575.7887925519296
16.026737396360595,112,112,0.0,20.464758,-83.03855838619182,0.2,10,0.2,-61941.36,16.026737396360595,-40.60313662874855,728000,31872728.0,-40.603136628748565,-27.585666789639326,10,-40.603136628748565,0.0,5842.247,-31.91928,-83.03855838619182,-27.585666789639326,-40.60313662874855
3031.3126231327906,113,113,0.0,23.457134,-61.89348301860248,0.2,10,0.2,-66902.484,3031.3126231327906,966.0683570016699,734000,34353940.0,966.0683570016702,10059.973667248287,10,966.0683570016702,0.0,5714.146,-27.140797,-61.89348301860248,10059.973667248287,966.0683570016699
12.073615581091113,114,114,0.0,26.21112,-68.3111225160217,0.0,10,0.0,-72923.8,12.073615581091113,-41.79223714896898,740000,40048436.0,-41.79223714896898,-22.75850416893461,10,-41.79223714896898,0.0,6641.778,-21.115023,-68.3111225160217,-22.75850416893461,-41.79223714896898
16.79071805340503,115,115,0.0,29.314629,-77.53891245154863,0.1,10,0.1,-76445.62,16.79071805340503,-32.69277042857486,746000,39790780.0,-32.692770428574875,-18.469409210136753,10,-32.692770428574875,0.0,5098.2954,-21.571491,-77.53891245154863,-18.469409210136753,-32.69277042857486
2445.966870735398,116,116,0.0,32.637184,-72.56109975894226,0.1,10,0.1,-76484.336,2445.966870735398,922.9250106743609,752000,40975820.0,922.9250106743608,8145.23301967484,10,922.9250106743608,0.0,4197.5303,-12.797646,-72.56109975894226,8145.23301967484,922.9250106743609
5158.39306625042,117,117,0.0,35.087902,-45.17495097967246,0.4,10,0.4,-76421.33,5158.39306625042,1689.141282238225,758000,37201444.0,1689.1412822382233,17164.29628563033,10,1689.1412822382233,0.0,4311.588,-10.712385,-45.17495097967246,17164.29628563033,1689.141282238225
169.55375865434476,118,118,0.0,35.66614,-44.10939541544646,0.1,10,0.1,-70540.37,169.55375865434476,24.879091794194927,764000,32335704.0,24.879091794194927,532.7175293160681,10,24.879091794194927,0.0,6452.688,1.0707036,-44.10939541544646,532.7175293160681,24.879091794194927
11.994660156289184,119,119,0.0,35.165997,-72.41302469794512,0.0,10,0.0,-68645.29,11.994660156289184,-41.19200522535733,770000,32313108.0,-41.19200522535733,-30.844824314894872,10,-41.19200522535733,0.0,17744.76,6.5128765,-72.41302469794512,-30.844824314894872,-41.19200522535733
13.908738527606818,120,120,0.0,32.462048,-64.41638693697854,0.0,10,0.0,-60298.99,13.908738527606818,-37.972484101486074,776000,29637756.0,-37.97248410148608,-15.786588902478481,10,-37.97248410148608,0.0,9633.229,18.582613,-64.41638693697854,-15.786588902478481,-37.972484101486074
23243.07013801384,121,121,0.0,29.177813,-59.38117358365356,0.2,10,0.2,-54750.668,23243.07013801384,7706.901413935078,782000,27166142.0,7706.901413935074,77436.10734601204,10,7706.901413935074,0.0,5545.3525,10.627925,-59.38117358365356,77436.10734601204,7706.901413935078
11.682418478410433,122,122,0.0,28.538443,-59.475912044004005,0.1,10,0.1,-56723.445,11.682418478410433,-35.133860662590514,788000,29767102.0,-35.133860662590514,-17.807782692382602,10,-35.133860662590514,0.0,5715.0405,-0.7363632,-59.475912044004005,-17.807782692382602,-35.133860662590514
2948.118734859665,123,123,0.0,28.396496,-55.415258656701916,0.1,10,0.1,-54022.742,2948.118734859665,947.1085131241967,794000,30612016.0,947.1085131241974,9791.434932267839,10,947.1085131241974,0.0,27472.645,0.9680542,-55.415258656701916,9791.434932267839,947.1085131241967
5815.340812242089,124,124,0.0,28.8692,-51.85157921020582,0.1,10,0.1,-57946.04,5815.340812242089,1903.9524523700268,800000,32160088.0,1903.9524523700275,19349.955468819262,10,1903.9524523700275,0.0,4397.8223,-3.2248871,-51.85157921020582,19349.955468819262,1903.9524523700268
7037.569710251621,125,125,0.0,29.747818,-83.1343614686106,0.1,10,0.1,-59606.402,7037.569710251621,2303.704246789978,806000,33167144.0,2303.70424678998,23416.329227053808,10,2303.70424678998,0.0,2780.8345,-2.4982193,-83.1343614686106,23416.329227053808,2303.704246789978
17.16631222932032,126,126,0.0,30.42976,-81.81887151017969,0.0,10,0.0,-57561.95,17.16631222932032,-47.784371137913304,812000,31250904.0,-47.784371137913304,-21.034532625403266,10,-47.784371137913304,0.0,27924.03,-2.5753815,-81.81887151017969,-21.034532625403266,-47.784371137913304
21343.249698888754,127,127,0.0,30.579395,-76.59452833448931,0.2,10,0.2,-63809.797,21343.249698888754,7072.661469792353,818000,32364242.0,7072.661469792356,71102.3893251792,10,7072.661469792356,0.0,18713.178,-2.6292222,-76.59452833448931,71102.3893251792,7072.661469792353
7072.3429164346935,128,128,0.0,31.813898,-79.36708073679618,0.1,10,0.1,-71627.234,7072.3429164346935,2317.920879528719,824000,37672896.0,2317.9208795287204,23534.875666249514,10,2317.9208795287204,0.0,7363.92,-3.9420195,-79.36708073679618,23534.875666249514,2317.920879528719
745.2574430573521,129,129,0.0,32.642582,-75.63694744044949,0.0,10,0.0,-71915.31,745.2574430573521,206.87297157497542,830000,38024216.0,206.87297157497534,2442.108350153776,10,206.87297157497534,0.0,2976.369,-2.7542944,-75.63694744044949,2442.108350153776,206.87297157497542
11.343578214138208,130,130,0.0,31.930359,-44.56425298617446,0.0,10,0.0,-65372.047,11.343578214138208,-30.661273429998165,836000,34700920.0,-30.661273429998165,-15.45184470365628,10,-30.661273429998165,0.0,6527.074,9.154673,-44.56425298617446,-15.45184470365628,-30.661273429998165
12.645325588242843,131,131,0.0,31.168259,-62.89306387047057,0.2,10,0.2,-68408.26,12.645325588242843,-34.149951856813416,842000,37030060.0,-34.149951856813416,-17.723706555157985,10,-34.149951856813416,0.0,1895.53,-5.9766927,-62.89306387047057,-17.723706555157985,-34.149951856813416
18.111635035440592,132,132,0.0,33.379276,-70.77317243911187,0.0,10,0.0,-72393.25,18.111635035440592,-41.43878594101428,848000,40757364.0,-41.438785941014274,-17.854991523274556,10,-41.438785941014274,0.0,1700.4708,-10.767812,-70.77317243911187,-17.854991523274556,-41.43878594101428
8818.296288223075,133,133,0.0,33.590775,-83.99741501454436,0.1,10,0.1,-65227.035,8818.296288223075,2899.948700740693,854000,37306532.0,2899.9487007406938,29354.772247476685,10,2899.9487007406938,0.0,2273.1006,9.470155,-83.99741501454436,29354.772247476685,2899.948700740693
1756.6744853901912,134,134,0.0,31.443584,-48.74608905087453,0.1,10,0.1,-65041.863,1756.6744853901912,547.236998316535,860000,37026932.0,547.2369983165352,5817.2233200442415,10,547.2369983165352,0.0,1496.763,8.719443,-48.74608905087453,5817.2233200442415,547.236998316535
56592.21872615632,135,135,0.0,30.74453,-79.54245542808728,0.1,10,0.1,-60288.67,56592.21872615632,18823.565631052836,866000,35023748.0,18823.565631052814,188600.21407420427,10,18823.565631052814,0.0,1678.1414,4.793482,-79.54245542808728,188600.21407420427,18823.565631052836
10.986925811169213,136,136,0.0,30.089138,-53.32843641301047,0.1,10,0.1,-63756.246,10.986925811169213,-30.13327510304908,872000,37216584.0,-30.133275103049083,-16.44240791056309,10,-30.133275103049083,0.0,2480.1736,3.4751055,-53.32843641301047,-16.44240791056309,-30.13327510304908
33.41991621559275,137,137,0.0,27.832657,-100.09316203785161,0.0,10,0.0,-54131.863,33.41991621559275,-60.477120887546164,878000,31787758.0,-60.477120887546164,-17.174528662057984,10,-60.477120887546164,0.0,2479.7178,19.002647,-100.09316203785161,-17.174528662057984,-60.477120887546164
24.76024569574808,138,138,0.0,24.962925,-89.30440043367948,0.0,10,0.0,-52106.727,24.76024569574808,-59.51810547096426,884000,29240234.0,-59.518105470964244,-19.52262838579957,10,-59.518105470964244,0.0,2572.7783,17.7143,-89.30440043367948,-19.52262838579957,-59.51810547096426
30.920195535977985,139,139,0.0,22.69848,-92.37863757816483,0.0,10,0.0,-52255.96,30.920195535977985,-49.33172044241911,890000,29166978.0,-49.3317204424191,-14.938833634281163,10,-49.3317204424191,0.0,3230.836,14.28433,-92.37863757816483,-14.938833634281163,-49.33172044241911
35.76570718473177,140,140,0.0,20.998114,-133.68301707874332,0.0,10,0.0,-53156.156,35.76570718473177,-62.61124047608987,896000,30334034.0,-62.61124047608987,-18.479605929141655,10,-62.61124047608987,0.0,3883.1304,11.835216,-133.68301707874332,-18.479605929141655,-62.61124047608987
28.138814155173687,141,141,0.0,20.691051,-94.95067218257313,0.0,10,0.0,-59653.777,28.138814155173687,-48.74153326996795,902000,34533680.0,-48.74153326996794,-16.475439925321407,10,-48.74153326996794,0.0,3507.9346,-0.1500971,-94.95067218257313,-16.475439925321407,-48.74153326996795
15959.427546634239,142,142,0.0,21.020363,-80.81762200801715,0.0,10,0.0,-61369.703,15959.427546634239,7926.73916558948,908000,33942468.0,7926.739165589483,41078.125875645914,10,7926.739165589483,0.0,3603.9424,-6.119711,-80.81762200801715,41078.125875645914,7926.73916558948
4475.42387610546,143,143,0.0,22.172186,-72.3985293298107,0.1,10,0.1,-63484.69,4475.42387610546,1604.4638341128962,914000,37409390.0,1604.4638341128962,14996.737901098759,10,1604.4638341128962,0.0,3210.784,-11.906021,-72.3985293298107,14996.737901098759,1604.4638341128962
6902.6095329295395,144,144,0.0,24.441675,-78.05581058974315,0.1,10,0.1,-66027.64,6902.6095329295395,2255.895157818285,920000,42580468.0,2255.895157818285,22963.666615803984,10,2255.895157818285,0.0,2158.4248,-18.125425,-78.05581058974315,22963.666615803984,2255.895157818285
16.789799591925725,145,145,0.0,26.16484,-65.81765405882811,0.2,10,0.2,-63455.61,16.789799591925725,-31.667341496614956,926000,40365300.0,-31.66734149661495,-18.08816936228237,10,-31.66734149661495,0.0,1777.2705,-6.280138,-65.81765405882811,-18.08816936228237,-31.667341496614956
14.543552831612589,146,146,0.0,27.631527,-64.36479070708158,0.2,10,0.2,-63066.574,14.543552831612589,-40.35555143753596,932000,42571816.0,-40.35555143753595,-21.478401153115414,10,-40.35555143753595,0.0,2127.0928,-6.799086,-64.36479070708158,-21.478401153115414,-40.35555143753596
25.138477241719357,147,147,0.0,28.893276,-96.9790097929327,0.1,10,0.1,-65414.59,25.138477241719357,-54.51800884443996,938000,43892310.0,-54.518008844439954,-29.94014830990968,10,-54.518008844439954,0.0,2624.498,-7.4645762,-96.9790097929327,-29.94014830990968,-54.51800884443996
43.8554711610462,148,148,0.0,28.710123,-134.72078718750237,0.1,10,0.1,-63069.523,43.8554711610462,-60.49569933200665,944000,39564068.0,-60.49569933200662,-19.022126417757086,10,-60.49569933200662,0.0,1567.9043,13.674805,-134.72078718750237,-19.022126417757086,-60.49569933200665
1265.1221718319307,149,149,0.0,26.028341,-117.93842335544583,0.0,10,0.0,-55556.77,1265.1221718319307,362.1692806958923,950000,30517010.0,362.1692806958922,4156.474158866972,10,362.1692806958922,0.0,1693.6698,21.78901,-117.93842335544583,4156.474158866972,362.1692806958923
32.81331438163789,150,150,0.0,23.938698,-107.51064122994225,0.0,10,0.0,-54774.277,32.81331438163789,-52.96535956690582,956000,30810560.0,-52.96535956690583,-17.074614463286554,10,-52.96535956690583,0.0,1431.4371,9.909805,-107.51064122994225,-17.074614463286554,-52.96535956690582
39.172310367769555,151,151,0.0,22.229757,-121.62583201045648,0.0,10,0.0,-48560.707,39.172310367769555,-59.36904211127105,962000,24686024.0,-59.36904211127105,-15.804052968177764,10,-59.36904211127105,0.0,1969.4562,12.783967,-121.62583201045648,-15.804052968177764,-59.36904211127105
50167.05156781532,152,152,0.0,21.129347,-107.64468068506157,0.1,10,0.1,-52933.92,50167.05156781532,16708.87237854905,968000,29748826.0,16708.87237854904,167209.8447941773,10,16708.87237854904,0.0,1286.2485,2.2691948,-107.64468068506157,167209.8447941773,16708.87237854905
728.2676601791921,153,153,0.0,21.026453,-85.18384063199977,0.0,10,0.0,-56124.836,728.2676601791921,205.25961327485166,974000,28714590.0,205.25961327485146,2388.818122295003,10,205.25961327485146,0.0,917.9927,-1.3359743,-85.18384063199977,2388.818122295003,205.25961327485166
5622.542010973986,154,154,0.0,20.6229,-119.5283543500075,0.2,10,0.2,-51671.016,5622.542010973986,2807.3559967965966,980000,27256462.0,2807.3559967965966,14123.593091818502,10,2807.3559967965966,0.0,805.73425,2.7461202,-119.5283543500075,14123.593091818502,2807.3559967965966
1064.9308219601512,155,155,0.0,20.504148,-84.44189204114316,0.0,10,0.0,-51572.668,1064.9308219601512,314.0819305030567,986000,28243738.0,314.0819305030566,3507.9955596020673,10,314.0819305030566,0.0,4937.522,2.4089715,-84.44189204114316,3507.9955596020673,314.0819305030567
59775.89541272787,156,156,0.0,19.250923,-82.99978936236829,0.2,10,0.2,-45831.33,59775.89541272787,28469.94489282452,992000,22525374.0,28469.944892824533,182517.19846106568,10,28469.944892824533,0.0,6586.931,10.673753,-82.99978936236829,182517.19846106568,28469.94489282452
7786.846335444724,157,157,0.0,17.7652,-113.3216287441346,0.0,10,0.0,-42237.88,7786.846335444724,2891.289110132965,998000,22301492.0,2891.2891101329683,26060.44210108421,10,2891.2891101329683,0.0,4101.2754,5.8611436,-113.3216287441346,26060.44210108421,2891.289110132965
45691.814298659614,158,158,0.0,17.919828,-127.24160545839565,0.2,10,0.2,-44226.28,45691.814298659614,17297.487327143408,1004000,23896974.0,17297.487327143404,153180.1456876727,10,17297.487327143404,0.0,3593.0308,-3.7429886,-127.24160545839565,153180.1456876727,17297.487327143408
298.99737570748766,159,159,0.0,17.475378,-80.4612777566044,0.0,10,0.0,-39978.832,298.99737570748766,74.7662657443513,1010000,19862720.0,74.76626574435127,955.9259334475743,10,74.76626574435127,0.0,3395.7075,6.836822,-80.4612777566044,955.9259334475743,74.7662657443513
13475.377111914075,160,160,0.0,16.908188,-84.54114398405721,0.1,10,0.1,-44933.426,13475.377111914075,4450.856838320518,1016000,24810460.0,4450.856838320519,44876.93168500529,10,4450.856838320519,0.0,3164.8816,1.2304993,-84.54114398405721,44876.93168500529,4450.856838320518
2159.0980062377453,161,161,0.0,17.06689,-88.89452108140966,0.0,10,0.0,-45227.176,2159.0980062377453,654.8722220572766,1022000,25148576.0,654.8722220572755,7131.770755451302,10,654.8722220572755,0.0,4121.1157,-1.6804214,-88.89452108140966,7131.770755451302,654.8722220572766
40800.46106204845,162,162,0.0,16.854715,-100.97343414400355,0.2,10,0.2,-42778.895,40800.46106204845,19181.755523654698,1028000,22340108.0,19181.75552365469,133814.02989170558,10,19181.75552365469,0.0,6924.178,2.8787591,-100.97343414400355,133814.02989170558,19181.755523654698
7137.00105809212,163,163,0.0,15.745009,-57.79371510949316,0.0,10,0.0,-33881.258,7137.00105809212,4386.455715967396,1034000,18801940.0,4386.455715967395,19178.772952874424,10,4386.455715967395,0.0,14721.375,15.634604,-57.79371510949316,19178.772952874424,4386.455715967396
20295.830388280985,164,164,0.0,13.958727,-39.9170634719657,0.1,10,0.1,-28357.252,20295.830388280985,9205.587135697646,1040000,17586870.0,9205.587135697646,64967.07197282672,10,9205.587135697646,0.0,39087.758,12.819023,-39.9170634719657,64967.07197282672,9205.587135697646
13371.325217582866,165,165,0.0,13.612023,-78.32556245963968,0.1,10,0.1,-36716.33,13371.325217582866,5281.459356407695,1046000,21673932.0,5281.459356407699,44651.664388466044,10,5281.459356407699,0.0,4672.486,-1.3540347,-78.32556245963968,44651.664388466044,5281.459356407695
35624.19149370226,166,166,0.0,14.328006,-76.6825768460077,0.0,10,0.0,-41630.848,35624.19149370226,17916.745300005125,1052000,22677836.0,17916.745300005125,90232.84052696005,10,17916.745300005125,0.0,5570.099,-5.442176,-76.6825768460077,90232.84052696005,17916.745300005125
22.341590697517084,167,167,0.0,14.063974,-79.99980773708901,0.2,10,0.2,-35321.516,22.341590697517084,-44.52761710995312,1058000,15627740.0,-44.52761710995311,-19.184157117854273,10,-44.52761710995311,0.0,2029.9258,3.4400132,-79.99980773708901,-19.184157117854273,-44.52761710995312
3216.3723022658924,168,168,0.0,14.436088,-42.453399209936904,0.0,10,0.0,-37648.055,3216.3723022658924,1163.0944157099943,1064000,18830162.0,1163.094415709995,10759.09478544504,10,1163.094415709995,0.0,21010.5,-4.966998,-42.453399209936904,10759.09478544504,1163.0944157099943
15342.827387963804,169,169,0.0,14.304352,-82.05914659237105,0.1,10,0.1,-34229.2,15342.827387963804,5338.854713813938,1070000,17925836.0,5338.854713813937,51315.634411347826,10,5338.854713813937,0.0,19866.512,5.173817,-82.05914659237105,51315.634411347826,5338.854713813938
25673.039141373,170,170,0.0,13.831234,-31.31135866184428,0.1,10,0.1,-33740.2,25673.039141373,10197.194679821578,1076000,19883058.0,10197.194679821574,86982.01450170515,10,10197.194679821574,0.0,3145.9023,3.0933208,-31.31135866184428,86982.01450170515,10197.194679821578
20512.561050344848,171,171,0.0,13.292638,-76.3541968085865,0.3,10,0.3,-37365.434,20512.561050344848,10208.37445030016,1082000,21358744.0,10208.374450300162,54662.629634333454,10,10208.374450300162,0.0,2028.2234,-1.192647,-76.3541968085865,54662.629634333454,10208.37445030016
75619.776483949,172,172,0.0,14.304125,-52.566766114599105,0.2,10,0.2,-38009.445,75619.776483949,25165.598028523258,1088000,22560590.0,25165.598028523254,252024.9257485385,10,25165.598028523254,0.0,1699.3507,-5.5192204,-52.566766114599105,252024.9257485385,25165.598028523258
740.3845838682937,173,173,0.0,14.721853,-43.77329136966108,0.1,10,0.1,-38105.707,740.3845838682937,327.1035679200916,1094000,21310246.0,327.1035679200918,2153.0454459054586,10,327.1035679200918,0.0,11016.152,-2.6723428,-43.77329136966108,2153.0454459054586,327.1035679200916
1898.1519191132797,174,174,0.0,15.389356,-48.95653043828619,0.0,10,0.0,-43015.74,1898.1519191132797,725.8637594981093,1100000,25799144.0,725.8637594981096,6370.956174525312,10,725.8637594981096,0.0,9672.766,-5.2356377,-48.95653043828619,6370.956174525312,725.8637594981093
951.1827309254065,175,175,0.0,15.672697,-42.86191583771464,0.1,10,0.1,-41579.668,951.1827309254065,283.33247683624,1106000,23233466.0,283.3324768362403,3136.786374627084,10,283.3324768362403,0.0,7915.369,5.0478096,-42.86191583771464,3136.786374627084,283.33247683624
489.63542964178293,176,176,0.0,14.19791,-74.49580181297961,0.0,10,0.0,-38770.93,489.63542964178293,126.34311347159428,1112000,22205576.0,126.34311347159412,1594.5030625022064,10,126.34311347159412,0.0,3405.2405,13.221117,-74.49580181297961,1594.5030625022064,126.34311347159428
27946.943244088056,177,177,0.0,13.790159,-36.06418730881743,0.1,10,0.1,-42637.305,27946.943244088056,12436.836804101238,1118000,25028030.0,12436.836804101233,90535.7003184606,10,12436.836804101233,0.0,3245.6694,-1.6682475,-36.06418730881743,90535.7003184606,12436.836804101238
3323.804648164168,178,178,0.0,14.314977,-65.57132586255531,0.1,10,0.1,-43757.684,3323.804648164168,1145.2554588088392,1124000,24874276.0,1145.255458808838,11099.8653684857,10,1145.255458808838,0.0,7176.213,-7.8401465,-65.57132586255531,11099.8653684857,1145.2554588088392
19.456383499127792,179,179,0.0,15.222326,-73.02426703307219,0.0,10,0.0,-45661.93,19.456383499127792,-40.99338091701534,1130000,25600000.0,-40.99338091701533,-22.214441041444633,10,-40.99338091701533,0.0,5870.891,-5.6906013,-73.02426703307219,-22.214441041444633,-40.99338091701534
5372.698100207098,180,180,0.0,15.8703575,-70.1226376800795,0.0,10,0.0,-50506.777,5372.698100207098,2736.1826938681215,1136000,28059290.0,2736.1826938681206,15816.40454733606,10,2736.1826938681206,0.0,2741.532,-9.766474,-70.1226376800795,15816.40454733606,2736.1826938681215
11110.348738253946,181,181,0.0,17.030064,-55.696999224982264,0.0,10,0.0,-52187.04,11110.348738253946,4127.493418886012,1142000,28251352.0,4127.4934188860125,37235.727202572714,10,4127.4934188860125,0.0,16818.914,-6.1262946,-55.696999224982264,37235.727202572714,4127.493418886012
1101.979668200246,182,182,0.0,18.268623,-44.955738540943614,0.1,10,0.1,-56862.824,1101.979668200246,459.1986842251228,1148000,30616708.0,459.1986842251228,3532.895697568833,10,459.1986842251228,0.0,11975.148,-12.236805,-44.955738540943614,3532.895697568833,459.1986842251228
30500.3448068617,183,183,0.0,20.245617,-48.706658996465414,0.2,10,0.2,-56227.9,30500.3448068617,19407.295852216368,1154000,30464326.0,19407.295852216368,81029.89429731946,10,19407.295852216368,0.0,6946.469,-11.915238,-48.706658996465414,81029.89429731946,19407.295852216368
1045.3464515016142,184,184,0.0,21.233894,-63.38836411970606,0.0,10,0.0,-59784.543,1045.3464515016142,313.44908259473834,1160000,30363620.0,313.44908259473857,3449.2174163939408,10,313.44908259473857,0.0,1635.0933,-12.704557,-63.38836411970606,3449.2174163939408,313.44908259473834
105.0969945940504,185,185,0.0,23.823551,-111.83768960471394,0.0,10,0.0,-60439.03,105.0969945940504,-3.7904147362236777,1166000,30230170.0,-3.7904147362236538,301.9273780509848,10,-3.7904147362236538,0.0,2643.0542,-13.374545,-111.83768960471394,301.9273780509848,-3.7904147362236777
44071.501002767065,186,186,0.0,25.336246,-61.26168305735207,0.0,10,0.0,-58173.168,44071.501002767065,24955.739628918487,1172000,27620892.0,24955.739628918498,133695.599111651,10,24955.739628918498,0.0,737.7836,-3.4302328,-61.26168305735207,133695.599111651,24955.739628918487
1059.4355628530245,187,187,0.0,24.984663,-34.50471598547081,0.0,10,0.0,-60529.297,1059.4355628530245,327.80901456444076,1178000,30938568.0,327.80901456444053,3506.0761698870865,10,327.80901456444053,0.0,24998.598,2.749283,-34.50471598547081,3506.0761698870865,327.80901456444076
24353.350244011755,188,188,0.0,24.91959,-50.576540203547864,0.0,10,0.0,-58206.742,24353.350244011755,12375.318579788445,1184000,28410834.0,12375.318579788447,72104.75820148297,10,12375.318579788447,0.0,11551.307,3.6829305,-50.576540203547864,72104.75820148297,12375.318579788445
8.205681715358084,189,189,0.0,24.86076,-49.032001573823734,0.0,10,0.0,-60426.824,8.205681715358084,-32.24326298449429,1190000,30555968.0,-32.243262984494294,-22.1995580063426,10,-32.243262984494294,0.0,9152.196,-1.907905,-49.032001573823734,-22.1995580063426,-32.24326298449429
19203.035993459875,190,190,0.0,24.011711,-39.775773942696915,0.2,10,0.2,-56249.977,19203.035993459875,6449.061765382629,1196000,27297894.0,6449.061765382631,64054.92703336826,10,6449.061765382631,0.0,9746.014,9.125147,-39.775773942696915,64054.92703336826,6449.061765382629
54266.26464633426,191,191,0.0,23.544027,-102.63886849372895,0.1,10,0.1,-62644.887,54266.26464633426,18290.726213650116,1202000,31042052.0,18290.726213650127,181077.20015868184,10,18290.726213650127,0.0,5452.2246,-3.0196326,-102.63886849372895,181077.20015868184,18290.726213650116
35718.24525972565,192,192,0.0,23.40161,-51.97984304851478,0.1,10,0.1,-59466.93,35718.24525972565,12743.059742142059,1208000,26810158.0,12743.059742142059,119716.92056258993,10,12743.059742142059,0.0,6523.157,-1.3921082,-51.97984304851478,119716.92056258993,12743.059742142059
10608.812702691319,193,193,0.0,24.59341,-76.59553117924294,0.1,10,0.1,-58728.855,10608.812702691319,3491.6476668567097,1214000,26610200.0,3491.6476668567147,35318.04558335772,10,3491.6476668567147,0.0,4400.825,-0.45771772,-76.59553117924294,35318.04558335772,3491.6476668567097
25253.131143299768,194,194,0.0,24.287325,-32.262585095946314,0.1,10,0.1,-60939.945,25253.131143299768,12345.276598353628,1220000,30913020.0,12345.276598353632,73166.8584408316,10,12345.276598353632,0.0,17218.195,-0.2989912,-32.262585095946314,73166.8584408316,12345.276598353628
24200.35409692226,195,195,0.0,25.320705,-105.87881967125126,0.0,10,0.0,-66235.195,24200.35409692226,10058.122660879668,1226000,30998192.0,10058.122660879677,81304.45934500283,10,10058.122660879677,0.0,1004.64233,-9.552811,-105.87881967125126,81304.45934500283,10058.122660879668
1588.1731551411988,196,196,0.0,26.295519,-101.14586237220198,0.0,10,0.0,-62096.945,1588.1731551411988,639.3556312993143,1232000,29680364.0,639.3556312993143,5269.483910466116,10,639.3556312993143,0.0,1062.6465,-2.5404344,-101.14586237220198,5269.483910466116,639.3556312993143
2739.333013123151,197,197,0.0,26.33439,-112.22232905890803,0.2,10,0.2,-63735.848,2739.333013123151,1177.404634627855,1238000,29206786.0,1177.4046346278544,8828.679541186248,10,1177.4046346278544,0.0,1126.7992,4.163755,-112.22232905890803,8828.679541186248,1177.404634627855
201.41352867914057,198,198,0.0,26.01756,-41.70936657709221,0.0,10,0.0,-68423.32,201.41352867914057,35.608172965052134,1244000,33729096.0,35.608172965052134,639.5713722904368,10,35.608172965052134,0.0,1127.4191,-5.191463,-41.70936657709221,639.5713722904368,35.608172965052134
27096.839261035148,199,199,0.0,25.93312,-82.17427644640539,0.0,10,0.0,-64728.098,27096.839261035148,10945.863245009197,1250000,32912440.0,10945.863245009186,90335.09124283155,10,10945.863245009186,0.0,3087.134,7.591249,-82.17427644640539,90335.09124283155,10945.863245009197
