LinearFeatureBaseline/ExplainedVariance,push-back-v1/MinReturn,Average/Iteration,MetaTest/Average/MinReturn,MetaTest/Average/TerminationRate,MetaTest/push-back-v1/SuccessRate,policy/KLBefore,TotalEnvSteps,Average/TerminationRate,push-back-v1/Iteration,MetaTest/push-back-v1/NumEpisodes,Average/MaxReturn,Average/MinReturn,MetaTest/Average/Iteration,MetaTest/push-back-v1/MinReturn,MetaTest/Average/SuccessRate,MetaTest/Average/StdReturn,MetaTest/push-back-v1/MaxReturn,MetaTest/Average/AverageReturn,MetaTest/push-back-v1/AverageDiscountedReturn,Average/StdReturn,MetaTest/Average/MaxReturn,policy/LossAfter,MetaTest/push-back-v1/TerminationRate,push-back-v1/NumEpisodes,Average/AverageDiscountedReturn,Average/NumEpisodes,MetaTest/push-back-v1/Iteration,push-back-v1/SuccessRate,MetaTest/push-back-v1/AverageReturn,push-back-v1/MaxReturn,push-back-v1/StdReturn,push-back-v1/TerminationRate,Average/SuccessRate,policy/LossBefore,policy/Entropy,policy/KL,MetaTest/push-back-v1/StdReturn,Average/AverageReturn,MetaTest/Average/NumEpisodes,policy/dLoss,push-back-v1/AverageReturn,push-back-v1/AverageDiscountedReturn,MetaTest/Average/AverageDiscountedReturn
0.4208441603704389,-138.3379280777623,0,-130.80715873661796,0.0,0.0,0.0,20000,0.0,0,10,-57.257097404938655,-138.3379280777623,0,-130.80715873661796,0.0,18.43246726926016,-72.25921849813497,-97.93919399837387,-97.9391939983739,16.83299181415734,-72.25921849813497,-0.062324446,0.0,100,-35.5240364965418,100,0,0.0,-97.93919399837387,-57.257097404938655,16.83299181415734,0.0,0.0,-0.03506819,5.672292,0.0048901075,18.43246726926016,-93.21663958428358,10,0.027256254,-93.21663958428358,-35.5240364965418,-97.9391939983739
0.41448925991188346,-126.01226146760762,1,,,,0.0,40000,0.0,1,,-50.29851807894355,-126.01226146760762,,,,,,,,15.858863352847916,,-0.053043354,,100,-32.25768502145691,100,,0.0,,-50.29851807894355,15.858863352847916,0.0,0.0,-0.02995288,5.6641436,0.012305845,,-82.27805515038186,,0.023090474,-82.27805515038186,-32.25768502145691,
0.556478335824311,-121.48934934376479,2,,,,0.0,60000,0.0,2,,-40.14628877494636,-121.48934934376479,,,,,,,,15.832442228634564,,-0.042103153,,100,-27.771499393481953,100,,0.0,,-40.14628877494636,15.832442228634564,0.0,0.0,-0.023663858,5.6451926,0.02090943,,-68.54119092370044,,0.018439295,-68.54119092370044,-27.771499393481953,
0.5253292700101397,-104.21025443596629,3,,,,0.0,80000,0.0,3,,-32.23487803397915,-104.21025443596629,,,,,,,,15.433770923590505,,-0.0316028,,100,-25.28981004751587,100,,0.0,,-32.23487803397915,15.433770923590505,0.0,0.0,-0.00992314,5.629049,0.022849679,,-59.320531044825046,,0.02167966,-59.320531044825046,-25.28981004751587,
0.525665183894259,-87.85425151022856,4,,,,0.0,100000,0.0,4,,-30.83821513331663,-87.85425151022856,,,,,,,,11.882170096265934,,-0.015881376,,100,-22.368019645988294,100,,0.0,,-30.83821513331663,11.882170096265934,0.0,0.0,-0.0035349487,5.6159644,0.018432815,,-56.142825173960475,,0.012346428,-56.142825173960475,-22.368019645988294,
0.15696865031658525,-86.01972817381836,5,,,,0.0,120000,0.0,5,,5.309447322065493,-86.01972817381836,,,,,,,,13.7506858676323,,-0.024980878,,100,-21.522660091269298,100,,0.0,,5.309447322065493,13.7506858676323,0.0,0.0,-0.016405499,5.602053,0.009130921,,-48.83457052728886,,0.00857538,-48.83457052728886,-21.522660091269298,
0.11062337937223288,-100.53371377686973,6,,,,0.0,140000,0.0,6,,170.79400354134523,-100.53371377686973,,,,,,,,25.984437581621428,,0.025831275,,100,-20.652062460285844,100,,0.0,,170.79400354134523,25.984437581621428,0.0,0.0,0.05029834,5.5922723,0.010279268,,-47.48493561857651,,0.024467066,-47.48493561857651,-20.652062460285844,
0.43805599866824296,-67.22422607718235,7,,,,0.0,160000,0.0,7,,-34.1377339275516,-67.22422607718235,,,,,,,,7.462205117263829,,-0.008189398,,100,-20.769953714420108,100,,0.0,,-34.1377339275516,7.462205117263829,0.0,0.0,-0.002678839,5.5889206,0.01029987,,-47.93899695577057,,0.005510559,-47.93899695577057,-20.769953714420108,
0.5349791330119729,-107.20151844345742,8,,,,0.0,180000,0.0,8,,-32.998914194056596,-107.20151844345742,,,,,,,,13.567907299671361,,-0.025266739,,100,-21.8966374344488,100,,0.0,,-32.998914194056596,13.567907299671361,0.0,0.0,-0.012370073,5.580175,0.01373009,,-52.70962474969805,,0.012896665,-52.70962474969805,-21.8966374344488,
0.0722362570461661,-83.19268361891456,9,,,,0.0,200000,0.0,9,,510.5368605680162,-83.19268361891456,,,,,,,,79.18915029094255,,-0.052903663,,100,-15.479842499756105,100,,0.0,,510.5368605680162,79.18915029094255,0.0,0.0,0.03977273,5.5957713,0.006340593,,-37.07568718603426,,0.09267639,-37.07568718603426,-15.479842499756105,
0.11973132313098334,-85.60472645943527,10,-69.35842416381377,0.0,0.0,0.0,220000,0.0,10,10,359.07938120261315,-85.60472645943527,1,-69.35842416381377,0.0,30.629932958687466,44.45641923876094,-42.196745608028834,-42.19674560802884,72.66579810983356,44.45641923876094,-0.10340776,0.0,100,-15.294190016574468,100,1,0.0,-42.196745608028834,359.07938120261315,72.66579810983356,0.0,0.0,-0.024129054,5.577143,0.0066135367,30.629932958687466,-35.262457169538436,10,0.07927871,-35.262457169538436,-15.294190016574468,-42.19674560802884
0.07148808273958274,-93.12878967784539,11,,,,0.0,240000,0.0,11,,329.3640542708998,-93.12878967784539,,,,,,,,72.47681251562155,,-0.042162646,,100,-15.59053240558146,100,,0.0,,329.3640542708998,72.47681251562155,0.0,0.0,0.056007482,5.5584283,0.007872505,,-40.41142994847799,,0.09817013,-40.41142994847799,-15.59053240558146,
0.08387385319881813,-93.88728968769668,12,,,,0.0,260000,0.0,12,,574.7257431850942,-93.88728968769668,,,,,,,,111.33950009827832,,0.04415337,,100,2.0044075722866723,100,,0.0,,574.7257431850942,111.33950009827832,0.0,0.0,0.19635947,5.5121837,0.010122607,,-7.32813892243326,,0.1522061,-7.32813892243326,2.0044075722866723,
0.18486633192344504,-93.52870785494851,13,,,,0.0,280000,0.0,13,,414.45054392709744,-93.52870785494851,,,,,,,,92.92953594796208,,-0.13093154,,100,0.07417480403200102,100,,0.0,,414.45054392709744,92.92953594796208,0.0,0.0,-0.023814062,5.4680276,0.006219466,,-4.028091291305371,,0.10711748,-4.028091291305371,0.07417480403200102,
0.09020135556688791,-89.34325046833125,14,,,,0.0,300000,0.0,14,,808.2476119002564,-89.34325046833125,,,,,,,,159.45513061460653,,-0.26796222,,100,11.274565387988845,100,,0.0,,808.2476119002564,159.45513061460653,0.0,0.0,-0.06265659,5.424949,0.0076393373,,16.172946911147516,,0.20530564,16.172946911147516,11.274565387988845,
0.12384199985072808,-94.66247796076682,15,,,,0.0,320000,0.0,15,,425.65322634504696,-94.66247796076682,,,,,,,,109.77084029157146,,-0.015036499,,100,2.1623529938082475,100,,0.0,,425.65322634504696,109.77084029157146,0.0,0.0,0.11774966,5.38589,0.0060563935,,-3.070561627548269,,0.13278615,-3.070561627548269,2.1623529938082475,
0.1614660258252537,-90.52726487232266,16,,,,0.0,340000,0.0,16,,906.3580804014346,-90.52726487232266,,,,,,,,181.61566640487737,,-0.2745994,,100,25.82557099033505,100,,0.0,,906.3580804014346,181.61566640487737,0.0,0.0,-0.02865537,5.3756037,0.008043608,,42.34593892191946,,0.24594404,42.34593892191946,25.82557099033505,
0.11921303793968085,-84.20344724553946,17,,,,0.0,360000,0.0,17,,838.0295826480085,-84.20344724553946,,,,,,,,186.77737956919566,,-0.35137177,,100,28.094880035961452,100,,0.0,,838.0295826480085,186.77737956919566,0.0,0.0,-0.07746035,5.330926,0.00978826,,42.88107323949024,,0.27391142,42.88107323949024,28.094880035961452,
0.13945268172404524,-92.33049901428167,18,,,,0.0,380000,0.0,18,,1417.856287174395,-92.33049901428167,,,,,,,,299.06517755536146,,-0.49983925,,100,73.11459054660709,100,,0.0,,1417.856287174395,299.06517755536146,0.0,0.0,-0.058696948,5.2880483,0.008194608,,144.98644635751305,,0.4411423,144.98644635751305,73.11459054660709,
0.156676157708444,-85.85591274379848,19,,,,0.0,400000,0.0,19,,1672.0749973609804,-85.85591274379848,,,,,,,,362.77323632634227,,-0.17004766,,100,108.14366443851746,100,,0.0,,1672.0749973609804,362.77323632634227,0.0,0.0,0.3480008,5.248673,0.00749394,,222.182157162914,,0.51804847,222.182157162914,108.14366443851746,
0.1306287710320091,-87.12879091848313,20,-84.73748494934057,0.0,0.0,0.0,420000,0.0,20,10,1752.4533304050437,-87.12879091848313,2,-84.73748494934057,0.0,435.3452328901596,1408.7712452349078,232.51065791957262,232.51065791957262,378.2328353458202,1408.7712452349078,-0.28571388,0.0,100,91.69903096841814,100,2,0.0,232.51065791957262,1752.4533304050437,378.2328353458202,0.0,0.0,0.2433165,5.2381587,0.007820748,435.3452328901596,200.39352308908477,10,0.5290304,200.39352308908477,91.69903096841814,232.51065791957262
0.1501500450449189,-83.61733403317753,21,,,,0.0,440000,0.0,21,,1204.6147439819947,-83.61733403317753,,,,,,,,263.69716898658174,,-0.31533158,,100,56.8521687160887,100,,0.0,,1204.6147439819947,263.69716898658174,0.0,0.0,-0.060793165,5.220456,0.00837321,,144.33818209842002,,0.25453842,144.33818209842002,56.8521687160887,
0.23552916861510087,-79.56422090902473,22,,,,0.0,460000,0.0,22,,2341.5610066977047,-79.56422090902473,,,,,,,,515.8977814394557,,-0.8427551,,100,160.91424233265766,100,,0.0,,2341.5610066977047,515.8977814394557,0.0,0.0,0.02118418,5.191432,0.0073950514,,362.60641413322986,,0.8639393,362.60641413322986,160.91424233265766,
0.1730197989892267,-80.27351279990657,23,,,,0.0,480000,0.0,23,,3455.728913137967,-80.27351279990657,,,,,,,,569.2024482621313,,-0.46536154,,100,137.1013397387189,100,,0.0,,3455.728913137967,569.2024482621313,0.0,0.0,0.25549433,5.1722183,0.0072597084,,346.28179758266924,,0.72085583,346.28179758266924,137.1013397387189,
0.22482341560921748,-79.55067720395387,24,,,,0.0,500000,0.0,24,,1682.509869425949,-79.55067720395387,,,,,,,,396.83429457526324,,0.48056835,,100,97.25049963491956,100,,0.0,,1682.509869425949,396.83429457526324,0.0,0.0,0.8994717,5.149116,0.0065155295,,298.8763835290907,,0.41890335,298.8763835290907,97.25049963491956,
0.13667537261321383,-84.48154533492516,25,,,,0.0,520000,0.0,25,,2806.699544175596,-84.48154533492516,,,,,,,,637.1718879619654,,-0.8254566,,100,226.29951612433445,100,,0.0,,2806.699544175596,637.1718879619654,0.0,0.0,-0.11977012,5.1067133,0.007354483,,517.7849362299281,,0.7056865,517.7849362299281,226.29951612433445,
0.198944595082726,-77.90568052088874,26,,,,0.0,540000,0.0,26,,6688.746762043429,-77.90568052088874,,,,,,,,904.9037669069927,,-0.81799144,,100,214.3910276569024,100,,0.0,,6688.746762043429,904.9037669069927,0.0,0.0,0.3096539,5.0655365,0.009025818,,601.0602837189386,,1.1276454,601.0602837189386,214.3910276569024,
0.15559112851736223,-78.0121317911551,27,,,,0.0,560000,0.0,27,,5658.68956809085,-78.0121317911551,,,,,,,,1059.253165517042,,-0.632781,,100,459.73761486694934,100,,0.0,,5658.68956809085,1059.253165517042,0.0,0.0,1.0963258,5.022456,0.0074841995,,1167.51258888471,,1.7291068,1167.51258888471,459.73761486694934,
0.17033498753578946,-79.40136910143227,28,,,,0.0,580000,0.0,28,,6952.837944183956,-79.40136910143227,,,,,,,,1063.5001529053416,,-0.45245683,,100,351.27054744575923,100,,0.0,,6952.837944183956,1063.5001529053416,0.0,0.0,0.8231086,5.003253,0.0097486125,,930.7598540165699,,1.2755654,930.7598540165699,351.27054744575923,
0.12744224130981785,-78.66118473283684,29,,,,0.0,600000,0.0,29,,5820.270763922256,-78.66118473283684,,,,,,,,1028.5106406166744,,-0.6691586,,100,333.35193851570244,100,,0.0,,5820.270763922256,1028.5106406166744,0.0,0.0,0.69015,4.9551077,0.0067126136,,1006.6365679356499,,1.3593086,1006.6365679356499,333.35193851570244,
0.1816576910992851,-81.50038401689233,30,-78.14785960459706,0.0,0.0,0.0,620000,0.0,30,10,15172.216754659014,-81.50038401689233,3,-78.14785960459706,0.0,1108.9180708402203,3509.9704852876557,941.95670991225,941.9567099122498,2289.0702074562487,3509.9704852876557,-2.0289278,0.0,100,503.15989520287286,100,3,0.0,941.95670991225,15172.216754659014,2289.0702074562487,0.0,0.0,0.697775,4.903159,0.0078618,1108.9180708402203,1523.943277831445,10,2.7267027,1523.943277831445,503.15989520287286,941.9567099122498
0.11990357374900673,-79.86752560581009,31,,,,0.0,640000,0.0,31,,22507.655505102008,-79.86752560581009,,,,,,,,2534.6914559016773,,-0.37592578,,100,481.49078056472456,100,,0.0,,22507.655505102008,2534.6914559016773,0.0,0.0,2.344718,4.8686533,0.011204505,,1466.1614001766743,,2.7206438,1466.1614001766743,481.49078056472456,
0.12358152966311975,-72.34056946294149,32,,,,0.0,660000,0.0,32,,12214.49732084149,-72.34056946294149,,,,,,,,1786.43781767347,,-0.29048878,,100,528.7661474471938,100,,0.0,,12214.49732084149,1786.43781767347,0.0,0.0,2.0410788,4.815052,0.008774639,,1592.9454128806224,,2.3315675,1592.9454128806224,528.7661474471938,
0.16538570571238176,-78.25100155399598,33,,,,0.0,680000,0.0,33,,29328.278533514203,-78.25100155399598,,,,,,,,3376.8807163341835,,-4.635932,,100,743.9077149163371,100,,0.01,,29328.278533514203,3376.8807163341835,0.0,0.01,-0.96174216,4.779873,0.008428348,,2037.260875765078,,3.6741898,2037.260875765078,743.9077149163371,
0.19961993911777776,-73.48734646567245,34,,,,0.0,700000,0.0,34,,22228.62547488097,-73.48734646567245,,,,,,,,2830.3642474635335,,-4.54997,,100,481.30853093888567,100,,0.0,,22228.62547488097,2830.3642474635335,0.0,0.0,-2.0768077,4.7750926,0.011070245,,1564.4088091252806,,2.4731624,1564.4088091252806,481.30853093888567,
0.24636767683425198,-74.87983604988446,35,,,,0.0,720000,0.0,35,,27917.976850807307,-74.87983604988446,,,,,,,,3125.3748904939703,,-4.5188375,,100,558.8912218907604,100,,0.01,,27917.976850807307,3125.3748904939703,0.0,0.01,-1.051725,4.759995,0.006041223,,1857.8871891566014,,3.4671125,1857.8871891566014,558.8912218907604,
0.14986863867759015,-62.58094053998942,36,,,,0.0,740000,0.0,36,,14923.019720388611,-62.58094053998942,,,,,,,,2102.944769594345,,-0.83187187,,100,751.7627909290879,100,,0.0,,14923.019720388611,2102.944769594345,0.0,0.0,1.6656809,4.7219763,0.005978133,,2255.722368687248,,2.4975529,2255.722368687248,751.7627909290879,
0.12411797385212808,27.766315826973834,37,,,,0.0,760000,0.0,37,,31429.84605242565,27.766315826973834,,,,,,,,4398.931309235697,,-10.169728,,100,1218.9020604895577,100,,0.04,,31429.84605242565,4398.931309235697,0.0,0.04,-3.1204438,4.669967,0.010020431,,3728.073489516331,,7.0492845,3728.073489516331,1218.9020604895577,
0.280943489661589,-72.20767301355694,38,,,,0.0,780000,0.0,38,,56857.35121849902,-72.20767301355694,,,,,,,,8096.104945638951,,-3.5461812,,100,1109.1085715477282,100,,0.04,,56857.35121849902,8096.104945638951,0.0,0.04,7.2585564,4.5942698,0.010462787,,3691.4007080042165,,10.804737,3691.4007080042165,1109.1085715477282,
0.16336246234685847,-48.99530501320984,39,,,,0.0,800000,0.0,39,,17702.029221738878,-48.99530501320984,,,,,,,,2947.8557768412647,,-1.8873609,,100,752.7826540817373,100,,0.0,,17702.029221738878,2947.8557768412647,0.0,0.0,0.92414534,4.544868,0.007865802,,2556.9685843471107,,2.8115063,2556.9685843471107,752.7826540817373,
0.16809948255659068,-49.42401288664657,40,131.59190674597795,0.0,0.0,0.0,820000,0.0,40,10,46418.48787894792,-49.42401288664657,4,131.59190674597795,0.0,2513.48915881343,8992.331311173482,2602.9014537328394,2602.9014537328408,7256.93898555317,8992.331311173482,-7.822253,0.0,100,1139.0162211686059,100,4,0.05,2602.9014537328394,46418.48787894792,7256.93898555317,0.0,0.05,2.3210657,4.483814,0.007959045,2513.48915881343,3863.6202781838756,10,10.143319,3863.6202781838756,1139.0162211686059,2602.9014537328408
0.13109441539910027,-45.95720001169269,41,,,,0.0,840000,0.0,41,,25550.228573304623,-45.95720001169269,,,,,,,,3807.921727289375,,-0.91448593,,100,930.2818766473243,100,,0.0,,25550.228573304623,3807.921727289375,0.0,0.0,2.7435133,4.444129,0.0055820085,,3126.0528535345557,,3.6579993,3126.0528535345557,930.2818766473243,
0.1665795380717009,-47.44031808797109,42,,,,0.0,860000,0.0,42,,17051.257250938204,-47.44031808797109,,,,,,,,3683.4488709120174,,-1.736895,,100,1138.1716743350732,100,,0.01,,17051.257250938204,3683.4488709120174,0.0,0.01,1.3424586,4.407776,0.007358687,,3982.113915026776,,3.0793536,3982.113915026776,1138.1716743350732,
0.1415315144248126,-73.23920687213115,43,,,,0.0,880000,0.0,43,,34030.51503190195,-73.23920687213115,,,,,,,,5846.303775555809,,-7.859603,,100,1225.3465474415902,100,,0.02,,34030.51503190195,5846.303775555809,0.0,0.02,-2.6047907,4.393092,0.007747648,,4288.549288342233,,5.2548122,4288.549288342233,1225.3465474415902,
0.14778302608049465,-32.99861577051383,44,,,,0.0,900000,0.0,44,,23284.55430506614,-32.99861577051383,,,,,,,,4056.214891537154,,1.1852305,,100,1232.7692392157762,100,,0.03,,23284.55430506614,4056.214891537154,0.0,0.03,5.431119,4.3554068,0.006507405,,4123.484637903498,,4.2458887,4123.484637903498,1232.7692392157762,
0.17208873308403083,-70.942408713406,45,,,,0.0,920000,0.0,45,,18598.405440818628,-70.942408713406,,,,,,,,3776.3413673113173,,-2.3534796,,100,1022.5043745117977,100,,0.01,,18598.405440818628,3776.3413673113173,0.0,0.01,1.1193484,4.3118362,0.0071757515,,3623.9258060121942,,3.472828,3623.9258060121942,1022.5043745117977,
0.2998502584854481,-32.476234966258666,46,,,,0.0,940000,0.0,46,,27797.083406873713,-32.476234966258666,,,,,,,,5102.428141083323,,-2.7560375,,100,1185.6700677872664,100,,0.02,,27797.083406873713,5102.428141083323,0.0,0.02,1.8370953,4.2697973,0.006095059,,4479.214343008889,,4.593133,4479.214343008889,1185.6700677872664,
0.2374629755171085,-71.3850065512376,47,,,,0.0,960000,0.0,47,,29267.389256514118,-71.3850065512376,,,,,,,,6754.851165951511,,-2.64715,,100,1940.28989212525,100,,0.1,,29267.389256514118,6754.851165951511,0.0,0.1,4.3575187,4.2069173,0.00915141,,6376.382477979123,,7.0046687,6376.382477979123,1940.28989212525,
0.1866608783706012,-68.59339816775098,48,,,,0.0,980000,0.0,48,,38393.24140840924,-68.59339816775098,,,,,,,,7437.735149179545,,-6.3978844,,100,1786.293950658011,100,,0.06,,38393.24140840924,7437.735149179545,0.0,0.06,2.182622,4.1355276,0.00920374,,6959.592278191841,,8.580506,6959.592278191841,1786.293950658011,
0.22415040567701527,-58.49202837770431,49,,,,0.0,1000000,0.0,49,,49568.55080553021,-58.49202837770431,,,,,,,,7643.983232703538,,-6.013044,,100,1754.3851151691383,100,,0.05,,49568.55080553021,7643.983232703538,0.0,0.05,4.4116406,4.0943675,0.010189697,,6681.3559244786775,,10.424685,6681.3559244786775,1754.3851151691383,
0.27028450611882215,4.4802496208667915,50,22.50952769904862,0.0,0.0,0.0,1020000,0.0,50,10,66773.67341182793,4.4802496208667915,5,22.50952769904862,0.0,6272.720798082305,17230.099148392255,7265.326398643994,7265.326398643991,11881.476963936602,17230.099148392255,-9.9491,0.0,100,2459.1506819750766,100,5,0.09,7265.326398643994,66773.67341182793,11881.476963936602,0.0,0.09,6.2729936,4.064037,0.007827008,6272.720798082305,9582.369335060475,10,16.222094,9582.369335060475,2459.1506819750766,7265.326398643991
0.22163689092896233,-76.2226729172709,51,,,,0.0,1040000,0.0,51,,51364.54737281307,-76.2226729172709,,,,,,,,7735.792994022038,,-7.570331,,100,1723.2485934186718,100,,0.04,,51364.54737281307,7735.792994022038,0.0,0.04,0.86213124,4.0276494,0.0058230124,,6454.25056771907,,8.432463,6454.25056771907,1723.2485934186718,
0.24277259740169288,-59.439386285545474,52,,,,0.0,1060000,0.0,52,,71450.45945864749,-59.439386285545474,,,,,,,,11619.110227461599,,-9.156615,,100,2512.8685731030755,100,,0.11,,71450.45945864749,11619.110227461599,0.0,0.11,2.5338032,3.9861763,0.009881428,,9581.921944032667,,11.690418,9581.921944032667,2512.8685731030755,
0.20931478170161522,-32.49956312460635,53,,,,0.0,1080000,0.0,53,,48772.80575917705,-32.49956312460635,,,,,,,,9821.208157815856,,0.073,,100,2044.6192623873194,100,,0.08,,48772.80575917705,9821.208157815856,0.0,0.08,11.191115,3.9404676,0.00866437,,7412.784707300007,,11.118115,7412.784707300007,2044.6192623873194,
0.16815618510947772,-0.2092309028257014,54,,,,0.0,1100000,0.0,54,,66775.88889231495,-0.2092309028257014,,,,,,,,8893.869154325022,,-5.489181,,100,1811.500700280579,100,,0.04,,66775.88889231495,8893.869154325022,0.0,0.04,3.3164062,3.9141273,0.009643001,,6747.1624259352275,,8.805588,6747.1624259352275,1811.500700280579,
0.21466379380063694,-68.99673957198766,55,,,,0.0,1120000,0.0,55,,66098.10009431568,-68.99673957198766,,,,,,,,13745.825643396789,,-16.113106,,100,2469.413617064942,100,,0.07,,66098.10009431568,13745.825643396789,0.0,0.07,-0.34379375,3.859512,0.008095159,,9362.569857375976,,15.769312,9362.569857375976,2469.413617064942,
0.22554293503625378,-70.36176048983029,56,,,,0.0,1140000,0.0,56,,53699.5735242841,-70.36176048983029,,,,,,,,12331.068190962875,,-13.297487,,100,2930.526695900042,100,,0.09,,53699.5735242841,12331.068190962875,0.0,0.09,0.9011875,3.826637,0.008654673,,11113.955127018087,,14.198675,11113.955127018087,2930.526695900042,
0.20866479037670493,-68.15712940668924,57,,,,0.0,1160000,0.0,57,,58949.24480051898,-68.15712940668924,,,,,,,,9569.676970846078,,-5.91415,,100,2192.4062519834497,100,,0.04,,58949.24480051898,9569.676970846078,0.0,0.04,4.0463686,3.8104026,0.008343783,,8455.035707066962,,9.960519,8455.035707066962,2192.4062519834497,
0.23686144542812104,-73.73830507598565,58,,,,0.0,1180000,0.0,58,,95734.96057946906,-73.73830507598565,,,,,,,,15764.361862798407,,-12.371797,,100,2692.691866129099,100,,0.11,,95734.96057946906,15764.361862798407,0.0,0.11,5.2832937,3.7805862,0.011736299,,10965.765025214947,,17.65509,10965.765025214947,2692.691866129099,
0.16362767155998192,-52.23905117934113,59,,,,0.0,1200000,0.0,59,,88511.46735542959,-52.23905117934113,,,,,,,,18338.50748238113,,-10.428481,,100,3630.7859471739207,100,,0.16,,88511.46735542959,18338.50748238113,0.0,0.16,6.969875,3.7134511,0.012762294,,14321.92308725033,,17.398355,14321.92308725033,3630.7859471739207,
0.29108751074075556,-53.341058904917546,60,139.17767251871334,0.0,0.1,0.0,1220000,0.0,60,10,55003.911538900735,-53.341058904917546,6,139.17767251871334,0.1,13182.248081540854,44351.852926184765,12191.625238615783,12191.625238615781,10649.487493706221,44351.852926184765,-0.45452031,0.0,100,2471.8990715537475,100,6,0.09,12191.625238615783,55003.911538900735,10649.487493706221,0.0,0.09,9.234299,3.6741152,0.01007966,13182.248081540854,9596.257719861123,10,9.688819,9596.257719861123,2471.8990715537475,12191.625238615781
0.26698866585998526,45.34752109297143,61,,,,0.0,1240000,0.0,61,,76522.94865683994,45.34752109297143,,,,,,,,13271.9464897103,,-15.026607,,100,2502.5602616110777,100,,0.07,,76522.94865683994,13271.9464897103,0.0,0.07,2.4948688,3.650425,0.006230107,,8975.151577799796,,17.521475,8975.151577799796,2502.5602616110777,
0.2391548168246037,-75.14476044749006,62,,,,0.0,1260000,0.0,62,,81865.86938503134,-75.14476044749006,,,,,,,,17012.250206109806,,-22.213675,,100,3899.4215450206602,100,,0.15,,81865.86938503134,17012.250206109806,0.0,0.15,-4.0006876,3.6337926,0.007931234,,14126.94033063519,,18.212986,14126.94033063519,3899.4215450206602,
0.248507047250078,7.513020034480268,63,,,,0.0,1280000,0.0,63,,63487.114334937054,7.513020034480268,,,,,,,,11993.384407194426,,-14.309869,,100,3193.2365347917103,100,,0.13,,63487.114334937054,11993.384407194426,0.0,0.13,-1.4447813,3.5945442,0.009972933,,11609.107733141173,,12.8650875,11609.107733141173,3193.2365347917103,
0.17326159463446889,-76.30367903597671,64,,,,0.0,1300000,0.0,64,,92905.30461011957,-76.30367903597671,,,,,,,,17107.027804489186,,-15.502262,,100,4032.1889844818566,100,,0.09,,92905.30461011957,17107.027804489186,0.0,0.09,4.5495877,3.5462148,0.0062790224,,14390.772152968193,,20.05185,14390.772152968193,4032.1889844818566,
0.14761200933752616,-46.53015873550004,65,,,,0.0,1320000,0.0,65,,97132.93284491196,-46.53015873550004,,,,,,,,18001.41022242864,,-15.747562,,100,3991.449111670719,100,,0.15,,97132.93284491196,18001.41022242864,0.0,0.15,2.3366125,3.500571,0.0069540488,,14853.142817358152,,18.084175,14853.142817358152,3991.449111670719,
0.14878605481968055,-76.56704853886191,66,,,,0.0,1340000,0.0,66,,124194.39709461838,-76.56704853886191,,,,,,,,22717.243562131,,-22.261288,,100,5569.785919821827,100,,0.26,,124194.39709461838,22717.243562131,0.0,0.26,8.363188,3.4881735,0.008729784,,21578.282919580863,,30.624475,21578.282919580863,5569.785919821827,
0.28584476577156104,-75.29106197991591,67,,,,0.0,1360000,0.0,67,,92235.5889703997,-75.29106197991591,,,,,,,,16468.417720911697,,-16.801937,,100,4067.1062574669104,100,,0.16,,92235.5889703997,16468.417720911697,0.0,0.16,0.1837625,3.4636571,0.0069226334,,14740.421584974556,,16.985699,14740.421584974556,4067.1062574669104,
0.2578070890602273,-58.258425462851015,68,,,,0.0,1380000,0.0,68,,90275.28043394764,-58.258425462851015,,,,,,,,19624.723913115122,,-10.730675,,100,3939.8544416077957,100,,0.13,,90275.28043394764,19624.723913115122,0.0,0.13,6.8583627,3.4127195,0.008458669,,14703.40628420245,,17.589037,14703.40628420245,3939.8544416077957,
0.23718647120658787,76.36334110630843,69,,,,0.0,1400000,0.0,69,,104964.0327002571,76.36334110630843,,,,,,,,22702.575009608212,,-24.56945,,100,5745.46088562803,100,,0.33,,104964.0327002571,22702.575009608212,0.0,0.33,4.8453,3.3676844,0.010538528,,23802.17627693828,,29.414751,23802.17627693828,5745.46088562803,
0.1762924191975631,560.484570335049,70,2410.8837553812823,0.0,0.1,0.0,1420000,0.0,70,10,120993.58159710208,560.484570335049,7,2410.8837553812823,0.1,12556.504237894767,40274.84118446748,17655.264073001843,17655.264073001847,21916.111562979575,40274.84118446748,-22.43115,0.0,100,5760.299607076906,100,7,0.24,17655.264073001843,120993.58159710208,21916.111562979575,0.0,0.24,-6.0123377,3.3387797,0.010120896,12556.504237894767,22166.31818657012,10,16.418812,22166.31818657012,5760.299607076906,17655.264073001847
0.2559568505470313,-69.03908714999994,71,,,,0.0,1440000,0.0,71,,77998.75618163431,-69.03908714999994,,,,,,,,14253.05929779313,,-9.065006,,100,3276.238646213231,100,,0.14,,77998.75618163431,14253.05929779313,0.0,0.14,4.2670126,3.322807,0.0072596963,,11568.429706035355,,13.332019,11568.429706035355,3276.238646213231,
0.1749588159271367,-70.16296732647716,72,,,,0.0,1460000,0.0,72,,126582.09062665996,-70.16296732647716,,,,,,,,29315.70937814527,,-7.320475,,100,7938.840899894363,100,,0.36,,126582.09062665996,29315.70937814527,0.0,0.36,24.3595,3.3010328,0.009293673,,29664.77857034113,,31.679976,29664.77857034113,7938.840899894363,
0.20881854751426632,-73.79852203011806,73,,,,0.0,1480000,0.0,73,,103099.74511524307,-73.79852203011806,,,,,,,,18416.9029229689,,2.2654235,,100,4061.0414895023914,100,,0.13,,103099.74511524307,18416.9029229689,0.0,0.13,20.467768,3.2651124,0.007800977,,15300.65728480136,,18.202345,15300.65728480136,4061.0414895023914,
0.25518374959770007,-65.48925551657808,74,,,,0.0,1500000,0.0,74,,120558.44821183359,-65.48925551657808,,,,,,,,20508.210979505588,,-28.320812,,100,4737.945294657267,100,,0.18,,120558.44821183359,20508.210979505588,0.0,0.18,-6.2381,3.2381098,0.008720217,,18229.37170884724,,22.082712,18229.37170884724,4737.945294657267,
0.22830885531080758,18.71316843213266,75,,,,0.0,1520000,0.0,75,,99320.19755137757,18.71316843213266,,,,,,,,20731.98519691961,,-19.8539,,100,5144.670885464976,100,,0.22,,99320.19755137757,20731.98519691961,0.0,0.22,4.6862907,3.2186956,0.013834078,,19373.18031593287,,24.540192,19373.18031593287,5144.670885464976,
0.21340500240152493,-71.34769109422264,76,,,,0.0,1540000,0.0,76,,78704.00082435884,-71.34769109422264,,,,,,,,19593.64039330731,,-14.779387,,100,6051.833982998191,100,,0.24,,78704.00082435884,19593.64039330731,0.0,0.24,7.6165533,3.1917493,0.008084782,,22443.742806412265,,22.39594,22443.742806412265,6051.833982998191,
0.35391727277037544,-76.47783724410552,77,,,,0.0,1560000,0.0,77,,131817.12539988317,-76.47783724410552,,,,,,,,26772.15805880827,,-3.4450579,,100,6298.085067188641,100,,0.24,,131817.12539988317,26772.15805880827,0.0,0.24,22.648281,3.146587,0.009332374,,24433.167073123157,,26.093338,24433.167073123157,6298.085067188641,
0.15700681813236583,-71.34971362156465,78,,,,0.0,1580000,0.0,78,,129623.75814179209,-71.34971362156465,,,,,,,,23898.75264956096,,-7.791625,,100,7049.143670637084,100,,0.3,,129623.75814179209,23898.75264956096,0.0,0.3,18.77805,3.110924,0.0077649537,,24951.656315528486,,26.569675,24951.656315528486,7049.143670637084,
0.1871685540070932,-20.082720807631233,79,,,,0.0,1600000,0.0,79,,87320.82331401433,-20.082720807631233,,,,,,,,19054.450362731397,,-8.748094,,100,5170.4820305597295,100,,0.18,,87320.82331401433,19054.450362731397,0.0,0.18,14.7626095,3.0868504,0.007390823,,17946.353366187548,,23.510704,17946.353366187548,5170.4820305597295,
0.27567016858421556,-69.74998377293596,80,2228.652497554246,0.0,0.3,0.0,1620000,0.0,80,10,107801.28338966837,-69.74998377293596,8,2228.652497554246,0.3,31001.148536527646,108637.20808669864,32929.67604542371,32929.67604542371,23602.318052644394,108637.20808669864,-9.247475,0.0,100,6489.521981529825,100,8,0.23,32929.67604542371,107801.28338966837,23602.318052644394,0.0,0.23,22.00135,3.0696065,0.007277593,31001.148536527646,23996.58486415029,10,31.248825,23996.58486415029,6489.521981529825,32929.67604542371
0.20228028083405847,14.05083593551492,81,,,,0.0,1640000,0.0,81,,143668.65622548066,14.05083593551492,,,,,,,,30259.238455998646,,-11.80235,,100,8096.373798203335,100,,0.3,,143668.65622548066,30259.238455998646,0.0,0.3,24.18455,3.0346565,0.007748134,,28827.45633500518,,35.9869,28827.45633500518,8096.373798203335,
0.18987422259674203,458.2477298218847,82,,,,0.0,1660000,0.0,82,,98579.32643778616,458.2477298218847,,,,,,,,22129.110543872575,,-7.1278,,100,7145.514336535107,100,,0.24,,98579.32643778616,22129.110543872575,0.0,0.24,15.4839,2.9940257,0.008416811,,25181.96216570296,,22.6117,25181.96216570296,7145.514336535107,
0.19569994727664752,-74.44778767418717,83,,,,0.0,1680000,0.0,83,,100193.99086607035,-74.44778767418717,,,,,,,,21866.92001349229,,-17.572683,,100,6955.687382267514,100,,0.29,,100193.99086607035,21866.92001349229,0.0,0.29,-1.4914985,2.9669726,0.011440612,,23779.788550854108,,16.081184,23779.788550854108,6955.687382267514,
0.1317580753249481,-72.31386144731682,84,,,,0.0,1700000,0.0,84,,120051.06789951913,-72.31386144731682,,,,,,,,26026.230395954677,,-32.72025,,100,8312.157880127465,100,,0.29,,120051.06789951913,26026.230395954677,0.0,0.29,0.6316875,2.9440231,0.008683853,,27458.36059299393,,33.351936,27458.36059299393,8312.157880127465,
0.25225500769669773,20.531880379428433,85,,,,0.0,1720000,0.0,85,,113647.19211553721,20.531880379428433,,,,,,,,21721.91538656503,,-12.942794,,100,6127.4500774130665,100,,0.19,,113647.19211553721,21721.91538656503,0.0,0.19,8.060415,2.916687,0.007130359,,21916.622152950145,,21.003208,21916.622152950145,6127.4500774130665,
0.3922823647750815,885.2751673535114,86,,,,0.0,1740000,0.0,86,,107366.63288088512,885.2751673535114,,,,,,,,27216.495534696718,,-25.590162,,100,8146.403179538075,100,,0.35,,107366.63288088512,27216.495534696718,0.0,0.35,3.8496375,2.8889859,0.01145615,,29550.566472380477,,29.4398,29550.566472380477,8146.403179538075,
0.2401936920150357,292.0370391633064,87,,,,0.0,1760000,0.0,87,,128391.95205739744,292.0370391633064,,,,,,,,24947.37145773459,,-22.220413,,100,6295.3500099741295,100,,0.27,,128391.95205739744,24947.37145773459,0.0,0.27,4.5331435,2.8540852,0.010217344,,22761.885174710416,,26.753557,22761.885174710416,6295.3500099741295,
0.24353913503415925,-76.58865827406889,88,,,,0.0,1780000,0.0,88,,120816.47939589868,-76.58865827406889,,,,,,,,29087.894674302188,,-30.849453,,100,12449.068634057161,100,,0.59,,120816.47939589868,29087.894674302188,0.0,0.59,6.6957874,2.8625796,0.0054313475,,43162.08746490012,,37.545242,43162.08746490012,12449.068634057161,
0.22257212348621946,25.872762658411375,89,,,,0.0,1800000,0.0,89,,117611.34284496697,25.872762658411375,,,,,,,,29147.50811779024,,-2.202775,,100,8686.438265061943,100,,0.32,,117611.34284496697,29147.50811779024,0.0,0.32,12.8352,2.8573422,0.011801521,,30568.328607010062,,15.037975,30568.328607010062,8686.438265061943,
0.2390176248665017,405.85915369709596,90,463.48882526724117,0.0,0.3,0.0,1820000,0.0,90,10,130585.04023192482,405.85915369709596,9,463.48882526724117,0.3,26864.456442958734,90194.29809313193,21705.11745795422,21705.11745795422,27001.352178372763,90194.29809313193,-36.993813,0.0,100,7569.786188470108,100,9,0.26,21705.11745795422,130585.04023192482,27001.352178372763,0.0,0.26,-11.5199,2.827292,0.009156659,26864.456442958734,28187.491218455125,10,25.473911,28187.491218455125,7569.786188470108,21705.11745795422
0.2616829887887745,-72.35927172439185,91,,,,0.0,1840000,0.0,91,,131165.30545320958,-72.35927172439185,,,,,,,,33121.80600992285,,-35.75895,,100,8300.771600785107,100,,0.37,,131165.30545320958,33121.80600992285,0.0,0.37,9.630062,2.7913775,0.009601498,,31364.38724652768,,45.38901,31364.38724652768,8300.771600785107,
0.2190583903633796,-72.56531437054663,92,,,,0.0,1860000,0.0,92,,130320.03617050854,-72.56531437054663,,,,,,,,32991.964563038906,,-17.357637,,100,9225.107560828044,100,,0.38,,130320.03617050854,32991.964563038906,0.0,0.38,18.0367,2.7744586,0.010205828,,35721.855225288185,,35.394337,35721.855225288185,9225.107560828044,
0.27902316900599633,-72.93107493582522,93,,,,0.0,1880000,0.0,93,,144446.71812922508,-72.93107493582522,,,,,,,,32574.98047029352,,-9.868338,,100,11372.631081137713,100,,0.53,,144446.71812922508,32574.98047029352,0.0,0.53,31.63115,2.775415,0.008475722,,45359.12445534246,,41.49949,45359.12445534246,11372.631081137713,
0.3132983186192192,-75.43112825895368,94,,,,0.0,1900000,0.0,94,,121304.12804473098,-75.43112825895368,,,,,,,,28769.142226149892,,-30.229876,,100,7868.487557239358,100,,0.29,,121304.12804473098,28769.142226149892,0.0,0.29,6.463075,2.752103,0.008309136,,28684.784342125036,,36.69295,28684.784342125036,7868.487557239358,
0.28549859256782706,282.0495971331499,95,,,,0.0,1920000,0.0,95,,142081.30652189927,282.0495971331499,,,,,,,,30448.12429797741,,-44.507668,,100,10656.550994452595,100,,0.43,,142081.30652189927,30448.12429797741,0.0,0.43,-10.713556,2.720258,0.007779979,,39049.16346319885,,33.794113,39049.16346319885,10656.550994452595,
0.2358950155818479,-72.77196371052113,96,,,,0.0,1940000,0.0,96,,157842.26090884116,-72.77196371052113,,,,,,,,33978.76916884727,,-42.124264,,100,10969.953055738846,100,,0.46,,157842.26090884116,33978.76916884727,0.0,0.46,-0.318775,2.686226,0.008674079,,42734.590716333805,,41.80549,42734.590716333805,10969.953055738846,
0.30180103835028815,1678.5159815596849,97,,,,0.0,1960000,0.0,97,,142122.5617203306,1678.5159815596849,,,,,,,,33263.79510530612,,-42.65,,100,11001.327559933003,100,,0.4,,142122.5617203306,33263.79510530612,0.0,0.4,-26.2778,2.6733592,0.012479787,,39668.19911033002,,16.372202,39668.19911033002,11001.327559933003,
0.34243212862239136,438.5475806284531,98,,,,0.0,1980000,0.0,98,,133712.28807250527,438.5475806284531,,,,,,,,33375.66804021592,,-51.460144,,100,10559.334233225321,100,,0.43,,133712.28807250527,33375.66804021592,0.0,0.43,-17.179443,2.6688726,0.0074123223,,38436.2575096061,,34.2807,38436.2575096061,10559.334233225321,
0.25982505306639625,55.7199309834681,99,,,,0.0,2000000,0.0,99,,138869.9338492124,55.7199309834681,,,,,,,,28994.871383801492,,-16.913895,,100,10798.187024947894,100,,0.4,,138869.9338492124,28994.871383801492,0.0,0.4,16.398659,2.635773,0.008158105,,40344.14117892679,,33.312553,40344.14117892679,10798.187024947894,
