MetaTest/window-open-v1/TerminationRate,MetaTest/window-open-v1/SuccessRate,MetaTest/Average/StdReturn,MetaTest/window-open-v1/AverageReturn,MetaTest/Average/AverageDiscountedReturn,MetaTest/Average/AverageReturn,MetaTrain/Average/QfLoss,MetaTest/Average/NumTrajs,MetaTest/Average/TerminationRate,MetaTest/Average/MaxReturn,MetaTest/Average/MinReturn,MetaTest/window-open-v1/StdReturn,MetaTrain/Average/AlphaLoss,MetaTest/window-open-v1/MinReturn,MetaTest/window-open-v1/MaxReturn,MetaTrain/Average/PolicyLoss,MetaTest/window-open-v1/NumTrajs,MetaTest/window-open-v1/AverageDiscountedReturn,MetaTest/window-open-v1/Iteration,TotalEnvSteps,MetaTest/Average/SuccessRate,MetaTest/Average/Iteration,MetaTrain/Average/ContrastiveLoss,MetaTrain/Average/Alpha
0.0,0.0,11.817056064252123,-52.37718977965604,-52.37718977965604,-52.37718977965604,650.30304,10,0.0,-30.297414810066087,-69.39882091148897,11.817056064252123,6.448093,-69.39882091148897,-30.297414810066087,-7.979224,10,-52.37718977965604,0,224000,0.0,0,7.914318,nan
0.0,0.0,2919.490309355893,1137.5768018302988,1137.5768018302972,1137.5768018302988,953.7018,10,0.0,9817.985968190345,-61.89407420753697,2919.490309355893,5.8534775,-61.89407420753697,9817.985968190345,-41.368557,10,1137.5768018302972,1,248000,0.0,1,11.27338,nan
0.0,0.0,17.773283631481945,-89.24705795436189,-89.2470579543619,-89.24705795436189,57133.87,10,0.0,-49.00057496810336,-107.1604277474298,17.773283631481945,-2.927236,-107.1604277474298,-49.00057496810336,-957.1852,10,-89.2470579543619,2,272000,0.0,2,21.183441,nan
0.0,0.0,766.6579430407465,264.7016452717821,264.70164527178184,264.7016452717821,251977.25,10,0.0,2292.7051402004076,-103.35195643459252,766.6579430407465,-10.942076,-103.35195643459252,2292.7051402004076,-5729.9893,10,264.70164527178184,3,296000,0.0,3,42.977577,nan
0.0,0.0,6.7355261574519885,-98.88707897786996,-98.88707897787002,-98.88707897786996,671709.4,10,0.0,-82.0848762276358,-108.2828645127199,6.7355261574519885,-12.165056,-108.2828645127199,-82.0848762276358,-11405.316,10,-98.88707897787002,4,320000,0.0,4,188.94681,nan
0.0,0.0,34.69880305423688,-62.38208765164774,-62.38208765164777,-62.38208765164774,2606802.2,10,0.0,33.493940499791194,-95.40398870044908,34.69880305423688,-13.764543,-95.40398870044908,33.493940499791194,-22649.633,10,-62.38208765164777,5,344000,0.0,5,44.207897,nan
0.0,0.1,19.560844035842454,-69.68583052870896,-69.68583052870898,-69.68583052870896,5844933.0,10,0.0,-18.369773512299155,-89.34405635233253,19.560844035842454,-15.147022,-89.34405635233253,-18.369773512299155,-34066.766,10,-69.68583052870898,6,368000,0.1,6,33.451447,nan
0.0,0.0,22.833789151968478,-55.4033921636928,-55.4033921636928,-55.4033921636928,8598831.0,10,0.0,-20.34035449128644,-82.68154692215907,22.833789151968478,-14.532972,-82.68154692215907,-20.34035449128644,-36933.973,10,-55.4033921636928,7,392000,0.0,7,60.74845,nan
0.0,0.2,33862.764409999654,13885.468356532685,13885.46835653269,13885.468356532685,23218734.0,10,0.0,112643.28167482126,-62.358192976965455,33862.764409999654,-15.333168,-62.358192976965455,112643.28167482126,-53863.08,10,13885.46835653269,8,416000,0.2,8,100.20114,nan
0.0,0.1,17.1653696088365,-43.78036836934791,-43.78036836934791,-43.78036836934791,33134952.0,10,0.0,-10.850240349428525,-74.64458970338114,17.1653696088365,-14.958854,-74.64458970338114,-10.850240349428525,-58077.04,10,-43.78036836934791,9,440000,0.1,9,112.92626,nan
0.0,0.2,37535.03228740659,12473.109067630365,12473.10906763037,12473.109067630365,47724388.0,10,0.0,125078.20001812828,-64.04476241694847,37535.03228740659,-20.143873,-64.04476241694847,125078.20001812828,-66075.125,10,12473.10906763037,10,464000,0.2,10,118.36094,nan
0.0,0.2,45187.81476514867,22341.604328113553,22341.60432811355,22341.604328113553,68604280.0,10,0.0,150320.11853757538,-84.97887358831198,45187.81476514867,-22.212767,-84.97887358831198,150320.11853757538,-81436.03,10,22341.60432811355,11,488000,0.2,11,197.29272,nan
0.0,0.0,252.5542884044019,50.67977916340718,50.679779163407204,50.67977916340718,252498480.0,10,0.0,807.5582136377247,-55.71367659037655,252.5542884044019,-26.461687,-55.71367659037655,807.5582136377247,-72269.6,10,50.679779163407204,12,512000,0.0,12,867.3572,nan
0.0,0.3,63489.31448162496,21118.504710507063,21118.50471050706,21118.504710507063,88515220.0,10,0.0,211586.44048042988,-73.67572464616332,63489.31448162496,-24.914505,-73.67572464616332,211586.44048042988,-102450.23,10,21118.50471050706,13,536000,0.3,13,164.40442,nan
0.0,0.3,24929.110802794323,8474.425291283613,8474.425291283613,8474.425291283613,119910030.0,10,0.0,83244.33925177007,-44.14792062871397,24929.110802794323,-24.557465,-44.14792062871397,83244.33925177007,-121575.73,10,8474.425291283613,14,560000,0.3,14,110.293655,nan
0.0,0.2,57319.248880946325,28957.694288927083,28957.694288927094,28957.694288927083,128014550.0,10,0.0,152989.47230112494,-77.38574170656305,57319.248880946325,-25.91064,-77.38574170656305,152989.47230112494,-125446.27,10,28957.694288927094,15,584000,0.2,15,110.92,nan
0.0,0.1,1410.3946553386734,661.411213697623,661.411213697623,661.411213697623,128100940.0,10,0.0,4046.2875493959295,-35.90505849171178,1410.3946553386734,-26.767878,-35.90505849171178,4046.2875493959295,-131020.87,10,661.411213697623,16,608000,0.1,16,100.56275,nan
0.0,0.1,22007.002137410338,7307.606570457649,7307.606570457645,7307.606570457649,137195820.0,10,0.0,73328.60860928796,-44.98013582147391,22007.002137410338,-28.877687,-44.98013582147391,73328.60860928796,-133234.48,10,7307.606570457645,17,632000,0.1,17,110.9879,nan
0.0,0.0,5.771727796442671,-26.569517767284147,-26.56951776728415,-26.569517767284147,150974530.0,10,0.0,-19.46290347241425,-37.16322712910134,5.771727796442671,-27.776474,-37.16322712910134,-19.46290347241425,-136507.98,10,-26.56951776728415,18,656000,0.0,18,130.17857,nan
0.0,0.2,27133.74440172497,13254.488527293011,13254.48852729302,13254.488527293011,151733280.0,10,0.0,78503.60397361965,-70.02937007893597,27133.74440172497,-27.14203,-70.02937007893597,78503.60397361965,-136039.88,10,13254.48852729302,19,680000,0.2,19,132.27484,nan
0.0,0.1,25582.207482486854,8487.266230024085,8487.26623002408,8487.266230024085,141604060.0,10,0.0,85233.87555665516,-68.82162883439484,25582.207482486854,-25.718485,-68.82162883439484,85233.87555665516,-135303.52,10,8487.26623002408,20,704000,0.1,20,137.91838,nan
0.0,0.1,13760.398245465281,4623.2086727186825,4623.208672718676,4623.2086727186825,130430960.0,10,0.0,45899.59489272697,-60.231995208506646,13760.398245465281,-24.418617,-60.231995208506646,45899.59489272697,-137291.81,10,4623.208672718676,21,728000,0.1,21,128.14096,nan
0.0,0.3,38480.55179801148,24209.02306117321,24209.02306117322,24209.02306117321,127735040.0,10,0.0,106487.78026993635,-72.47922414754626,38480.55179801148,-22.166851,-72.47922414754626,106487.78026993635,-139677.17,10,24209.02306117322,22,752000,0.3,22,91.019455,nan
0.0,0.2,61417.29967306389,30303.415772024928,30303.41577202491,30303.415772024928,128055300.0,10,0.0,172397.96625796767,-70.0130478906456,61417.29967306389,-20.695942,-70.0130478906456,172397.96625796767,-145016.48,10,30303.41577202491,23,776000,0.2,23,93.34584,nan
0.0,0.3,58362.478919029985,36235.987054556914,36235.987054556936,36235.987054556914,131093730.0,10,0.0,168786.35438881058,-32.745551576978144,58362.478919029985,-19.90613,-32.745551576978144,168786.35438881058,-144807.58,10,36235.987054556936,24,800000,0.3,24,93.76524,nan
0.0,0.2,47366.44635552688,23023.39763828392,23023.397638283903,23023.39763828392,146905390.0,10,0.0,139196.981890644,-58.52946911430256,47366.44635552688,-20.562132,-58.52946911430256,139196.981890644,-150016.11,10,23023.397638283903,25,824000,0.2,25,101.30552,nan
0.0,0.3,53515.23763427454,24681.689745447984,24681.689745447995,24681.689745447984,157466530.0,10,0.0,169388.14886088992,-48.07752811363067,53515.23763427454,-20.683002,-48.07752811363067,169388.14886088992,-152454.53,10,24681.689745447995,26,848000,0.3,26,90.43142,nan
0.0,0.2,51440.066903293344,25597.730871603628,25597.730871603613,25597.730871603628,166484100.0,10,0.0,137184.69733726146,-62.184391687381996,51440.066903293344,-21.177362,-62.184391687381996,137184.69733726146,-153955.78,10,25597.730871603613,27,872000,0.2,27,112.61899,nan
0.0,0.2,57471.26745597214,23178.97930923818,23178.97930923816,23178.97930923818,175388620.0,10,0.0,191776.81746087965,-49.330950477059325,57471.26745597214,-21.89299,-49.330950477059325,191776.81746087965,-159307.3,10,23178.97930923816,28,896000,0.2,28,94.41738,nan
0.0,0.2,23122.22842825668,7673.301890710621,7673.301890710623,7673.301890710621,183599580.0,10,0.0,77039.97785456508,-57.51489850025296,23122.22842825668,-21.490046,-57.51489850025296,77039.97785456508,-166114.25,10,7673.301890710623,29,920000,0.2,29,117.64027,nan
0.0,0.3,62326.05759765796,40685.64862146854,40685.64862146856,40685.64862146854,207392140.0,10,0.0,147041.75536832868,-56.872403575589686,62326.05759765796,-21.153048,-56.872403575589686,147041.75536832868,-171186.78,10,40685.64862146856,30,944000,0.3,30,110.56229,nan
0.0,0.6,50893.545870398324,26075.043506848342,26075.043506848328,26075.043506848342,219432220.0,10,0.0,165058.53673655656,-33.98141851947845,50893.545870398324,-20.550694,-33.98141851947845,165058.53673655656,-175055.92,10,26075.043506848328,31,968000,0.6,31,123.40071,nan
0.0,0.0,13.499052571664517,-50.36698911664256,-50.366989116642564,-50.36698911664256,225434770.0,10,0.0,-25.696946595034532,-70.9787227209662,13.499052571664517,-20.968708,-70.9787227209662,-25.696946595034532,-177313.84,10,-50.366989116642564,32,992000,0.0,32,114.27519,nan
0.0,0.5,56269.82176281915,36400.17975127643,36400.17975127642,36400.17975127643,225091900.0,10,0.0,135479.7650947509,-83.3152989169311,56269.82176281915,-21.556297,-83.3152989169311,135479.7650947509,-177958.84,10,36400.17975127642,33,1016000,0.5,33,72.643875,nan
0.0,0.4,29057.66140098955,14229.035186770843,14229.035186770841,14229.035186770843,227795700.0,10,0.0,83475.1344926627,-84.13885143894338,29057.66140098955,-22.400229,-84.13885143894338,83475.1344926627,-182579.98,10,14229.035186770841,34,1040000,0.4,34,62.708534,nan
0.0,0.3,36331.06583797909,12054.855763988671,12054.855763988662,12054.855763988671,235720930.0,10,0.0,121048.03641436643,-84.39497553256793,36331.06583797909,-22.654947,-84.39497553256793,121048.03641436643,-186181.52,10,12054.855763988662,35,1064000,0.3,35,62.05332,nan
0.0,0.4,59223.51748783678,52742.69728393244,52742.69728393247,52742.69728393244,239166220.0,10,0.0,169970.46847620816,-74.02573472339506,59223.51748783678,-22.657097,-74.02573472339506,169970.46847620816,-191861.19,10,52742.69728393247,36,1088000,0.4,36,63.911892,nan
0.0,0.3,70064.21017301039,45418.39389025689,45418.39389025689,45418.39389025689,254384640.0,10,0.0,171895.92250018782,-73.16990697984924,70064.21017301039,-23.03177,-73.16990697984924,171895.92250018782,-199413.64,10,45418.39389025689,37,1112000,0.3,37,55.233547,nan
0.0,0.3,56955.41869066177,36737.48081319007,36737.480813190086,36737.48081319007,252440400.0,10,0.0,145342.67203210056,-74.40775955003826,56955.41869066177,-23.155788,-74.40775955003826,145342.67203210056,-201527.2,10,36737.480813190086,38,1136000,0.3,38,58.942833,nan
0.0,0.1,49507.460362813,18390.63856154183,18390.638561541833,18390.63856154183,269616500.0,10,0.0,165996.37116359393,-81.45652771266803,49507.460362813,-23.273724,-81.45652771266803,165996.37116359393,-208726.72,10,18390.638561541833,39,1160000,0.1,39,63.39677,nan
0.0,0.0,9.303346478519106,-66.3036824842616,-66.3036824842616,-66.3036824842616,278475550.0,10,0.0,-52.814984714637596,-81.56369802790557,9.303346478519106,-23.369005,-81.56369802790557,-52.814984714637596,-212625.8,10,-66.3036824842616,40,1184000,0.0,40,76.54802,nan
0.0,0.3,50431.56868616316,32535.18003097061,32535.180030970612,32535.18003097061,296703140.0,10,0.0,124248.01591280033,-85.59153306371036,50431.56868616316,-23.629332,-85.59153306371036,124248.01591280033,-220693.56,10,32535.180030970612,41,1208000,0.3,41,77.317245,nan
0.0,0.2,39603.89457369261,14730.980282396162,14730.980282396156,14730.980282396162,314964500.0,10,0.0,133122.96647405485,-76.7766752254302,39603.89457369261,-23.71341,-76.7766752254302,133122.96647405485,-228612.77,10,14730.980282396156,42,1232000,0.2,42,76.84046,nan
0.0,0.1,24459.72702635873,11324.505493315937,11324.505493315935,11324.505493315937,326496030.0,10,0.0,77141.95162310608,-76.14999870671552,24459.72702635873,-23.23852,-76.14999870671552,77141.95162310608,-234781.73,10,11324.505493315935,43,1256000,0.1,43,78.53037,nan
0.0,0.3,60994.80358504211,39750.46942854689,39750.4694285469,39750.46942854689,327593570.0,10,0.0,143705.969239051,-69.20707350425714,60994.80358504211,-23.417273,-69.20707350425714,143705.969239051,-237839.33,10,39750.4694285469,44,1280000,0.3,44,65.24359,nan
0.0,0.1,24906.378796565088,8254.957895513584,8254.95789551358,8254.957895513584,344109000.0,10,0.0,82974.0864890181,-60.93813862649372,24906.378796565088,-24.047361,-60.93813862649372,82974.0864890181,-246225.78,10,8254.95789551358,45,1304000,0.1,45,67.10395,nan
0.0,0.4,66172.68251146768,42311.15056277388,42311.15056277391,42311.15056277388,331663680.0,10,0.0,184998.32489198472,-58.48934182798835,66172.68251146768,-24.743715,-58.48934182798835,184998.32489198472,-245756.73,10,42311.15056277391,46,1328000,0.4,46,112.99134,nan
0.0,0.3,56719.49962520234,36991.546529257204,36991.54652925722,36991.546529257204,346725250.0,10,0.0,129831.09532292763,-75.11497036245763,56719.49962520234,-26.386534,-75.11497036245763,129831.09532292763,-248908.6,10,36991.54652925722,47,1352000,0.3,47,98.463356,nan
0.0,0.1,40975.70023561376,16597.00174819452,16597.001748194507,16597.00174819452,332440260.0,10,0.0,137430.7869477417,-75.31056381644963,40975.70023561376,-26.261509,-75.31056381644963,137430.7869477417,-249026.6,10,16597.001748194507,48,1376000,0.1,48,105.03803,nan
0.0,0.2,68909.48543635789,41631.70376863024,41631.70376863025,41631.70376863024,356405570.0,10,0.0,176067.25961508724,-69.04598166973699,68909.48543635789,-25.277687,-69.04598166973699,176067.25961508724,-252332.25,10,41631.70376863025,49,1400000,0.2,49,151.32803,nan
0.0,0.1,29285.860968449648,9714.247894005592,9714.24789400559,9714.247894005592,368432200.0,10,0.0,97571.8252822224,-63.861135447915096,29285.860968449648,-24.834475,-63.861135447915096,97571.8252822224,-260185.3,10,9714.24789400559,50,1424000,0.1,50,143.99678,nan
0.0,0.4,66973.3006313087,53680.39867405029,53680.3986740503,53680.39867405029,369398750.0,10,0.0,163720.66864395273,-59.61835619847319,66973.3006313087,-24.720013,-59.61835619847319,163720.66864395273,-267313.28,10,53680.3986740503,51,1448000,0.4,51,148.02354,nan
0.0,0.2,56373.593265142845,27880.441267842292,27880.441267842263,27880.441267842292,366360100.0,10,0.0,156806.14252472456,-57.45247434904748,56373.593265142845,-24.65618,-57.45247434904748,156806.14252472456,-274300.22,10,27880.441267842263,52,1472000,0.2,52,148.45972,nan
0.0,0.3,52428.07780818065,41258.52208900135,41258.52208900135,41258.52208900135,355208740.0,10,0.0,147211.8237642332,-50.19056156590495,52428.07780818065,-24.253914,-50.19056156590495,147211.8237642332,-280114.72,10,41258.52208900135,53,1496000,0.3,53,198.05078,nan
0.0,0.4,53161.10700663836,42219.12505539901,42219.125055399,42219.12505539901,332608900.0,10,0.0,127012.61934819893,-61.256973199860184,53161.10700663836,-24.648243,-61.256973199860184,127012.61934819893,-283914.72,10,42219.125055399,54,1520000,0.4,54,212.22379,nan
0.0,0.3,43475.12604867345,30439.320520235604,30439.320520235586,30439.320520235604,319788900.0,10,0.0,121075.29929812968,-44.14956909708895,43475.12604867345,-24.790249,-44.14956909708895,121075.29929812968,-289003.3,10,30439.320520235586,55,1544000,0.3,55,165.95494,nan
0.0,0.3,34039.39588374656,21569.449230870152,21569.449230870152,21569.449230870152,322392030.0,10,0.0,87512.73060210964,-52.661542078151875,34039.39588374656,-24.76661,-52.661542078151875,87512.73060210964,-297190.1,10,21569.449230870152,56,1568000,0.3,56,177.09471,nan
0.0,0.3,44014.39606013865,28762.473188698932,28762.473188698943,28762.473188698932,329358800.0,10,0.0,99542.60519086616,-48.06521612861785,44014.39606013865,-24.778913,-48.06521612861785,99542.60519086616,-301429.44,10,28762.473188698943,57,1592000,0.3,57,151.9034,nan
0.0,0.1,4440.9421659584195,1451.9207139260554,1451.9207139260552,1451.9207139260554,349477800.0,10,0.0,14774.73601183043,-37.89923735096349,4440.9421659584195,-25.62131,-37.89923735096349,14774.73601183043,-310490.8,10,1451.9207139260552,58,1616000,0.1,58,168.31494,nan
0.0,0.3,43904.94153374084,26040.40411260414,26040.40411260414,26040.40411260414,356941250.0,10,0.0,138916.18558898312,-32.13666184149368,43904.94153374084,-26.506487,-32.13666184149368,138916.18558898312,-313882.4,10,26040.40411260414,59,1640000,0.3,59,316.8261,nan
0.0,0.5,49982.63873825872,62827.46911510047,62827.46911510051,62827.46911510047,400197220.0,10,0.0,132127.06323630377,-28.284982375348463,49982.63873825872,-27.156801,-28.284982375348463,132127.06323630377,-316879.25,10,62827.46911510051,60,1664000,0.5,60,152.67879,nan
0.0,0.4,56772.08503520947,46240.76397795232,46240.76397795232,46240.76397795232,392516030.0,10,0.0,124179.13657235427,-49.402207162330136,56772.08503520947,-27.972311,-49.402207162330136,124179.13657235427,-315129.0,10,46240.76397795232,61,1688000,0.4,61,192.49788,nan
0.0,0.5,46686.397563897706,54858.85373440896,54858.85373440897,54858.85373440896,404275520.0,10,0.0,116775.83235550472,-39.36874212107045,46686.397563897706,-28.149555,-39.36874212107045,116775.83235550472,-323307.38,10,54858.85373440897,62,1712000,0.5,62,297.13983,nan
0.0,0.3,53843.37596179393,29020.55642795057,29020.556427950552,29020.55642795057,405033950.0,10,0.0,139212.29219550753,-49.87901043574234,53843.37596179393,-27.936493,-49.87901043574234,139212.29219550753,-328808.3,10,29020.556427950552,63,1736000,0.3,63,137.25166,nan
0.0,0.5,55756.34980451568,33345.567684213645,33345.567684213645,33345.567684213645,593834200.0,10,0.0,159856.30371642427,-52.08729517774465,55756.34980451568,-29.038618,-52.08729517774465,159856.30371642427,-211218.88,10,33345.567684213645,64,1760000,0.5,64,858.76825,nan
0.0,0.0,24.84487188020846,-111.53063641032392,-111.53063641032381,-111.53063641032392,533065950.0,10,0.0,-47.92448678106553,-144.06544904163152,24.84487188020846,-29.507856,-144.06544904163152,-47.92448678106553,-276583.38,10,-111.53063641032381,65,1784000,0.0,65,1692.4941,nan
0.0,0.3,59800.11327260072,39021.76708728283,39021.76708728283,39021.76708728283,458171520.0,10,0.0,139063.04717923218,-67.38377807134204,59800.11327260072,-28.053349,-67.38377807134204,139063.04717923218,-305760.25,10,39021.76708728283,66,1808000,0.3,66,2193.868,nan
0.0,0.3,52817.600187589516,34149.49955926776,34149.499559267744,34149.49955926776,504867140.0,10,0.0,127194.05150033219,-62.15377967800937,52817.600187589516,-27.284885,-62.15377967800937,127194.05150033219,-341748.6,10,34149.499559267744,67,1832000,0.3,67,358.33737,nan
0.0,0.0,10.502339316591117,-51.89247581107139,-51.89247581107138,-51.89247581107139,507859940.0,10,0.0,-32.712448796911566,-65.70002430297002,10.502339316591117,-26.498722,-65.70002430297002,-32.712448796911566,-352395.12,10,-51.89247581107138,68,1856000,0.0,68,161.5706,nan
0.0,0.4,59440.422751760765,47576.650004452975,47576.65000445298,47576.650004452975,524898900.0,10,0.0,142647.8719840571,-63.82469706114583,59440.422751760765,-25.875671,-63.82469706114583,142647.8719840571,-366676.47,10,47576.65000445298,69,1880000,0.4,69,142.98276,nan
0.0,0.3,51508.681279995326,28238.90689322792,28238.90689322792,28238.90689322792,484488830.0,10,0.0,145770.865796729,-55.82550945310899,51508.681279995326,-26.060516,-55.82550945310899,145770.865796729,-343281.9,10,28238.90689322792,70,1904000,0.3,70,130.40552,nan
0.0,0.2,48519.04061745514,23047.78353807226,23047.783538072246,23047.78353807226,508649820.0,10,0.0,148584.12255905857,-64.21507733504006,48519.04061745514,-25.77409,-64.21507733504006,148584.12255905857,-363387.3,10,23047.783538072246,71,1928000,0.2,71,99.03905,nan
0.0,0.5,73368.88995228523,58925.321697039086,58925.3216970391,58925.321697039086,508047580.0,10,0.0,168606.8055438739,-59.51205836525298,73368.88995228523,-25.509195,-59.51205836525298,168606.8055438739,-365965.75,10,58925.3216970391,72,1952000,0.5,72,98.66222,nan
0.0,0.6,59818.84486191659,70180.82222756936,70180.82222756934,70180.82222756936,522736100.0,10,0.0,154290.27406073952,-56.56803082155462,59818.84486191659,-25.671331,-56.56803082155462,154290.27406073952,-369308.3,10,70180.82222756934,73,1976000,0.6,73,72.5673,nan
0.0,0.3,61034.39801467196,46396.91665808424,46396.91665808429,46396.91665808424,514394750.0,10,0.0,149016.54311004918,-61.58497063979233,61034.39801467196,-25.480314,-61.58497063979233,149016.54311004918,-366102.8,10,46396.91665808429,74,2000000,0.3,74,41.45681,nan
0.0,0.5,75892.1126966909,74002.98947878208,74002.98947878208,74002.98947878208,519320640.0,10,0.0,183234.74212143093,-61.131862505370705,75892.1126966909,-25.347197,-61.131862505370705,183234.74212143093,-369720.78,10,74002.98947878208,75,2024000,0.5,75,40.455887,nan
0.0,0.3,54997.793002446655,26528.627941971994,26528.627941972023,26528.627941971994,526875800.0,10,0.0,164407.86510324074,-66.84622274888162,54997.793002446655,-25.70367,-66.84622274888162,164407.86510324074,-372300.1,10,26528.627941972023,76,2048000,0.3,76,42.79624,nan
0.0,0.5,54959.329090005354,37716.73306843016,37716.73306843018,37716.73306843016,538454300.0,10,0.0,149349.77181197103,-55.66594205499852,54959.329090005354,-26.067532,-55.66594205499852,149349.77181197103,-373324.53,10,37716.73306843018,77,2072000,0.5,77,54.669422,nan
0.0,0.6,69211.42827952439,78696.70820289178,78696.70820289178,78696.70820289178,2693763000.0,10,0.0,169335.47601279354,-72.8667261666492,69211.42827952439,-26.950296,-72.8667261666492,169335.47601279354,-382890.47,10,78696.70820289178,78,2096000,0.6,78,1034.6887,nan
0.0,0.7,51367.08611677528,75441.01699965645,75441.01699965647,75441.01699965645,601241300.0,10,0.0,142939.53536662328,-66.24013643714939,51367.08611677528,-26.780422,-66.24013643714939,142939.53536662328,-378641.78,10,75441.01699965647,79,2120000,0.7,79,4351.484,nan
0.0,0.6,60470.139184083586,69249.66390812102,69249.66390812097,69249.66390812102,640549250.0,10,0.0,153642.7283427638,-61.10102495288413,60470.139184083586,-26.729239,-61.10102495288413,153642.7283427638,-372083.9,10,69249.66390812097,80,2144000,0.6,80,5987.7163,nan
0.0,0.2,46699.20775926477,22408.57931155581,22408.57931155584,22408.57931155581,589662100.0,10,0.0,140754.12646238806,-62.417485972174696,46699.20775926477,-26.63131,-62.417485972174696,140754.12646238806,-368666.6,10,22408.57931155584,81,2168000,0.2,81,1568.2267,nan
0.0,0.7,61176.31658701192,89638.55195593482,89638.55195593482,89638.55195593482,592884160.0,10,0.0,161738.51422275268,-64.88801764297348,61176.31658701192,-26.45705,-64.88801764297348,161738.51422275268,-369479.4,10,89638.55195593482,82,2192000,0.7,82,566.473,nan
0.0,0.6,62214.61470892746,87014.30922082717,87014.30922082716,87014.30922082717,596846600.0,10,0.0,155780.28539656987,-44.73860715195835,62214.61470892746,-26.333508,-44.73860715195835,155780.28539656987,-367894.22,10,87014.30922082716,83,2216000,0.6,83,154.19502,nan
0.0,0.5,65664.9568763476,54378.77914920966,54378.77914920969,54378.77914920966,607885600.0,10,0.0,172640.57769381098,-63.973451664823685,65664.9568763476,-26.076649,-63.973451664823685,172640.57769381098,-366879.66,10,54378.77914920969,84,2240000,0.5,84,144.45969,nan
0.0,0.7,64292.21702374516,76535.36279670578,76535.36279670581,76535.36279670578,617451700.0,10,0.0,156484.44320222933,-70.6174680339613,64292.21702374516,-25.9193,-70.6174680339613,156484.44320222933,-369976.0,10,76535.36279670581,85,2264000,0.7,85,70.77284,nan
0.0,0.6,57846.38182012075,65970.02750354832,65970.02750354834,65970.02750354832,618807500.0,10,0.0,143936.61607142957,-51.63345438177236,57846.38182012075,-25.985023,-51.63345438177236,143936.61607142957,-368079.78,10,65970.02750354834,86,2288000,0.6,86,56.3286,nan
0.0,0.6,74288.39886288965,74085.313424076,74085.31342407598,74085.313424076,636253400.0,10,0.0,158784.53757727516,-65.71881208566984,74288.39886288965,-26.220594,-65.71881208566984,158784.53757727516,-371501.78,10,74085.31342407598,87,2312000,0.6,87,41.18137,nan
0.0,0.8,67498.01236426254,81448.41459783874,81448.41459783872,81448.41459783874,648969340.0,10,0.0,157659.3129040724,-57.63928399735155,67498.01236426254,-26.314316,-57.63928399735155,157659.3129040724,-370777.6,10,81448.41459783872,88,2336000,0.8,88,51.311516,nan
0.0,0.6,74107.65423570486,88640.68796031587,88640.68796031587,88640.68796031587,665364740.0,10,0.0,182051.87942738662,-59.83246519337969,74107.65423570486,-26.070335,-59.83246519337969,182051.87942738662,-373579.06,10,88640.68796031587,89,2360000,0.6,89,42.622337,nan
0.0,0.5,57532.84487574889,56505.72013155775,56505.72013155775,56505.72013155775,685267000.0,10,0.0,136615.08566100604,-60.9617454850176,57532.84487574889,-26.118135,-60.9617454850176,136615.08566100604,-375148.4,10,56505.72013155775,90,2384000,0.5,90,50.709385,nan
0.0,0.8,48133.10369815076,118034.80337424972,118034.80337424972,118034.80337424972,702790850.0,10,0.0,155156.0094878624,-53.816019269446564,48133.10369815076,-26.541365,-53.816019269446564,155156.0094878624,-380828.8,10,118034.80337424972,91,2408000,0.8,91,37.080204,nan
0.0,0.6,63384.98815321771,71455.16920951453,71455.16920951453,71455.16920951453,707373800.0,10,0.0,162296.39326916164,-64.42814653838533,63384.98815321771,-26.484785,-64.42814653838533,162296.39326916164,-384816.25,10,71455.16920951453,92,2432000,0.6,92,34.70861,nan
0.0,0.7,62063.90089736784,85862.13992318355,85862.13992318357,85862.13992318355,708788030.0,10,0.0,177697.69446941267,-36.78342221768682,62063.90089736784,-26.713472,-36.78342221768682,177697.69446941267,-389386.2,10,85862.13992318357,93,2456000,0.7,93,33.408062,nan
0.0,0.7,63179.62583582851,82456.00856545057,82456.00856545057,82456.00856545057,701342340.0,10,0.0,170529.04501940028,-49.329753718220964,63179.62583582851,-26.933954,-49.329753718220964,170529.04501940028,-392281.03,10,82456.00856545057,94,2480000,0.7,94,33.012882,nan
0.0,0.7,64811.562292767914,78978.79046993775,78978.7904699378,78978.79046993775,695354200.0,10,0.0,160354.20039891478,-66.99485609660294,64811.562292767914,-27.383978,-66.99485609660294,160354.20039891478,-392416.12,10,78978.7904699378,95,2504000,0.7,95,31.650774,nan
0.0,0.5,65241.284983899845,63944.257997883964,63944.257997883964,63944.257997883964,699349100.0,10,0.0,174907.91274105795,-64.35344513983898,65241.284983899845,-27.704567,-64.35344513983898,174907.91274105795,-394583.12,10,63944.257997883964,96,2528000,0.5,96,33.329945,nan
0.0,0.8,59773.50743249449,103878.80566260978,103878.80566260977,103878.80566260978,692193700.0,10,0.0,179947.75388634455,-69.38579691693411,59773.50743249449,-28.133625,-69.38579691693411,179947.75388634455,-396555.78,10,103878.80566260977,97,2552000,0.8,97,34.02999,nan
0.0,0.5,63006.60779194539,72776.4795392261,72776.4795392261,72776.4795392261,705465500.0,10,0.0,166005.98033316116,-48.47164489878118,63006.60779194539,-28.00636,-48.47164489878118,166005.98033316116,-399434.06,10,72776.4795392261,98,2576000,0.5,98,31.007402,nan
0.0,0.6,77245.75133832172,93213.82227220884,93213.82227220878,93213.82227220884,718088300.0,10,0.0,180129.43195053842,-58.26088668316069,77245.75133832172,-28.155977,-58.26088668316069,180129.43195053842,-402335.88,10,93213.82227220878,99,2600000,0.6,99,41.84547,nan
0.0,0.6,73975.5258377579,87068.88534525537,87068.8853452554,87068.88534525537,730716100.0,10,0.0,172522.02473830918,-52.55896003107078,73975.5258377579,-28.53613,-52.55896003107078,172522.02473830918,-404362.8,10,87068.8853452554,100,2624000,0.6,100,46.699875,nan
0.0,0.7,74583.21095350622,107620.63557302656,107620.63557302653,107620.63557302656,759070100.0,10,0.0,194599.62946536925,-52.84590941017071,74583.21095350622,-28.785482,-52.84590941017071,194599.62946536925,-410122.25,10,107620.63557302653,101,2648000,0.7,101,44.370342,nan
0.0,0.4,63179.77135110362,50406.23323203882,50406.23323203881,50406.23323203882,799550340.0,10,0.0,147884.78583920992,-53.679538212936286,63179.77135110362,-29.118462,-53.679538212936286,147884.78583920992,-414261.2,10,50406.23323203881,102,2672000,0.4,102,46.202404,nan
0.0,0.5,78457.42504128137,76586.15486128682,76586.15486128684,76586.15486128682,822825100.0,10,0.0,176681.83389963084,-66.98530641213645,78457.42504128137,-29.51768,-66.98530641213645,176681.83389963084,-419891.66,10,76586.15486128684,103,2696000,0.5,103,49.903698,nan
0.0,0.7,68100.25237264745,79416.63011220952,79416.6301122095,79416.63011220952,840229100.0,10,0.0,164661.204630173,-69.05433717619563,68100.25237264745,-29.883934,-69.05433717619563,164661.204630173,-424388.4,10,79416.6301122095,104,2720000,0.7,104,38.27862,nan
0.0,0.4,71897.14477831063,57963.76291683663,57963.76291683663,57963.76291683663,857962400.0,10,0.0,176671.32387519735,-58.38069051186107,71897.14477831063,-29.974531,-58.38069051186107,176671.32387519735,-428981.5,10,57963.76291683663,105,2744000,0.4,105,33.02179,nan
0.0,0.5,63802.57815747006,62568.08806486115,62568.08806486117,62568.08806486115,867418500.0,10,0.0,145897.10884151538,-59.65751935201016,63802.57815747006,-30.248766,-59.65751935201016,145897.10884151538,-431881.8,10,62568.08806486117,106,2768000,0.5,106,22.645327,nan
0.0,0.4,63544.89320938667,49887.95208192881,49887.95208192881,49887.95208192881,850504640.0,10,0.0,171161.56524760197,-53.07675829251095,63544.89320938667,-30.36888,-53.07675829251095,171161.56524760197,-435176.97,10,49887.95208192881,107,2792000,0.4,107,19.537504,nan
0.0,0.8,56798.120807527564,102322.79467538546,102322.7946753854,102322.79467538546,839359800.0,10,0.0,190358.28951526684,-57.91326875451501,56798.120807527564,-30.55273,-57.91326875451501,190358.28951526684,-440166.47,10,102322.7946753854,108,2816000,0.8,108,20.640131,nan
0.0,0.7,52135.993676356615,76050.28822823109,76050.2882282311,76050.28822823109,826451600.0,10,0.0,138782.26031754364,-58.423375723949725,52135.993676356615,-30.695644,-58.423375723949725,138782.26031754364,-443776.06,10,76050.2882282311,109,2840000,0.7,109,29.695547,nan
0.0,0.4,64318.477279347695,50381.56563354198,50381.56563354198,50381.56563354198,825540860.0,10,0.0,152551.73011083205,-68.53703112884847,64318.477279347695,-30.506145,-68.53703112884847,152551.73011083205,-446447.44,10,50381.56563354198,110,2864000,0.4,110,23.693407,nan
0.0,0.5,63442.409817675776,62714.291741229514,62714.291741229536,62714.291741229514,816545860.0,10,0.0,146950.8083343921,-64.83607228348603,63442.409817675776,-30.089504,-64.83607228348603,146950.8083343921,-447605.7,10,62714.291741229536,111,2888000,0.5,111,27.795273,nan
0.0,0.6,55942.97691006126,65687.22898681255,65687.2289868126,65687.22898681255,798240500.0,10,0.0,147537.52888659414,-56.28849340760836,55942.97691006126,-29.876463,-56.28849340760836,147537.52888659414,-447612.4,10,65687.2289868126,112,2912000,0.6,112,33.022713,nan
0.0,0.5,80241.98884662196,78557.16193683323,78557.16193683322,78557.16193683323,787337300.0,10,0.0,196585.89305881667,-67.41034880584266,80241.98884662196,-29.803331,-67.41034880584266,196585.89305881667,-448515.12,10,78557.16193683322,113,2936000,0.5,113,51.656853,nan
0.0,0.6,59056.518185706605,70345.11897613996,70345.11897613996,70345.11897613996,781908300.0,10,0.0,143323.0603198469,-52.79452802511387,59056.518185706605,-29.813505,-52.79452802511387,143323.0603198469,-448436.25,10,70345.11897613996,114,2960000,0.6,114,30.2825,nan
0.0,0.6,56265.12825808223,76307.13869374341,76307.13869374346,76307.13869374341,785621570.0,10,0.0,146821.38559001783,-56.660741591992455,56265.12825808223,-29.950172,-56.660741591992455,146821.38559001783,-449450.2,10,76307.13869374346,115,2984000,0.6,115,18.218079,nan
0.0,0.4,74274.72696434768,57488.807121579404,57488.807121579404,57488.807121579404,791883460.0,10,0.0,199740.96691297588,-49.830070633420334,74274.72696434768,-30.005438,-49.830070633420334,199740.96691297588,-450694.16,10,57488.807121579404,116,3008000,0.4,116,18.067978,nan
0.0,0.6,73354.53120717732,88240.6063488874,88240.6063488874,88240.6063488874,793925000.0,10,0.0,174938.16630732172,-57.7207482821339,73354.53120717732,-29.955172,-57.7207482821339,174938.16630732172,-451551.47,10,88240.6063488874,117,3032000,0.6,117,15.854327,nan
0.0,0.4,68367.93909139349,57032.01407631979,57032.0140763198,57032.01407631979,788549950.0,10,0.0,175624.60415201524,-71.32895081992481,68367.93909139349,-29.798752,-71.32895081992481,175624.60415201524,-453831.8,10,57032.0140763198,118,3056000,0.4,118,14.231647,nan
0.0,0.5,74361.34599426613,73841.70415383337,73841.70415383333,73841.70415383337,781212860.0,10,0.0,173308.4913242591,-54.49652286746428,74361.34599426613,-29.677406,-54.49652286746428,173308.4913242591,-454539.53,10,73841.70415383333,119,3080000,0.5,119,13.488949,nan
0.0,0.6,64257.486187559516,77245.47301914838,77245.4730191484,77245.47301914838,780715700.0,10,0.0,148749.8236980334,-61.68487360382701,64257.486187559516,-29.756516,-61.68487360382701,148749.8236980334,-456146.16,10,77245.4730191484,120,3104000,0.6,120,12.958374,nan
0.0,0.8,54617.77469656219,97686.94606819673,97686.9460681967,97686.94606819673,775247940.0,10,0.0,167215.16277674714,-64.12559412681321,54617.77469656219,-29.405754,-64.12559412681321,167215.16277674714,-457471.22,10,97686.9460681967,121,3128000,0.8,121,11.947146,nan
0.0,0.7,63408.010669571246,97936.40132927748,97936.40132927745,97936.40132927748,774448640.0,10,0.0,186290.55321930628,-52.418940529691945,63408.010669571246,-29.340633,-52.418940529691945,186290.55321930628,-456990.84,10,97936.40132927745,122,3152000,0.7,122,13.08175,nan
0.0,0.7,70551.98730251493,92971.3209810036,92971.32098100355,92971.3209810036,800115460.0,10,0.0,189973.32004803044,-67.74888830013101,70551.98730251493,-29.600706,-67.74888830013101,189973.32004803044,-459082.75,10,92971.32098100355,123,3176000,0.7,123,12.000905,nan
0.0,0.6,66948.46223815525,78925.45303434573,78925.45303434573,78925.45303434573,804591100.0,10,0.0,178046.23361092855,-67.36005795203116,66948.46223815525,-29.39191,-67.36005795203116,178046.23361092855,-460568.5,10,78925.45303434573,124,3200000,0.6,124,11.478073,nan
0.0,0.5,70060.2013336473,62764.38221763447,62764.38221763447,62764.38221763447,812724100.0,10,0.0,172982.5775672495,-60.646916478217975,70060.2013336473,-29.188204,-60.646916478217975,172982.5775672495,-459791.84,10,62764.38221763447,125,3224000,0.5,125,10.83296,nan
0.0,0.5,79102.42005118847,78031.56624658508,78031.56624658508,78031.56624658508,811267260.0,10,0.0,184071.85814622455,-43.95914694733811,79102.42005118847,-29.083694,-43.95914694733811,184071.85814622455,-459117.22,10,78031.56624658508,126,3248000,0.5,126,11.797789,nan
0.0,0.5,77843.13478708763,77136.90033599667,77136.90033599664,77136.90033599667,808396700.0,10,0.0,179946.43549951664,-65.14318309468634,77843.13478708763,-29.139475,-65.14318309468634,179946.43549951664,-460333.56,10,77136.90033599664,127,3272000,0.5,127,11.804123,nan
0.0,0.3,65732.7752248612,41112.94217601187,41112.94217601187,41112.94217601187,818784800.0,10,0.0,181728.5926840796,-63.932569897299764,65732.7752248612,-29.140915,-63.932569897299764,181728.5926840796,-462107.62,10,41112.94217601187,128,3296000,0.3,128,11.929431,nan
0.0,0.7,66493.71626206208,101661.26670891469,101661.26670891467,101661.26670891469,817370940.0,10,0.0,191099.49760111436,-57.26862813275413,66493.71626206208,-28.921759,-57.26862813275413,191099.49760111436,-461739.25,10,101661.26670891467,129,3320000,0.7,129,12.554168,nan
0.0,0.6,69143.12195041291,82560.02021392884,82560.02021392884,82560.02021392884,824610750.0,10,0.0,156969.75438688096,-58.89380180826399,69143.12195041291,-28.816504,-58.89380180826399,156969.75438688096,-463545.94,10,82560.02021392884,130,3344000,0.6,130,13.298115,nan
0.0,0.8,66942.48439557342,120292.80923575703,120292.80923575703,120292.80923575703,827342900.0,10,0.0,187417.58113495907,-65.06419532012298,66942.48439557342,-28.522781,-65.06419532012298,187417.58113495907,-463488.62,10,120292.80923575703,131,3368000,0.8,131,13.03306,nan
0.0,0.3,65061.66637252738,42465.23143132715,42465.23143132714,42465.23143132715,829186500.0,10,0.0,149273.95980778255,-65.01896760156957,65061.66637252738,-28.625216,-65.01896760156957,149273.95980778255,-463858.9,10,42465.23143132714,132,3392000,0.3,132,11.417761,nan
0.0,0.7,67533.9592283266,101292.95930353775,101292.95930353776,101292.95930353775,829738800.0,10,0.0,159488.57971369548,-64.84778577318082,67533.9592283266,-28.686375,-64.84778577318082,159488.57971369548,-463343.88,10,101292.95930353776,133,3416000,0.7,133,12.644582,nan
0.0,0.6,66873.5878114807,80031.88602540987,80031.88602540985,80031.88602540987,812330400.0,10,0.0,147572.08434761013,-62.16564872137612,66873.5878114807,-28.825382,-62.16564872137612,147572.08434761013,-464423.6,10,80031.88602540985,134,3440000,0.6,134,12.076258,nan
0.0,0.6,69493.82539443143,82954.82125472819,82954.82125472816,82954.82125472819,794626940.0,10,0.0,174223.568245232,-64.44147730839791,69493.82539443143,-28.88421,-64.44147730839791,174223.568245232,-462371.06,10,82954.82125472816,135,3464000,0.6,135,12.371957,nan
0.0,0.3,56389.57319696489,36048.49977528264,36048.499775282646,36048.49977528264,780028500.0,10,0.0,147552.19343441853,-67.04792913916026,56389.57319696489,-28.907759,-67.04792913916026,147552.19343441853,-461470.72,10,36048.499775282646,136,3488000,0.3,136,12.565962,nan
0.0,0.5,80327.10734774126,76571.9144208895,76571.91442088953,76571.9144208895,769390900.0,10,0.0,180131.31784181108,-62.38673322885454,80327.10734774126,-29.105913,-62.38673322885454,180131.31784181108,-460546.88,10,76571.91442088953,137,3512000,0.5,137,11.193884,nan
0.0,0.5,67872.69163285095,59898.00993201253,59898.009932012545,59898.00993201253,782863700.0,10,0.0,184122.50834043606,-67.6132318549254,67872.69163285095,-28.904417,-67.6132318549254,184122.50834043606,-458874.12,10,59898.009932012545,138,3536000,0.5,138,11.279891,nan
0.0,0.5,66224.63529398157,66390.21334779871,66390.21334779872,66390.21334779871,794886850.0,10,0.0,139209.41473546327,-49.103990384148375,66224.63529398157,-28.530434,-49.103990384148375,139209.41473546327,-458260.16,10,66390.21334779872,139,3560000,0.5,139,11.151516,nan
0.0,0.3,44924.60072060966,27696.746283977653,27696.74628397763,27696.746283977653,807152700.0,10,0.0,130919.80707989374,-60.71279761863839,44924.60072060966,-28.456856,-60.71279761863839,130919.80707989374,-457371.78,10,27696.74628397763,140,3584000,0.3,140,10.432459,nan
0.0,0.7,69463.86821820942,97056.28742212048,97056.28742212048,97056.28742212048,820384640.0,10,0.0,177790.99569996193,-65.94537728323301,69463.86821820942,-28.394278,-65.94537728323301,177790.99569996193,-457013.56,10,97056.28742212048,141,3608000,0.7,141,10.784375,nan
0.0,0.7,57579.71800570584,76637.07577336945,76637.0757733694,76637.07577336945,853267000.0,10,0.0,161933.44470442543,-40.798037434218244,57579.71800570584,-28.260397,-40.798037434218244,161933.44470442543,-456681.78,10,76637.0757733694,142,3632000,0.7,142,10.529478,nan
0.0,0.6,50914.61420434073,60356.1997101494,60356.199710149376,60356.1997101494,876532300.0,10,0.0,121522.3202967138,-53.49874980999689,50914.61420434073,-28.264067,-53.49874980999689,121522.3202967138,-456409.22,10,60356.199710149376,143,3656000,0.6,143,10.211426,nan
0.0,0.5,70619.85011156404,70180.74557248378,70180.7455724838,70180.74557248378,889172540.0,10,0.0,171348.98049578705,-67.04829788721875,70619.85011156404,-28.042843,-67.04829788721875,171348.98049578705,-457187.84,10,70180.7455724838,144,3680000,0.5,144,10.235138,nan
0.0,0.8,69080.44008244835,126333.428033515,126333.42803351497,126333.428033515,905518100.0,10,0.0,200234.71213859672,-55.4432554011885,69080.44008244835,-27.83028,-55.4432554011885,200234.71213859672,-456786.12,10,126333.42803351497,145,3704000,0.8,145,10.61404,nan
0.0,0.8,59998.7635819437,109913.21719849618,109913.21719849622,109913.21719849618,890249540.0,10,0.0,185874.03258174515,-50.47921878352893,59998.7635819437,-27.79696,-50.47921878352893,185874.03258174515,-456520.12,10,109913.21719849622,146,3728000,0.8,146,10.940555,nan
0.0,0.6,69169.9659412534,85984.99422203648,85984.99422203649,85984.99422203648,880829100.0,10,0.0,194633.5676956416,-63.03411180725245,69169.9659412534,-27.873306,-63.03411180725245,194633.5676956416,-454291.6,10,85984.99422203649,147,3752000,0.6,147,11.806553,nan
0.0,0.7,64747.99441425857,97319.16988476165,97319.16988476159,97319.16988476165,867914900.0,10,0.0,161925.0687300869,-65.13092654952317,64747.99441425857,-28.008984,-65.13092654952317,161925.0687300869,-453641.6,10,97319.16988476159,148,3776000,0.7,148,11.642252,nan
0.0,0.4,88064.19743602662,71384.23096117824,71384.23096117825,71384.23096117824,852369000.0,10,0.0,209855.44829032305,-65.08058558434244,88064.19743602662,-27.903141,-65.08058558434244,209855.44829032305,-452080.28,10,71384.23096117825,149,3800000,0.4,149,12.177289,nan
0.0,0.7,72927.67073929762,110113.73877160414,110113.73877160411,110113.73877160414,838821600.0,10,0.0,172785.61753591476,-66.15989804400866,72927.67073929762,-27.918022,-66.15989804400866,172785.61753591476,-450868.75,10,110113.73877160411,150,3824000,0.7,150,10.890799,nan
0.0,0.6,77188.23652869728,75616.19696040827,75616.1969604083,75616.19696040827,830457900.0,10,0.0,187458.24506749876,-62.651546859344954,77188.23652869728,-27.898283,-62.651546859344954,187458.24506749876,-448794.62,10,75616.1969604083,151,3848000,0.6,151,14.037247,nan
0.0,0.6,82716.72130507937,95798.36104509374,95798.36104509376,95798.36104509374,846655100.0,10,0.0,196586.39952186693,-63.68727786149349,82716.72130507937,-28.037766,-63.68727786149349,196586.39952186693,-450415.66,10,95798.36104509376,152,3872000,0.6,152,13.992844,nan
0.0,0.6,73370.79200267346,87095.2960489473,87095.2960489473,87095.2960489473,858320450.0,10,0.0,176086.57674171467,-57.940113748731726,73370.79200267346,-27.999893,-57.940113748731726,176086.57674171467,-449019.28,10,87095.2960489473,153,3896000,0.6,153,10.336742,nan
0.0,0.7,70227.66099490532,99883.97786213426,99883.97786213426,99883.97786213426,870325800.0,10,0.0,191730.18642124266,-61.95718577435958,70227.66099490532,-28.06793,-61.95718577435958,191730.18642124266,-450606.9,10,99883.97786213426,154,3920000,0.7,154,9.975463,nan
0.0,0.6,83780.0377291757,102209.34292822327,102209.34292822322,102209.34292822327,868671700.0,10,0.0,221446.82310351575,-65.78290385874088,83780.0377291757,-28.086735,-65.78290385874088,221446.82310351575,-450284.22,10,102209.34292822322,155,3944000,0.6,155,9.45828,nan
0.0,0.7,80589.71678970312,116212.93897498181,116212.93897498182,116212.93897498181,868770560.0,10,0.0,200050.91120059093,-69.4168297804002,80589.71678970312,-28.18956,-69.4168297804002,200050.91120059093,-451997.06,10,116212.93897498182,156,3968000,0.7,156,9.674562,nan
0.0,0.6,82969.46353570126,96298.14514131492,96298.14514131492,96298.14514131492,868377150.0,10,0.0,205157.4964672777,-52.963145875919366,82969.46353570126,-28.058254,-52.963145875919366,205157.4964672777,-453381.88,10,96298.14514131492,157,3992000,0.6,157,10.356382,nan
0.0,0.7,74400.64664926536,104152.37637169487,104152.37637169489,104152.37637169487,881210050.0,10,0.0,179857.90461919556,-61.91002647447269,74400.64664926536,-28.05844,-61.91002647447269,179857.90461919556,-455252.8,10,104152.37637169489,158,4016000,0.7,158,10.200398,nan
0.0,0.7,69168.51147386503,104720.21002192871,104720.21002192871,104720.21002192871,880503000.0,10,0.0,173431.34668484764,-62.37227146147972,69168.51147386503,-28.107191,-62.37227146147972,173431.34668484764,-457149.06,10,104720.21002192871,159,4040000,0.7,159,9.591859,nan
0.0,0.5,73132.72823748885,68058.66414166012,68058.66414166012,68058.66414166012,885593150.0,10,0.0,189419.66672185445,-57.15297817653303,73132.72823748885,-28.144009,-57.15297817653303,189419.66672185445,-458337.47,10,68058.66414166012,160,4064000,0.5,160,9.88625,nan
0.0,0.7,59415.401309535926,88112.6871725249,88112.6871725249,88112.6871725249,898394700.0,10,0.0,148175.2107066564,-62.5543684577533,59415.401309535926,-28.171055,-62.5543684577533,148175.2107066564,-457048.62,10,88112.6871725249,161,4088000,0.7,161,10.078239,nan
0.0,0.6,78695.54962225902,96078.69496616238,96078.69496616238,96078.69496616238,898150200.0,10,0.0,182911.2355294555,-60.65532200941348,78695.54962225902,-28.53649,-60.65532200941348,182911.2355294555,-459008.38,10,96078.69496616238,162,4112000,0.6,162,12.153689,nan
0.0,0.7,66721.99055297863,100526.77974672415,100526.77974672415,100526.77974672415,909340000.0,10,0.0,159399.2963788613,-62.93848370671877,66721.99055297863,-28.514769,-62.93848370671877,159399.2963788613,-460002.28,10,100526.77974672415,163,4136000,0.7,163,11.868112,nan
0.0,0.4,62335.70111366188,51405.956498176034,51405.956498176034,51405.956498176034,912872200.0,10,0.0,139679.41828010694,-58.32428802543735,62335.70111366188,-28.692816,-58.32428802543735,139679.41828010694,-461646.34,10,51405.956498176034,164,4160000,0.4,164,10.35048,nan
0.0,0.6,73493.9622192973,83008.97286970985,83008.97286970983,83008.97286970985,921326200.0,10,0.0,199650.27793431666,-63.533045222692,73493.9622192973,-28.692682,-63.533045222692,199650.27793431666,-460950.4,10,83008.97286970983,165,4184000,0.6,165,11.028048,nan
0.0,0.4,69217.05845627596,55897.10732170639,55897.10732170639,55897.10732170639,925963900.0,10,0.0,153572.98804643174,-66.41660889703593,69217.05845627596,-28.76203,-66.41660889703593,153572.98804643174,-462740.88,10,55897.10732170639,166,4208000,0.4,166,12.71346,nan
0.0,0.6,73321.77728576017,87437.8357217723,87437.8357217723,87437.8357217723,938463400.0,10,0.0,175844.87269538903,-67.30492203627642,73321.77728576017,-28.715609,-67.30492203627642,175844.87269538903,-463835.06,10,87437.8357217723,167,4232000,0.6,167,11.304282,nan
0.0,0.6,69514.23159246748,83793.19192093087,83793.1919209309,83793.19192093087,932736900.0,10,0.0,160393.78873613264,-54.9638867718404,69514.23159246748,-28.687668,-54.9638867718404,160393.78873613264,-463987.12,10,83793.1919209309,168,4256000,0.6,168,11.054113,nan
0.0,0.7,80357.40801678099,123568.71438753042,123568.71438753034,123568.71438753042,951602370.0,10,0.0,202172.47388674915,-44.88801928136444,80357.40801678099,-28.851954,-44.88801928136444,202172.47388674915,-465575.6,10,123568.71438753034,169,4280000,0.7,169,10.725361,nan
0.0,0.5,68198.70037248963,66573.81246555297,66573.81246555295,66573.81246555297,955146700.0,10,0.0,153779.77771921232,-55.95366719279498,68198.70037248963,-28.75984,-55.95366719279498,153779.77771921232,-465507.8,10,66573.81246555295,170,4304000,0.5,170,9.671901,nan
0.0,0.8,63302.109269258406,117570.20046392274,117570.20046392274,117570.20046392274,954086200.0,10,0.0,186314.28606144854,-35.73023003874874,63302.109269258406,-28.657812,-35.73023003874874,186314.28606144854,-466344.53,10,117570.20046392274,171,4328000,0.8,171,10.199697,nan
0.0,0.9,52498.331019421654,146233.34473152342,146233.3447315234,146233.34473152342,960925760.0,10,0.0,199561.44124208787,-66.12982153647425,52498.331019421654,-28.796614,-66.12982153647425,199561.44124208787,-467994.94,10,146233.3447315234,172,4352000,0.9,172,9.337277,nan
0.0,0.7,61100.90467932059,90183.2954937859,90183.29549378592,90183.2954937859,956584450.0,10,0.0,157207.92077623057,-60.35106264823358,61100.90467932059,-28.923395,-60.35106264823358,157207.92077623057,-469071.7,10,90183.29549378592,173,4376000,0.7,173,9.627734,nan
0.0,0.6,77159.29842901976,92386.94685685523,92386.94685685523,92386.94685685523,962870660.0,10,0.0,193592.66901218472,-66.46980892368198,77159.29842901976,-28.978903,-66.46980892368198,193592.66901218472,-470180.0,10,92386.94685685523,174,4400000,0.6,174,10.122767,nan
0.0,0.7,76902.89452677482,113523.0235631951,113523.0235631951,113523.0235631951,964345500.0,10,0.0,197272.17570305636,-63.51117810090888,76902.89452677482,-29.03912,-63.51117810090888,197272.17570305636,-471190.56,10,113523.0235631951,175,4424000,0.7,175,12.490726,nan
0.0,0.5,77887.71064672852,76300.61120160691,76300.6112016069,76300.61120160691,971074050.0,10,0.0,191595.97742936804,-63.72474771147295,77887.71064672852,-29.188566,-63.72474771147295,191595.97742936804,-471732.22,10,76300.6112016069,176,4448000,0.5,176,12.868082,nan
0.0,0.4,74445.96143517272,58889.52776926141,58889.5277692614,58889.52776926141,973669800.0,10,0.0,175965.15812486087,-66.1650157364118,74445.96143517272,-29.088089,-66.1650157364118,175965.15812486087,-472298.25,10,58889.5277692614,177,4472000,0.4,177,11.062403,nan
0.0,0.9,53586.91408849539,149106.61123647378,149106.61123647372,149106.61123647378,980605900.0,10,0.0,196456.77269245253,-65.6497456970661,53586.91408849539,-29.12827,-65.6497456970661,196456.77269245253,-473142.88,10,149106.61123647372,178,4496000,0.9,178,11.370932,nan
0.0,1.0,12065.01606979003,165907.38666424324,165907.38666424327,165907.38666424324,976897600.0,10,0.0,184472.0190267565,145405.61388395078,12065.01606979003,-29.450743,145405.61388395078,184472.0190267565,-474591.6,10,165907.38666424327,179,4520000,1.0,179,9.598332,nan
0.0,0.7,64152.80016073979,90714.23349248714,90714.23349248714,90714.23349248714,979213060.0,10,0.0,175918.4495849742,-56.527151576013495,64152.80016073979,-29.582752,-56.527151576013495,175918.4495849742,-475667.8,10,90714.23349248714,180,4544000,0.7,180,10.213241,nan
0.0,0.7,77341.18494031417,115244.56454719408,115244.56454719408,115244.56454719408,974386200.0,10,0.0,192560.02605652722,-59.76788348773329,77341.18494031417,-29.564405,-59.76788348773329,192560.02605652722,-476962.12,10,115244.56454719408,181,4568000,0.7,181,9.13445,nan
0.0,0.8,66203.45637621406,123167.01062161165,123167.01062161168,123167.01062161165,983056260.0,10,0.0,179724.85498531564,-52.89531323624876,66203.45637621406,-29.628578,-52.89531323624876,179724.85498531564,-478380.2,10,123167.01062161168,182,4592000,0.8,182,9.037968,nan
0.0,0.6,72115.94847675381,87168.46501303183,87168.46501303182,87168.46501303183,975174500.0,10,0.0,162886.96823948374,-55.346723696053175,72115.94847675381,-29.48182,-55.346723696053175,162886.96823948374,-479561.66,10,87168.46501303182,183,4616000,0.6,183,15.42719,nan
0.0,0.7,67992.74350332798,101899.98865377376,101899.98865377379,101899.98865377376,978801900.0,10,0.0,166586.7945814984,-63.624163860870915,67992.74350332798,-29.627121,-63.624163860870915,166586.7945814984,-479954.5,10,101899.98865377379,184,4640000,0.7,184,14.114627,nan
0.0,0.6,83879.58888370046,101292.23239015008,101292.23239015006,101292.23239015008,971950340.0,10,0.0,192504.52153237554,-63.27479804384495,83879.58888370046,-29.487413,-63.27479804384495,192504.52153237554,-481251.8,10,101292.23239015006,185,4664000,0.6,185,11.108317,nan
0.0,0.7,73357.69829784684,110770.66572043914,110770.66572043917,110770.66572043914,982959940.0,10,0.0,186321.10234721433,-64.68755397597133,73357.69829784684,-29.632816,-64.68755397597133,186321.10234721433,-483034.8,10,110770.66572043917,186,4688000,0.7,186,10.551166,nan
0.0,0.7,67620.67921348482,99932.51733955427,99932.51733955427,99932.51733955427,992344000.0,10,0.0,186247.34414064966,-62.785705891801584,67620.67921348482,-29.641438,-62.785705891801584,186247.34414064966,-484714.56,10,99932.51733955427,187,4712000,0.7,187,11.58691,nan
0.0,0.8,60629.74853643586,117548.25237138255,117548.25237138252,117548.25237138255,987581600.0,10,0.0,188750.79744850693,-66.70306111163967,60629.74853643586,-29.749859,-66.70306111163967,188750.79744850693,-485795.16,10,117548.25237138252,188,4736000,0.8,188,10.823142,nan
0.0,0.9,46293.14725596019,131496.70051050358,131496.70051050355,131496.70051050358,1006267300.0,10,0.0,172475.46701651052,-63.28502429387182,46293.14725596019,-29.773348,-63.28502429387182,172475.46701651052,-487207.03,10,131496.70051050355,189,4760000,0.9,189,12.610215,nan
0.0,0.6,67013.32175236108,93607.32621963257,93607.32621963262,93607.32621963257,1006198100.0,10,0.0,155629.54839307332,-51.826327338084184,67013.32175236108,-29.963213,-51.826327338084184,155629.54839307332,-489721.88,10,93607.32621963262,190,4784000,0.6,190,11.293037,nan
0.0,0.5,86275.70749539812,85916.21566063227,85916.2156606323,85916.21566063227,1004984060.0,10,0.0,186976.49047208033,-60.202508742948794,86275.70749539812,-29.937925,-60.202508742948794,186976.49047208033,-491564.22,10,85916.2156606323,191,4808000,0.5,191,12.005227,nan
0.0,0.8,71719.44278278678,135455.941376016,135455.94137601598,135455.941376016,1006667970.0,10,0.0,225270.0566825193,-63.45420652452933,71719.44278278678,-29.936201,-63.45420652452933,225270.0566825193,-491637.94,10,135455.94137601598,192,4832000,0.8,192,15.784182,nan
0.0,0.6,75701.09328297802,86005.44556239514,86005.44556239518,86005.44556239514,1034038000.0,10,0.0,219298.7949131209,-54.687726397537205,75701.09328297802,-30.139051,-54.687726397537205,219298.7949131209,-494829.5,10,86005.44556239518,193,4856000,0.6,193,15.632618,nan
0.0,0.7,82911.21164002002,122771.27676225171,122771.27676225171,122771.27676225171,1028384200.0,10,0.0,224600.19961278272,-55.61516641189544,82911.21164002002,-30.28613,-55.61516641189544,224600.19961278272,-495437.06,10,122771.27676225171,194,4880000,0.7,194,13.393531,nan
0.0,0.8,67693.37038298916,132361.72866262853,132361.7286626285,132361.72866262853,1042037500.0,10,0.0,187403.43475046073,-51.004581350003264,67693.37038298916,-30.337782,-51.004581350003264,187403.43475046073,-497677.88,10,132361.7286626285,195,4904000,0.8,195,13.1756735,nan
0.0,1.0,18171.415869848508,160496.75178927998,160496.75178927998,160496.75178927998,1036989600.0,10,0.0,197835.07223002196,134956.96096591034,18171.415869848508,-30.440165,134956.96096591034,197835.07223002196,-500064.0,10,160496.75178927998,196,4928000,1.0,196,12.307921,nan
0.0,0.7,75974.88274849956,111258.55046801505,111258.55046801502,111258.55046801505,1044967600.0,10,0.0,190605.49260103828,-48.85454586035637,75974.88274849956,-30.587286,-48.85454586035637,190605.49260103828,-501657.2,10,111258.55046801502,197,4952000,0.7,197,12.846109,nan
0.0,0.8,70337.05191691642,116366.5749485858,116366.57494858587,116366.5749485858,1044771650.0,10,0.0,193468.04051474293,-39.400373486904364,70337.05191691642,-30.45154,-39.400373486904364,193468.04051474293,-504607.62,10,116366.57494858587,198,4976000,0.8,198,11.801178,nan
0.0,0.6,79894.59067845423,96657.1806419935,96657.18064199344,96657.1806419935,1048844900.0,10,0.0,193432.33801361066,-59.28158600307343,79894.59067845423,-30.424969,-59.28158600307343,193432.33801361066,-506256.47,10,96657.18064199344,199,5000000,0.6,199,9.437141,nan
