MetaTest/button-press-v1/SuccessRate,MetaTest/button-press-v1/AverageDiscountedReturn,MetaTest/button-press-v1/MinReturn,MetaTest/button-press-v1/TerminationRate,MetaTest/Average/NumTrajs,MetaTest/Average/AverageReturn,MetaTest/button-press-v1/Iteration,MetaTest/Average/StdReturn,MetaTest/Average/MinReturn,MetaTest/button-press-v1/MaxReturn,MetaTest/Average/MaxReturn,MetaTest/Average/SuccessRate,TotalEnvSteps,MetaTest/button-press-v1/NumTrajs,MetaTest/Average/Iteration,MetaTest/Average/TerminationRate,MetaTest/button-press-v1/StdReturn,MetaTest/button-press-v1/AverageReturn,MetaTest/Average/AverageDiscountedReturn
0.2,34465.155649584995,-106.55619845022666,0.0,10,34465.155649585,0,81947.95486284954,-106.55619845022666,273506.07370443316,273506.07370443316,0.2,224000,10,0,0.0,81947.95486284954,34465.155649585,34465.155649584995
0.0,727.7819949613688,-63.01692735266241,0.0,10,727.7819949613688,1,1661.7070857593558,-63.01692735266241,5151.543275552355,5151.543275552355,0.0,248000,10,1,0.0,1661.7070857593558,727.7819949613688,727.7819949613688
0.2,28657.03950117727,-57.42406227781976,0.0,10,28657.03950117727,2,57336.795839472965,-57.42406227781976,184912.78973075122,184912.78973075122,0.2,272000,10,2,0.0,57336.795839472965,28657.03950117727,28657.03950117727
0.3,81430.65495061813,-50.519615175571836,0.0,10,81430.65495061819,3,126799.3837259217,-50.519615175571836,371027.2604586049,371027.2604586049,0.3,296000,10,3,0.0,126799.3837259217,81430.65495061819,81430.65495061813
0.1,32140.429988841155,-103.83038197163431,0.0,10,32140.429988841166,4,62484.26203994116,-103.83038197163431,166905.1812624321,166905.1812624321,0.1,320000,10,4,0.0,62484.26203994116,32140.429988841166,32140.429988841155
0.2,26786.75113915875,-109.97228138167365,0.0,10,26786.751139158754,5,53556.98667936884,-109.97228138167365,170160.37765076454,170160.37765076454,0.2,344000,10,5,0.0,53556.98667936884,26786.751139158754,26786.75113915875
0.4,110350.23982988988,-101.9406418417377,0.0,10,110350.23982988992,6,164313.4047569609,-101.9406418417377,369623.96302787785,369623.96302787785,0.4,368000,10,6,0.0,164313.4047569609,110350.23982988992,110350.23982988988
0.2,37879.027902485235,-102.79807540276292,0.0,10,37879.02790248526,7,109843.27792473687,-102.79807540276292,367384.0164725684,367384.0164725684,0.2,392000,10,7,0.0,109843.27792473687,37879.02790248526,37879.027902485235
0.2,16388.709216510477,-106.52091025040446,0.0,10,16388.709216510484,8,30461.86859113963,-106.52091025040446,94711.3969095961,94711.3969095961,0.2,416000,10,8,0.0,30461.86859113963,16388.709216510484,16388.709216510477
0.0,3469.5697283664754,-108.24144931380408,0.0,10,3469.5697283664767,9,3135.167985642949,-108.24144931380408,8877.032813547781,8877.032813547781,0.0,440000,10,9,0.0,3135.167985642949,3469.5697283664767,3469.5697283664754
0.2,39235.570621529165,-104.01299750534857,0.0,10,39235.57062152917,10,85063.92469195511,-104.01299750534857,276442.8603293942,276442.8603293942,0.2,464000,10,10,0.0,85063.92469195511,39235.57062152917,39235.570621529165
0.2,45834.69543799146,-109.16476171039903,0.0,10,45834.69543799145,11,100502.202941536,-109.16476171039903,326630.86842524493,326630.86842524493,0.2,488000,10,11,0.0,100502.202941536,45834.69543799145,45834.69543799146
0.3,35793.88114710139,-109.81755109942858,0.0,10,35793.88114710139,12,79770.11679666785,-109.81755109942858,269463.2047132183,269463.2047132183,0.3,512000,10,12,0.0,79770.11679666785,35793.88114710139,35793.88114710139
0.1,36536.48208668159,-108.20018554287212,0.0,10,36536.48208668161,13,109909.1424855805,-108.20018554287212,366263.908784189,366263.908784189,0.1,536000,10,13,0.0,109909.1424855805,36536.48208668161,36536.48208668159
0.1,34756.92723442063,-107.36838233316595,0.0,10,34756.92723442063,14,102844.79944035628,-107.36838233316595,343256.15277212934,343256.15277212934,0.1,560000,10,14,0.0,102844.79944035628,34756.92723442063,34756.92723442063
0.0,1580.3107006781277,-110.41994209779743,0.0,10,1580.3107006781254,15,2138.72584498963,-110.41994209779743,5235.481907012803,5235.481907012803,0.0,584000,10,15,0.0,2138.72584498963,1580.3107006781254,1580.3107006781277
0.2,47526.178702430996,-106.54344422807004,0.0,10,47526.17870243099,16,111574.1114794297,-106.54344422807004,372488.31055619766,372488.31055619766,0.2,608000,10,16,0.0,111574.1114794297,47526.17870243099,47526.178702430996
0.2,48207.24222735589,-107.5847843883549,0.0,10,48207.24222735589,17,97063.70669088616,-107.5847843883549,289715.2928579092,289715.2928579092,0.2,632000,10,17,0.0,97063.70669088616,48207.24222735589,48207.24222735589
0.4,44260.285977494605,-109.01058401981129,0.0,10,44260.28597749457,18,98430.48884925313,-109.01058401981129,323148.95596366056,323148.95596366056,0.4,656000,10,18,0.0,98430.48884925313,44260.28597749457,44260.285977494605
0.3,59385.57569791216,-108.7408039158315,0.0,10,59385.57569791216,19,106950.98130405412,-108.7408039158315,335601.35409835825,335601.35409835825,0.3,680000,10,19,0.0,106950.98130405412,59385.57569791216,59385.57569791216
0.1,7303.0369703545175,-108.68297811711695,0.0,10,7303.036970354522,20,18471.69576902865,-108.68297811711695,62527.07904816176,62527.07904816176,0.1,704000,10,20,0.0,18471.69576902865,7303.036970354522,7303.0369703545175
0.1,10153.084421425725,-107.55195470218841,0.0,10,10153.084421425698,21,25210.283220236237,-107.55195470218841,85472.13075022107,85472.13075022107,0.1,728000,10,21,0.0,25210.283220236237,10153.084421425698,10153.084421425725
0.3,27434.71343069435,-104.85161394978795,0.0,10,27434.713430694363,22,75766.49800851957,-104.85161394978795,254628.02164324463,254628.02164324463,0.3,752000,10,22,0.0,75766.49800851957,27434.713430694363,27434.71343069435
0.2,36567.296151639675,-103.79386788191808,0.0,10,36567.296151639704,23,106406.63548429421,-103.79386788191808,355744.49269305187,355744.49269305187,0.2,776000,10,23,0.0,106406.63548429421,36567.296151639704,36567.296151639675
0.0,17757.511213091304,-105.31415056456697,0.0,10,17757.511213091286,24,48306.3626740131,-105.31415056456697,162503.7548828048,162503.7548828048,0.0,800000,10,24,0.0,48306.3626740131,17757.511213091286,17757.511213091304
0.0,1040.4556504977274,-109.26192903542305,0.0,10,1040.4556504977334,25,1930.9767223537067,-109.26192903542305,5234.6618410406145,5234.6618410406145,0.0,824000,10,25,0.0,1930.9767223537067,1040.4556504977334,1040.4556504977274
0.1,9631.90032052527,-107.61743924676105,0.0,10,9631.900320525268,26,28002.077270512502,-107.61743924676105,93581.34697450085,93581.34697450085,0.1,848000,10,26,0.0,28002.077270512502,9631.900320525268,9631.90032052527
0.1,1816.6542296733382,-105.69879610702522,0.0,10,1816.6542296733373,27,2161.292358765991,-105.69879610702522,5138.712586155244,5138.712586155244,0.1,872000,10,27,0.0,2161.292358765991,1816.6542296733373,1816.6542296733382
0.1,20636.730707361137,-107.78930738492048,0.0,10,20636.73070736114,28,56429.06332839328,-107.78930738492048,189798.34459827878,189798.34459827878,0.1,896000,10,28,0.0,56429.06332839328,20636.73070736114,20636.730707361137
0.2,38924.08040633386,-102.89450836148315,0.0,10,38924.08040633383,29,107593.42238898134,-102.89450836148315,361639.31314456713,361639.31314456713,0.2,920000,10,29,0.0,107593.42238898134,38924.08040633383,38924.08040633386
0.0,2279.670214477064,-104.00455796943903,0.0,10,2279.670214477061,30,2402.2898238716907,-104.00455796943903,7198.470030816485,7198.470030816485,0.0,944000,10,30,0.0,2402.2898238716907,2279.670214477061,2279.670214477064
0.0,780.8567645869991,-102.7450501808469,0.0,10,780.8567645869981,31,1343.1950483991743,-102.7450501808469,3387.908705291646,3387.908705291646,0.0,968000,10,31,0.0,1343.1950483991743,780.8567645869981,780.8567645869991
0.1,37961.189510746306,-106.49880219938954,0.0,10,37961.189510746335,32,92755.54067490883,-106.49880219938954,313322.7155017764,313322.7155017764,0.1,992000,10,32,0.0,92755.54067490883,37961.189510746335,37961.189510746306
0.3,64372.58682550148,-101.47283238650937,0.0,10,64372.586825501465,33,119107.53067189472,-101.47283238650937,370403.8447272362,370403.8447272362,0.3,1016000,10,33,0.0,119107.53067189472,64372.586825501465,64372.58682550148
0.0,2157.0812161153017,-107.16320359980854,0.0,10,2157.081216115306,34,2063.775971654264,-107.16320359980854,5121.224277060222,5121.224277060222,0.0,1040000,10,34,0.0,2063.775971654264,2157.081216115306,2157.0812161153017
0.1,25311.05444394663,-107.01423879406855,0.0,10,25311.05444394662,35,70390.95592489323,-107.01423879406855,236378.47716523492,236378.47716523492,0.1,1064000,10,35,0.0,70390.95592489323,25311.05444394662,25311.05444394663
0.0,1571.7902107202322,-103.17956760991395,0.0,10,1571.7902107202337,36,2114.1401295288415,-103.17956760991395,5130.893461734712,5130.893461734712,0.0,1088000,10,36,0.0,2114.1401295288415,1571.7902107202337,1571.7902107202322
0.0,247.76907670227948,-107.590889862152,0.0,10,247.76907670227996,37,1039.7046157124491,-107.590889862152,3366.828716447785,3366.828716447785,0.0,1112000,10,37,0.0,1039.7046157124491,247.76907670227996,247.76907670227948
0.2,8274.57254376345,-107.99356606569827,0.0,10,8274.572543763454,38,17101.852215150742,-107.99356606569827,58401.50433511,58401.50433511,0.2,1136000,10,38,0.0,17101.852215150742,8274.572543763454,8274.57254376345
0.0,2006.680872759678,-104.15146435498228,0.0,10,2006.6808727596774,39,3055.20392789007,-104.15146435498228,7390.51130404468,7390.51130404468,0.0,1160000,10,39,0.0,3055.20392789007,2006.6808727596774,2006.680872759678
0.1,3118.8022380922444,-109.85737720044196,0.0,10,3118.8022380922393,40,2609.9602745357397,-109.85737720044196,7586.28508320579,7586.28508320579,0.1,1184000,10,40,0.0,2609.9602745357397,3118.8022380922393,3118.8022380922444
0.5,107743.72918688526,-104.48815164621132,0.0,10,107743.72918688526,41,133890.11856628305,-104.48815164621132,364405.5002623983,364405.5002623983,0.5,1208000,10,41,0.0,133890.11856628305,107743.72918688526,107743.72918688526
0.1,1555.6125015961015,-107.09067288401413,0.0,10,1555.6125015961004,42,2907.305150181479,-107.09067288401413,7343.863267672035,7343.863267672035,0.1,1232000,10,42,0.0,2907.305150181479,1555.6125015961004,1555.6125015961015
0.1,8983.337569280415,-107.47370121184468,0.0,10,8983.337569280417,43,24918.70719654641,-107.47370121184468,83652.77641457258,83652.77641457258,0.1,1256000,10,43,0.0,24918.70719654641,8983.337569280417,8983.337569280415
0.1,33746.89531442303,-108.01944471348,0.0,10,33746.895314423025,44,96201.43188730747,-108.01944471348,322267.4202715659,322267.4202715659,0.1,1280000,10,44,0.0,96201.43188730747,33746.895314423025,33746.89531442303
0.1,44008.04003021804,-106.51928159590987,0.0,10,44008.04003021802,45,99045.06408029914,-106.51928159590987,324068.7357206159,324068.7357206159,0.1,1304000,10,45,0.0,99045.06408029914,44008.04003021802,44008.04003021804
0.1,11344.157039711607,-106.91498727293661,0.0,10,11344.157039711597,46,33190.42932668114,-106.91498727293661,110867.24849722814,110867.24849722814,0.1,1328000,10,46,0.0,33190.42932668114,11344.157039711597,11344.157039711607
0.0,-98.73542896077379,-103.6025149915984,0.0,10,-98.73542896077365,47,3.7286490743832297,-103.6025149915984,-90.6963074166092,-90.6963074166092,0.0,1352000,10,47,0.0,3.7286490743832297,-98.73542896077365,-98.73542896077379
0.0,1565.0443267118285,-109.08937447434292,0.0,10,1565.0443267118287,48,2133.268933676283,-109.08937447434292,5231.740960613637,5231.740960613637,0.0,1376000,10,48,0.0,2133.268933676283,1565.0443267118287,1565.0443267118285
0.0,1156.0011989790582,-102.84928763780204,0.0,10,1156.0011989790592,49,2051.700536339961,-102.84928763780204,6118.828671590441,6118.828671590441,0.0,1400000,10,49,0.0,2051.700536339961,1156.0011989790592,1156.0011989790582
0.1,7633.753729292332,-106.28605237725658,0.0,10,7633.753729292313,50,16804.994032159306,-106.28605237725658,57521.11623890436,57521.11623890436,0.1,1424000,10,50,0.0,16804.994032159306,7633.753729292313,7633.753729292332
0.1,2052.855025940259,-106.82563936952376,0.0,10,2052.8550259402577,51,2532.1122683215326,-106.82563936952376,7432.759266409144,7432.759266409144,0.1,1448000,10,51,0.0,2532.1122683215326,2052.8550259402577,2052.855025940259
0.5,240103.28896938887,115349.58512270756,0.0,10,240103.28896938893,52,83606.27433233788,115349.58512270756,352563.41441564675,352563.41441564675,0.5,1472000,10,52,0.0,83606.27433233788,240103.28896938893,240103.28896938887
0.8,265960.96028303483,18064.627716464733,0.0,10,265960.96028303483,53,112317.89750988579,18064.627716464733,365373.40758320276,365373.40758320276,0.8,1496000,10,53,0.0,112317.89750988579,265960.96028303483,265960.96028303483
0.8,261917.2677427256,-16.72369270941433,0.0,10,261917.26774272564,54,112273.71145007387,-16.72369270941433,364559.616362399,364559.616362399,0.8,1520000,10,54,0.0,112273.71145007387,261917.26774272564,261917.2677427256
0.7,271357.32179315574,85319.97787896171,0.0,10,271357.3217931557,55,75201.52836094116,85319.97787896171,354623.68996346893,354623.68996346893,0.7,1544000,10,55,0.0,75201.52836094116,271357.3217931557,271357.32179315574
0.8,278839.14849402395,14253.534003346827,0.0,10,278839.14849402406,56,101779.18765944087,14253.534003346827,352820.62946909346,352820.62946909346,0.8,1568000,10,56,0.0,101779.18765944087,278839.14849402406,278839.14849402395
0.9,276396.45739974687,3441.0648815148757,0.0,10,276396.45739974687,57,110760.18168894887,3441.0648815148757,363471.43300048634,363471.43300048634,0.9,1592000,10,57,0.0,110760.18168894887,276396.45739974687,276396.45739974687
0.7,229883.7475773843,60713.24449069554,0.0,10,229883.7475773843,58,95272.94111761743,60713.24449069554,363163.342730232,363163.342730232,0.7,1616000,10,58,0.0,95272.94111761743,229883.7475773843,229883.7475773843
0.1,1080.5766253586426,-99.93242497156861,0.0,10,1080.576625358639,59,1812.7584913785984,-99.93242497156861,4505.3301521086105,4505.3301521086105,0.1,1640000,10,59,0.0,1812.7584913785984,1080.576625358639,1080.5766253586426
0.5,75477.77718614899,-53.23405480439355,0.0,10,75477.77718614895,60,142535.50118692644,-53.23405480439355,364537.16161946877,364537.16161946877,0.5,1664000,10,60,0.0,142535.50118692644,75477.77718614895,75477.77718614899
0.3,118819.33026760134,-60.327296744987144,0.0,10,118819.33026760134,61,147230.25296488026,-60.327296744987144,354682.7376934773,354682.7376934773,0.3,1688000,10,61,0.0,147230.25296488026,118819.33026760134,118819.33026760134
0.6,159370.28466437355,848.7770926247346,0.0,10,159370.2846643736,62,146037.19920032006,848.7770926247346,363541.26444214385,363541.26444214385,0.6,1712000,10,62,0.0,146037.19920032006,159370.2846643736,159370.28466437355
0.7,226878.64226320107,3429.937149802783,0.0,10,226878.64226320107,63,142363.7105498282,3429.937149802783,360963.7639231702,360963.7639231702,0.7,1736000,10,63,0.0,142363.7105498282,226878.64226320107,226878.64226320107
1.0,344765.3299792233,324489.2481236294,0.0,10,344765.32997922326,64,15282.165162126723,324489.2481236294,368168.7098367221,368168.7098367221,1.0,1760000,10,64,0.0,15282.165162126723,344765.32997922326,344765.3299792233
1.0,341741.03252102336,304227.71967856673,0.0,10,341741.0325210235,65,23893.731879363633,304227.71967856673,368049.8670164806,368049.8670164806,1.0,1784000,10,65,0.0,23893.731879363633,341741.0325210235,341741.03252102336
0.9,289442.06231269334,91719.02869815762,0.0,10,289442.06231269345,66,83829.8708463648,91719.02869815762,373681.2364350494,373681.2364350494,0.9,1808000,10,66,0.0,83829.8708463648,289442.06231269345,289442.06231269334
1.0,340659.62206261884,294173.99720260786,0.0,10,340659.62206261896,67,21688.201379378155,294173.99720260786,366926.58507396077,366926.58507396077,1.0,1832000,10,67,0.0,21688.201379378155,340659.62206261896,340659.62206261884
1.0,338430.946270596,300250.0971714267,0.0,10,338430.94627059594,68,17906.49252516464,300250.0971714267,359059.3371776739,359059.3371776739,1.0,1856000,10,68,0.0,17906.49252516464,338430.94627059594,338430.946270596
0.4,127804.2398973587,-17.84519722060456,0.0,10,127804.2398973587,69,158821.3213482163,-17.84519722060456,362068.2855849679,362068.2855849679,0.4,1880000,10,69,0.0,158821.3213482163,127804.2398973587,127804.2398973587
1.0,302897.143501438,187616.24910621348,0.0,10,302897.143501438,70,47159.24825522182,187616.24910621348,361547.18687930406,361547.18687930406,1.0,1904000,10,70,0.0,47159.24825522182,302897.143501438,302897.143501438
0.9,308064.343107981,-26.274798025845946,0.0,10,308064.34310798085,71,103494.8308886763,-26.274798025845946,359136.9499433079,359136.9499433079,0.9,1928000,10,71,0.0,103494.8308886763,308064.34310798085,308064.343107981
0.9,315893.7367495282,206592.202605159,0.0,10,315893.7367495283,72,47563.345297585074,206592.202605159,363041.39880867803,363041.39880867803,0.9,1952000,10,72,0.0,47563.345297585074,315893.7367495283,315893.7367495282
1.0,338628.4900785305,306885.1864505929,0.0,10,338628.49007853045,73,16958.327146161493,306885.1864505929,363825.65683532646,363825.65683532646,1.0,1976000,10,73,0.0,16958.327146161493,338628.49007853045,338628.4900785305
0.9,280418.52278155973,10014.55930515563,0.0,10,280418.5227815596,74,136413.42957556804,10014.55930515563,368378.22978191846,368378.22978191846,0.9,2000000,10,74,0.0,136413.42957556804,280418.5227815596,280418.52278155973
0.9,324184.98719386186,233223.62583457175,0.0,10,324184.9871938618,75,43115.993425158624,233223.62583457175,363083.3107374325,363083.3107374325,0.9,2024000,10,75,0.0,43115.993425158624,324184.9871938618,324184.98719386186
0.9,329383.83975917136,280372.7191585193,0.0,10,329383.8397591714,76,23610.63987464678,280372.7191585193,364572.2555409067,364572.2555409067,0.9,2048000,10,76,0.0,23610.63987464678,329383.8397591714,329383.83975917136
0.5,117505.1775162225,-105.49164120873901,0.0,10,117505.17751622247,77,145874.32041424667,-105.49164120873901,350107.04496064194,350107.04496064194,0.5,2072000,10,77,0.0,145874.32041424667,117505.17751622247,117505.1775162225
0.8,109904.31012047594,-11.13459409156315,0.0,10,109904.3101204759,78,133338.03349325998,-11.13459409156315,356456.6626006694,356456.6626006694,0.8,2096000,10,78,0.0,133338.03349325998,109904.3101204759,109904.31012047594
1.0,320749.82700748334,181632.7640597016,0.0,10,320749.8270074834,79,55344.2047924231,181632.7640597016,365888.9303731833,365888.9303731833,1.0,2120000,10,79,0.0,55344.2047924231,320749.8270074834,320749.82700748334
1.0,293367.0534558847,20127.083522623096,0.0,10,293367.05345588457,80,106053.03033604342,20127.083522623096,364957.9380645674,364957.9380645674,1.0,2144000,10,80,0.0,106053.03033604342,293367.05345588457,293367.0534558847
0.9,285464.2841560224,120119.51669992403,0.0,10,285464.2841560223,81,87120.31099743208,120119.51669992403,363155.5528330907,363155.5528330907,0.9,2168000,10,81,0.0,87120.31099743208,285464.2841560223,285464.2841560224
1.0,344544.53272823605,322657.79079997237,0.0,10,344544.53272823605,82,12590.819999773625,322657.79079997237,359358.84234719595,359358.84234719595,1.0,2192000,10,82,0.0,12590.819999773625,344544.53272823605,344544.53272823605
0.9,276609.6103711377,52165.74618291156,0.0,10,276609.6103711377,83,96631.05767350059,52165.74618291156,367684.77244405163,367684.77244405163,0.9,2216000,10,83,0.0,96631.05767350059,276609.6103711377,276609.6103711377
0.9,285497.2311758807,12706.157801174877,0.0,10,285497.2311758807,84,104958.50734945745,12706.157801174877,368209.2404540028,368209.2404540028,0.9,2240000,10,84,0.0,104958.50734945745,285497.2311758807,285497.2311758807
0.8,306229.71602515085,145054.2526159968,0.0,10,306229.71602515073,85,69277.98180247242,145054.2526159968,357717.04322385835,357717.04322385835,0.8,2264000,10,85,0.0,69277.98180247242,306229.71602515073,306229.71602515085
0.8,263351.9261059459,18171.897728180502,0.0,10,263351.92610594595,86,129439.62890109015,18171.897728180502,370339.87753539934,370339.87753539934,0.8,2288000,10,86,0.0,129439.62890109015,263351.92610594595,263351.9261059459
0.2,34659.5812793358,-106.79960016635766,0.0,10,34659.58127933581,87,97796.65061234917,-106.79960016635766,327947.0960249409,327947.0960249409,0.2,2312000,10,87,0.0,97796.65061234917,34659.58127933581,34659.5812793358
0.5,9497.821749152161,-61.49108995125276,0.0,10,9497.821749152161,88,19543.763808982298,-61.49108995125276,67507.96099980646,67507.96099980646,0.5,2336000,10,88,0.0,19543.763808982298,9497.821749152161,9497.821749152161
0.9,41989.0650660674,1709.1428660483577,0.0,10,41989.06506606738,89,110866.33785833491,1709.1428660483577,374548.5212644502,374548.5212644502,0.9,2360000,10,89,0.0,110866.33785833491,41989.06506606738,41989.0650660674
0.3,64555.367831347234,-61.95767891595651,0.0,10,64555.367831347205,90,127490.91245827399,-61.95767891595651,326883.42538748245,326883.42538748245,0.3,2384000,10,90,0.0,127490.91245827399,64555.367831347205,64555.367831347234
0.4,94872.9663239377,-25.037432532098087,0.0,10,94872.96632393767,91,141513.28601257413,-25.037432532098087,356171.84259197605,356171.84259197605,0.4,2408000,10,91,0.0,141513.28601257413,94872.96632393767,94872.9663239377
0.4,122173.52303650176,-21.64669276202603,0.0,10,122173.52303650175,92,138593.39185643976,-21.64669276202603,330063.14628920687,330063.14628920687,0.4,2432000,10,92,0.0,138593.39185643976,122173.52303650175,122173.52303650176
0.4,128892.66936532738,-17.52701555683625,0.0,10,128892.66936532741,93,151868.8970852605,-17.52701555683625,340048.4495034565,340048.4495034565,0.4,2456000,10,93,0.0,151868.8970852605,128892.66936532741,128892.66936532738
0.3,150715.3595262798,-16.983375136698132,0.0,10,150715.35952627985,94,147590.3862233732,-16.983375136698132,347100.5563183369,347100.5563183369,0.3,2480000,10,94,0.0,147590.3862233732,150715.35952627985,150715.3595262798
0.4,116632.34511447581,-42.356225315008444,0.0,10,116632.34511447584,95,145545.0091061146,-42.356225315008444,324189.7082844195,324189.7082844195,0.4,2504000,10,95,0.0,145545.0091061146,116632.34511447584,116632.34511447581
0.7,103547.76859936112,-16.009676723504946,0.0,10,103547.76859936112,96,146288.75576259685,-16.009676723504946,346847.2192211057,346847.2192211057,0.7,2528000,10,96,0.0,146288.75576259685,103547.76859936112,103547.76859936112
0.8,151479.35243052832,-11.593447435412715,0.0,10,151479.35243052838,97,164519.20694317837,-11.593447435412715,373095.9164369463,373095.9164369463,0.8,2552000,10,97,0.0,164519.20694317837,151479.35243052838,151479.35243052832
0.6,230730.88228522046,-14.763511609276147,0.0,10,230730.88228522046,98,138926.45593841872,-14.763511609276147,370205.68358753086,370205.68358753086,0.6,2576000,10,98,0.0,138926.45593841872,230730.88228522046,230730.88228522046
0.7,180241.36567882219,6401.2866129362255,0.0,10,180241.36567882227,99,146670.36072745096,6401.2866129362255,360997.51339316467,360997.51339316467,0.7,2600000,10,99,0.0,146670.36072745096,180241.36567882227,180241.36567882219
0.2,63994.88931615889,-106.00592076806205,0.0,10,63994.889316158835,100,129883.91076106101,-106.00592076806205,367852.7916235478,367852.7916235478,0.2,2624000,10,100,0.0,129883.91076106101,63994.889316158835,63994.88931615889
0.9,332335.0355643701,281434.67440227926,0.0,10,332335.0355643701,101,26246.01308178311,281434.67440227926,365371.05424839,365371.05424839,0.9,2648000,10,101,0.0,26246.01308178311,332335.0355643701,332335.0355643701
1.0,327857.8185742324,284904.0247803041,0.0,10,327857.8185742325,102,31870.009397880705,284904.0247803041,364590.3207030513,364590.3207030513,1.0,2672000,10,102,0.0,31870.009397880705,327857.8185742325,327857.8185742324
1.0,345419.46524176776,315972.77318981325,0.0,10,345419.4652417677,103,17615.397807512396,315972.77318981325,369229.51030673966,369229.51030673966,1.0,2696000,10,103,0.0,17615.397807512396,345419.4652417677,345419.46524176776
0.5,164943.02621524906,-75.50143812237158,0.0,10,164943.026215249,104,164310.7179672288,-75.50143812237158,352446.07627445785,352446.07627445785,0.5,2720000,10,104,0.0,164310.7179672288,164943.026215249,164943.02621524906
0.5,174566.0014529024,-66.59119601025914,0.0,10,174566.00145290233,105,174846.4246852825,-66.59119601025914,362677.4840237742,362677.4840237742,0.5,2744000,10,105,0.0,174846.4246852825,174566.00145290233,174566.0014529024
0.7,173768.4960763022,-16.2032960003352,0.0,10,173768.49607630214,106,171099.42464706048,-16.2032960003352,353013.82356622594,353013.82356622594,0.7,2768000,10,106,0.0,171099.42464706048,173768.49607630214,173768.4960763022
0.9,312812.49243240576,4297.667079536182,0.0,10,312812.49243240576,107,107503.11172345675,4297.667079536182,371361.60896142916,371361.60896142916,0.9,2792000,10,107,0.0,107503.11172345675,312812.49243240576,312812.49243240576
0.9,297260.0812382213,-23.394117385147464,0.0,10,297260.0812382213,108,102205.71943191007,-23.394117385147464,364313.59486290795,364313.59486290795,0.9,2816000,10,108,0.0,102205.71943191007,297260.0812382213,297260.0812382213
1.0,357113.1213444451,331212.6743857904,0.0,10,357113.1213444451,109,11569.974677683087,331212.6743857904,369602.9037307872,369602.9037307872,1.0,2840000,10,109,0.0,11569.974677683087,357113.1213444451,357113.1213444451
0.8,327310.4767128505,258992.69266981294,0.0,10,327310.47671285033,110,38952.82164345426,258992.69266981294,365856.22040441964,365856.22040441964,0.8,2864000,10,110,0.0,38952.82164345426,327310.47671285033,327310.4767128505
0.9,306281.4877144461,240776.0193336388,0.0,10,306281.48771444603,111,42264.04739194339,240776.0193336388,358333.768260304,358333.768260304,0.9,2888000,10,111,0.0,42264.04739194339,306281.48771444603,306281.4877144461
1.0,342591.0480657298,272527.28986506566,0.0,10,342591.04806572973,112,27030.18907555234,272527.28986506566,367599.43437395414,367599.43437395414,1.0,2912000,10,112,0.0,27030.18907555234,342591.04806572973,342591.0480657298
1.0,342314.7916716576,315496.49835782277,0.0,10,342314.7916716574,113,13471.495353407428,315496.49835782277,359174.2952441234,359174.2952441234,1.0,2936000,10,113,0.0,13471.495353407428,342314.7916716574,342314.7916716576
0.9,322094.35542296147,165395.03105780156,0.0,10,322094.35542296123,114,55048.68046638424,165395.03105780156,359137.95743813587,359137.95743813587,0.9,2960000,10,114,0.0,55048.68046638424,322094.35542296123,322094.35542296147
1.0,350087.4479354835,333631.60117517144,0.0,10,350087.4479354834,115,8657.688497187573,333631.60117517144,362431.6265699904,362431.6265699904,1.0,2984000,10,115,0.0,8657.688497187573,350087.4479354834,350087.4479354835
1.0,341039.5101151565,326358.50028861396,0.0,10,341039.51011515653,116,11493.333055764811,326358.50028861396,362105.46873109415,362105.46873109415,1.0,3008000,10,116,0.0,11493.333055764811,341039.51011515653,341039.5101151565
1.0,322657.25420105876,285544.4835121695,0.0,10,322657.25420105876,117,24419.700226357487,285544.4835121695,362605.7301887738,362605.7301887738,1.0,3032000,10,117,0.0,24419.700226357487,322657.25420105876,322657.25420105876
0.5,179921.52911790556,-48.03505590416369,0.0,10,179921.52911790556,118,166404.52063644596,-48.03505590416369,369512.9027575474,369512.9027575474,0.5,3056000,10,118,0.0,166404.52063644596,179921.52911790556,179921.52911790556
1.0,336211.1866407275,291958.55073812866,0.0,10,336211.1866407275,119,19362.2768620419,291958.55073812866,362447.120160111,362447.120160111,1.0,3080000,10,119,0.0,19362.2768620419,336211.1866407275,336211.1866407275
1.0,341470.03375890304,309848.8507192697,0.0,10,341470.03375890304,120,20606.80487598539,309848.8507192697,361281.84897764033,361281.84897764033,1.0,3104000,10,120,0.0,20606.80487598539,341470.03375890304,341470.03375890304
1.0,353810.6235154636,325031.5178017493,0.0,10,353810.6235154636,121,10933.738513819384,325031.5178017493,365945.9485463985,365945.9485463985,1.0,3128000,10,121,0.0,10933.738513819384,353810.6235154636,353810.6235154636
1.0,336517.27556867484,266221.54544343904,0.0,10,336517.2755686749,122,32109.94816131282,266221.54544343904,364223.69333639386,364223.69333639386,1.0,3152000,10,122,0.0,32109.94816131282,336517.2755686749,336517.27556867484
1.0,341255.9076457316,291880.64369527233,0.0,10,341255.9076457316,123,18606.790282397935,291880.64369527233,360038.3879020497,360038.3879020497,1.0,3176000,10,123,0.0,18606.790282397935,341255.9076457316,341255.9076457316
0.9,345537.96741162834,288633.2267508519,0.0,10,345537.96741162834,124,23462.053571902616,288633.2267508519,369493.86245905265,369493.86245905265,0.9,3200000,10,124,0.0,23462.053571902616,345537.96741162834,345537.96741162834
1.0,344293.55594501924,294469.9821609712,0.0,10,344293.55594501935,125,19988.65027377488,294469.9821609712,368852.38935798546,368852.38935798546,1.0,3224000,10,125,0.0,19988.65027377488,344293.55594501935,344293.55594501924
1.0,342433.2230775773,269205.22673602257,0.0,10,342433.2230775772,126,34932.076117063196,269205.22673602257,366456.02786456625,366456.02786456625,1.0,3248000,10,126,0.0,34932.076117063196,342433.2230775772,342433.2230775773
1.0,355182.3683763112,321861.16321884614,0.0,10,355182.3683763111,127,15269.76653876769,321861.16321884614,371438.2553314342,371438.2553314342,1.0,3272000,10,127,0.0,15269.76653876769,355182.3683763111,355182.3683763112
0.9,313356.5096734985,44244.3650816688,0.0,10,313356.50967349845,128,93501.95549492496,44244.3650816688,364954.89138636464,364954.89138636464,0.9,3296000,10,128,0.0,93501.95549492496,313356.50967349845,313356.5096734985
0.8,285355.5189724662,14061.778586010207,0.0,10,285355.5189724661,129,121390.02975038925,14061.778586010207,365749.034853734,365749.034853734,0.8,3320000,10,129,0.0,121390.02975038925,285355.5189724661,285355.5189724662
1.0,339835.27728422754,263202.114769324,0.0,10,339835.27728422754,130,29571.3917058382,263202.114769324,363497.4269155157,363497.4269155157,1.0,3344000,10,130,0.0,29571.3917058382,339835.27728422754,339835.27728422754
0.9,313366.35825106787,29637.437663355588,0.0,10,313366.3582510679,131,95682.93325098383,29637.437663355588,363971.4688696467,363971.4688696467,0.9,3368000,10,131,0.0,95682.93325098383,313366.3582510679,313366.35825106787
0.4,114889.476929525,-123.4230848478859,0.0,10,114889.47692952499,132,144320.76794690665,-123.4230848478859,344555.262817999,344555.262817999,0.4,3392000,10,132,0.0,144320.76794690665,114889.47692952499,114889.476929525
0.3,117108.50383022253,-132.62912319077455,0.0,10,117108.50383022253,133,147744.51120437635,-132.62912319077455,339716.74605312885,339716.74605312885,0.3,3416000,10,133,0.0,147744.51120437635,117108.50383022253,117108.50383022253
1.0,347083.1353052188,281325.67750848224,0.0,10,347083.13530521875,134,26859.36806057372,281325.67750848224,369633.4337638229,369633.4337638229,1.0,3440000,10,134,0.0,26859.36806057372,347083.13530521875,347083.1353052188
0.8,317245.0459365692,171986.24157540887,0.0,10,317245.0459365692,135,59191.95603763618,171986.24157540887,360932.145857442,360932.145857442,0.8,3464000,10,135,0.0,59191.95603763618,317245.0459365692,317245.0459365692
1.0,343232.2865573225,311258.24963367946,0.0,10,343232.2865573225,136,17071.711531533576,311258.24963367946,359550.8134314935,359550.8134314935,1.0,3488000,10,136,0.0,17071.711531533576,343232.2865573225,343232.2865573225
1.0,358100.28479959705,338967.3386071589,0.0,10,358100.28479959705,137,10214.65083734641,338967.3386071589,373297.7383821801,373297.7383821801,1.0,3512000,10,137,0.0,10214.65083734641,358100.28479959705,358100.28479959705
1.0,345435.25342643936,306934.46133267053,0.0,10,345435.2534264394,138,18488.578860919908,306934.46133267053,361689.1455898529,361689.1455898529,1.0,3536000,10,138,0.0,18488.578860919908,345435.2534264394,345435.25342643936
0.9,349265.7699439519,247093.3446914974,0.0,10,349265.769943952,139,34940.47200208508,247093.3446914974,374328.41181017755,374328.41181017755,0.9,3560000,10,139,0.0,34940.47200208508,349265.769943952,349265.7699439519
0.9,319694.8835588148,5299.914137127395,0.0,10,319694.8835588149,140,105290.15882339644,5299.914137127395,366322.17335667077,366322.17335667077,0.9,3584000,10,140,0.0,105290.15882339644,319694.8835588149,319694.8835588148
1.0,332022.67686942266,283036.01654325903,0.0,10,332022.6768694228,141,26180.91945786774,283036.01654325903,359329.247452426,359329.247452426,1.0,3608000,10,141,0.0,26180.91945786774,332022.6768694228,332022.67686942266
1.0,346816.4859190607,269953.8504967171,0.0,10,346816.48591906077,142,27118.47407666806,269953.8504967171,364120.8593934423,364120.8593934423,1.0,3632000,10,142,0.0,27118.47407666806,346816.48591906077,346816.4859190607
1.0,345624.0346494652,278907.9735661223,0.0,10,345624.0346494651,143,23967.432383051477,278907.9735661223,367887.36472639494,367887.36472639494,1.0,3656000,10,143,0.0,23967.432383051477,345624.0346494651,345624.0346494652
0.5,108477.38478252308,-15.214139547347477,0.0,10,108477.3847825231,144,143991.69127718345,-15.214139547347477,360066.5028082132,360066.5028082132,0.5,3680000,10,144,0.0,143991.69127718345,108477.3847825231,108477.38478252308
0.9,339715.25503844215,274557.9394628075,0.0,10,339715.25503844215,145,22482.84899078524,274557.9394628075,355790.46852530434,355790.46852530434,0.9,3704000,10,145,0.0,22482.84899078524,339715.25503844215,339715.25503844215
1.0,338149.3401760776,261680.43193436987,0.0,10,338149.3401760776,146,29832.06446154159,261680.43193436987,364005.2250786323,364005.2250786323,1.0,3728000,10,146,0.0,29832.06446154159,338149.3401760776,338149.3401760776
1.0,343042.92235300114,314839.08004552854,0.0,10,343042.92235300125,147,17975.637210313038,314839.08004552854,364023.5615374783,364023.5615374783,1.0,3752000,10,147,0.0,17975.637210313038,343042.92235300125,343042.92235300114
1.0,351379.18191308226,335208.38689562114,0.0,10,351379.1819130824,148,10685.155003251877,335208.38689562114,367760.84979385237,367760.84979385237,1.0,3776000,10,148,0.0,10685.155003251877,351379.1819130824,351379.18191308226
0.9,309422.92806531733,849.8295759917805,0.0,10,309422.92806531733,149,104395.50849291113,849.8295759917805,359092.49584968603,359092.49584968603,0.9,3800000,10,149,0.0,104395.50849291113,309422.92806531733,309422.92806531733
1.0,317565.30717813526,250210.37922546107,0.0,10,317565.3071781353,150,43015.17217329233,250210.37922546107,366919.07888062036,366919.07888062036,1.0,3824000,10,150,0.0,43015.17217329233,317565.3071781353,317565.30717813526
1.0,350731.88261341123,303405.65633320063,0.0,10,350731.88261341106,151,16660.605773507414,303405.65633320063,364425.7556446572,364425.7556446572,1.0,3848000,10,151,0.0,16660.605773507414,350731.88261341106,350731.88261341123
0.9,336909.5769413438,267762.6722226607,0.0,10,336909.5769413438,152,26757.505797865037,267762.6722226607,361507.9036498043,361507.9036498043,0.9,3872000,10,152,0.0,26757.505797865037,336909.5769413438,336909.5769413438
1.0,340279.8586828233,258462.15775732792,0.0,10,340279.85868282325,153,31710.648186029688,258462.15775732792,367172.9104904634,367172.9104904634,1.0,3896000,10,153,0.0,31710.648186029688,340279.85868282325,340279.8586828233
0.9,343205.7991733664,286408.74858223996,0.0,10,343205.7991733665,154,25297.522618324994,286408.74858223996,373779.4567244934,373779.4567244934,0.9,3920000,10,154,0.0,25297.522618324994,343205.7991733665,343205.7991733664
0.9,300417.42283240065,17204.350357103358,0.0,10,300417.4228324007,155,97114.63259752878,17204.350357103358,360172.66385231743,360172.66385231743,0.9,3944000,10,155,0.0,97114.63259752878,300417.4228324007,300417.42283240065
1.0,335075.1966749983,296175.19729448116,0.0,10,335075.19667499827,156,20843.042718969573,296175.19729448116,355047.7318863337,355047.7318863337,1.0,3968000,10,156,0.0,20843.042718969573,335075.19667499827,335075.1966749983
0.9,308469.978309937,42099.87401261349,0.0,10,308469.9783099371,157,89652.69082039456,42099.87401261349,354713.22261297406,354713.22261297406,0.9,3992000,10,157,0.0,89652.69082039456,308469.9783099371,308469.978309937
1.0,337372.98233215266,290792.90425901324,0.0,10,337372.98233215266,158,20903.595149469948,290792.90425901324,357074.99124630814,357074.99124630814,1.0,4016000,10,158,0.0,20903.595149469948,337372.98233215266,337372.98233215266
0.9,297641.7229707499,4315.869467646507,0.0,10,297641.72297075,159,108704.48222347921,4315.869467646507,362157.42500564066,362157.42500564066,0.9,4040000,10,159,0.0,108704.48222347921,297641.72297075,297641.7229707499
1.0,336804.16907815996,310510.8784836424,0.0,10,336804.1690781599,160,16894.034018694136,310510.8784836424,362183.1676198706,362183.1676198706,1.0,4064000,10,160,0.0,16894.034018694136,336804.1690781599,336804.16907815996
0.9,315447.825012966,13829.689365732434,0.0,10,315447.825012966,161,101201.75651554226,13829.689365732434,359633.8594475386,359633.8594475386,0.9,4088000,10,161,0.0,101201.75651554226,315447.825012966,315447.825012966
0.7,256355.37010295084,4311.0700503033095,0.0,10,256355.3701029509,162,136600.18442828988,4311.0700503033095,360998.86613054684,360998.86613054684,0.7,4112000,10,162,0.0,136600.18442828988,256355.3701029509,256355.37010295084
1.0,346481.255925518,281468.0142364691,0.0,10,346481.255925518,163,23357.269408613378,281468.0142364691,366096.86119005416,366096.86119005416,1.0,4136000,10,163,0.0,23357.269408613378,346481.255925518,346481.255925518
0.9,299668.166249805,2570.407855726218,0.0,10,299668.1662498051,164,103256.44991774017,2570.407855726218,359448.0004786869,359448.0004786869,0.9,4160000,10,164,0.0,103256.44991774017,299668.1662498051,299668.166249805
0.9,339262.2843731676,264979.3702928003,0.0,10,339262.28437316767,165,29247.06464241312,264979.3702928003,363060.9739484557,363060.9739484557,0.9,4184000,10,165,0.0,29247.06464241312,339262.28437316767,339262.2843731676
1.0,343052.3988743881,285527.02929005685,0.0,10,343052.39887438796,166,22522.92050007919,285527.02929005685,368323.7952090504,368323.7952090504,1.0,4208000,10,166,0.0,22522.92050007919,343052.39887438796,343052.3988743881
0.9,303687.3820137964,5199.66799322287,0.0,10,303687.3820137965,167,103647.13449166024,5199.66799322287,360953.5014059284,360953.5014059284,0.9,4232000,10,167,0.0,103647.13449166024,303687.3820137965,303687.3820137964
1.0,346123.122723578,314657.6627147924,0.0,10,346123.122723578,168,16400.169709582195,314657.6627147924,362662.37707866635,362662.37707866635,1.0,4256000,10,168,0.0,16400.169709582195,346123.122723578,346123.122723578
1.0,348836.7547186573,324928.98118341435,0.0,10,348836.75471865723,169,13349.699289525768,324928.98118341435,362667.43663658836,362667.43663658836,1.0,4280000,10,169,0.0,13349.699289525768,348836.75471865723,348836.7547186573
1.0,345738.2635759913,320947.4819537361,0.0,10,345738.26357599144,170,15489.94730745946,320947.4819537361,363252.16974449414,363252.16974449414,1.0,4304000,10,170,0.0,15489.94730745946,345738.26357599144,345738.2635759913
0.9,308713.23101130716,136138.8973584133,0.0,10,308713.2310113072,171,65226.423060622066,136138.8973584133,353395.328233499,353395.328233499,0.9,4328000,10,171,0.0,65226.423060622066,308713.2310113072,308713.23101130716
0.9,296823.57139854576,52981.38284316636,0.0,10,296823.5713985458,172,88226.07037970162,52981.38284316636,359724.1962152566,359724.1962152566,0.9,4352000,10,172,0.0,88226.07037970162,296823.5713985458,296823.57139854576
0.9,334421.6285744404,148084.55784243147,0.0,10,334421.6285744404,173,62578.71898345954,148084.55784243147,367864.3037738247,367864.3037738247,0.9,4376000,10,173,0.0,62578.71898345954,334421.6285744404,334421.6285744404
0.9,316249.6973941877,218239.71719195315,0.0,10,316249.6973941877,174,47630.36044335891,218239.71719195315,369433.8649939546,369433.8649939546,0.9,4400000,10,174,0.0,47630.36044335891,316249.6973941877,316249.6973941877
1.0,315634.02806264453,220193.4784889563,0.0,10,315634.0280626446,175,47175.61102542236,220193.4784889563,359915.70041797217,359915.70041797217,1.0,4424000,10,175,0.0,47175.61102542236,315634.0280626446,315634.02806264453
0.8,255306.90002476407,5211.922395779177,0.0,10,255306.9000247641,176,136175.43804087673,5211.922395779177,370547.17443648237,370547.17443648237,0.8,4448000,10,176,0.0,136175.43804087673,255306.9000247641,255306.90002476407
0.3,134754.5716144078,-109.5943401001062,0.0,10,134754.57161440776,177,145411.85539204633,-109.5943401001062,360251.75603542954,360251.75603542954,0.3,4472000,10,177,0.0,145411.85539204633,134754.57161440776,134754.5716144078
0.5,177811.90940617846,-73.88874467657884,0.0,10,177811.90940617849,178,177972.47993527944,-73.88874467657884,366959.13226491335,366959.13226491335,0.5,4496000,10,178,0.0,177972.47993527944,177811.90940617849,177811.90940617846
1.0,334662.2664337053,276735.9728479176,0.0,10,334662.2664337053,179,20155.136240133077,276735.9728479176,351117.04968672595,351117.04968672595,1.0,4520000,10,179,0.0,20155.136240133077,334662.2664337053,334662.2664337053
0.9,304951.0625520769,4298.477069956341,0.0,10,304951.0625520768,180,102442.02761738552,4298.477069956341,363010.9577676274,363010.9577676274,0.9,4544000,10,180,0.0,102442.02761738552,304951.0625520768,304951.0625520769
0.5,154588.2125048798,-89.15059561892319,0.0,10,154588.21250487983,181,156950.63798947466,-89.15059561892319,366410.81038499565,366410.81038499565,0.5,4568000,10,181,0.0,156950.63798947466,154588.21250487983,154588.2125048798
0.2,70393.70914617307,-89.88666913383494,0.0,10,70393.70914617307,182,138164.90895079446,-89.88666913383494,357105.85556100955,357105.85556100955,0.2,4592000,10,182,0.0,138164.90895079446,70393.70914617307,70393.70914617307
0.3,107148.71648654001,-91.46322190147305,0.0,10,107148.71648654007,183,162352.20942514305,-91.46322190147305,363066.5294324986,363066.5294324986,0.3,4616000,10,183,0.0,162352.20942514305,107148.71648654007,107148.71648654001
0.9,327241.09355231567,145827.66147472124,0.0,10,327241.0935523156,184,63555.57741676937,145827.66147472124,370484.0782856671,370484.0782856671,0.9,4640000,10,184,0.0,63555.57741676937,327241.0935523156,327241.09355231567
0.9,325217.9062986353,6131.656872327616,0.0,10,325217.9062986354,185,106570.72572335313,6131.656872327616,370444.31789324404,370444.31789324404,0.9,4664000,10,185,0.0,106570.72572335313,325217.9062986354,325217.9062986353
0.4,129809.63839555322,-109.72103548916328,0.0,10,129809.63839555322,186,142582.80180709902,-109.72103548916328,351210.13431527186,351210.13431527186,0.4,4688000,10,186,0.0,142582.80180709902,129809.63839555322,129809.63839555322
0.8,281813.41426139866,-11.240506374122027,0.0,10,281813.41426139866,187,110572.10316806912,-11.240506374122027,369136.95985269535,369136.95985269535,0.8,4712000,10,187,0.0,110572.10316806912,281813.41426139866,281813.41426139866
1.0,351757.6689820189,308508.20302874444,0.0,10,351757.66898201883,188,15459.545434381109,308508.20302874444,366869.22587910964,366869.22587910964,1.0,4736000,10,188,0.0,15459.545434381109,351757.66898201883,351757.6689820189
0.4,120494.8789582297,-109.80246145392965,0.0,10,120494.8789582297,189,157977.7376597787,-109.80246145392965,372063.60775504174,372063.60775504174,0.4,4760000,10,189,0.0,157977.7376597787,120494.8789582297,120494.8789582297
0.6,87724.91646524798,-17.792630596218547,0.0,10,87724.91646524801,190,142850.0541685863,-17.792630596218547,370874.13365738554,370874.13365738554,0.6,4784000,10,190,0.0,142850.0541685863,87724.91646524801,87724.91646524798
0.8,264683.5025436316,-17.891425523101745,0.0,10,264683.5025436316,191,148484.87562064442,-17.891425523101745,366393.56776927965,366393.56776927965,0.8,4808000,10,191,0.0,148484.87562064442,264683.5025436316,264683.5025436316
0.5,175118.08012212813,-16.775132950438902,0.0,10,175118.0801221282,192,172934.0877667362,-16.775132950438902,362216.6462223225,362216.6462223225,0.5,4832000,10,192,0.0,172934.0877667362,175118.0801221282,175118.08012212813
0.1,31087.52105751253,-101.02584648925281,0.0,10,31087.52105751256,193,75969.58799695724,-101.02584648925281,255537.19370497117,255537.19370497117,0.1,4856000,10,193,0.0,75969.58799695724,31087.52105751256,31087.52105751253
0.4,80615.38294245032,-15.942877622795663,0.0,10,80615.38294245032,194,135942.2748737116,-15.942877622795663,358036.3844192321,358036.3844192321,0.4,4880000,10,194,0.0,135942.2748737116,80615.38294245032,80615.38294245032
0.5,171596.66045895766,-90.29601717994234,0.0,10,171596.66045895772,195,172130.0695653055,-90.29601717994234,360205.59320574516,360205.59320574516,0.5,4904000,10,195,0.0,172130.0695653055,171596.66045895772,171596.66045895766
0.5,163934.93606254266,-51.82431850151282,0.0,10,163934.9360625427,196,164085.6116372795,-51.82431850151282,362575.97051288787,362575.97051288787,0.5,4928000,10,196,0.0,164085.6116372795,163934.9360625427,163934.93606254266
1.0,329185.5352803463,247539.64547740718,0.0,10,329185.5352803463,197,37378.30483962512,247539.64547740718,366239.8755591235,366239.8755591235,1.0,4952000,10,197,0.0,37378.30483962512,329185.5352803463,329185.5352803463
1.0,336678.5005200602,261837.69091908712,0.0,10,336678.5005200602,198,27314.84473875647,261837.69091908712,361950.7085841395,361950.7085841395,1.0,4976000,10,198,0.0,27314.84473875647,336678.5005200602,336678.5005200602
1.0,324880.420345027,229967.05974339697,0.0,10,324880.420345027,199,44165.32901523094,229967.05974339697,356304.772399736,356304.772399736,1.0,5000000,10,199,0.0,44165.32901523094,324880.420345027,324880.420345027
1.0,343312.6364639748,319427.57636993454,0.0,10,343312.63646397495,200,12244.24572446676,319427.57636993454,354725.5626708707,354725.5626708707,1.0,5024000,10,200,0.0,12244.24572446676,343312.63646397495,343312.6364639748
1.0,344672.1931114112,327926.1367220556,0.0,10,344672.1931114112,201,9402.970295847694,327926.1367220556,361360.7360590393,361360.7360590393,1.0,5048000,10,201,0.0,9402.970295847694,344672.1931114112,344672.1931114112
1.0,340442.4841955484,324096.57517387,0.0,10,340442.48419554846,202,11414.530417065564,324096.57517387,357837.7062282111,357837.7062282111,1.0,5072000,10,202,0.0,11414.530417065564,340442.48419554846,340442.4841955484
1.0,329052.0967431034,256445.96927067905,0.0,10,329052.0967431033,203,29675.15826693784,256445.96927067905,359243.7853716082,359243.7853716082,1.0,5096000,10,203,0.0,29675.15826693784,329052.0967431033,329052.0967431034
1.0,338962.7945520134,288965.5520446322,0.0,10,338962.7945520134,204,23679.3688740249,288965.5520446322,364616.5414017782,364616.5414017782,1.0,5120000,10,204,0.0,23679.3688740249,338962.7945520134,338962.7945520134
1.0,299774.9341595266,125813.74269169307,0.0,10,299774.9341595266,205,69416.01015883061,125813.74269169307,354712.84918095893,354712.84918095893,1.0,5144000,10,205,0.0,69416.01015883061,299774.9341595266,299774.9341595266
1.0,339518.46426145657,299820.8443816122,0.0,10,339518.4642614567,206,18803.658018966868,299820.8443816122,372422.2028434117,372422.2028434117,1.0,5168000,10,206,0.0,18803.658018966868,339518.4642614567,339518.46426145657
1.0,341216.41858084884,316720.3358531894,0.0,10,341216.4185808488,207,11687.344080654977,316720.3358531894,357098.4874426967,357098.4874426967,1.0,5192000,10,207,0.0,11687.344080654977,341216.4185808488,341216.41858084884
0.9,338253.1189392141,236311.88930187025,0.0,10,338253.11893921404,208,35187.195127544495,236311.88930187025,361687.76319960156,361687.76319960156,0.9,5216000,10,208,0.0,35187.195127544495,338253.11893921404,338253.1189392141
1.0,330134.70728436427,270455.46554172,0.0,10,330134.70728436427,209,29612.269916881276,270455.46554172,365632.4095706762,365632.4095706762,1.0,5240000,10,209,0.0,29612.269916881276,330134.70728436427,330134.70728436427
1.0,344302.92912233865,323927.2889830297,0.0,10,344302.9291223386,210,14171.54120839205,323927.2889830297,367047.1027376238,367047.1027376238,1.0,5264000,10,210,0.0,14171.54120839205,344302.9291223386,344302.92912233865
1.0,340577.71090043616,316148.75343844015,0.0,10,340577.7109004362,211,14763.127294837377,316148.75343844015,361202.864012424,361202.864012424,1.0,5288000,10,211,0.0,14763.127294837377,340577.7109004362,340577.71090043616
1.0,339009.8445686699,277189.3340453788,0.0,10,339009.8445686699,212,28203.622491093785,277189.3340453788,370547.608966915,370547.608966915,1.0,5312000,10,212,0.0,28203.622491093785,339009.8445686699,339009.8445686699
1.0,341595.58403511276,310872.086549358,0.0,10,341595.58403511276,213,13361.74775662747,310872.086549358,362837.77279104426,362837.77279104426,1.0,5336000,10,213,0.0,13361.74775662747,341595.58403511276,341595.58403511276
1.0,341217.1859960476,285945.28039822675,0.0,10,341217.18599604757,214,23896.35302866741,285945.28039822675,361969.1716759286,361969.1716759286,1.0,5360000,10,214,0.0,23896.35302866741,341217.18599604757,341217.1859960476
0.0,21767.986063719087,-109.75231033417722,0.0,10,21767.986063719098,215,57568.465489173825,-109.75231033417722,194316.97403843928,194316.97403843928,0.0,5384000,10,215,0.0,57568.465489173825,21767.986063719098,21767.986063719087
0.4,139591.34103136486,-106.03664641066679,0.0,10,139591.34103136486,216,146151.4609924082,-106.03664641066679,349894.14043522684,349894.14043522684,0.4,5408000,10,216,0.0,146151.4609924082,139591.34103136486,139591.34103136486
0.8,319294.15953093965,253606.63246348788,0.0,10,319294.15953093965,217,42096.03597224395,253606.63246348788,365058.5681618655,365058.5681618655,0.8,5432000,10,217,0.0,42096.03597224395,319294.15953093965,319294.15953093965
1.0,348304.20336354204,305678.045147971,0.0,10,348304.2033635421,218,16044.139662938502,305678.045147971,360754.3024880817,360754.3024880817,1.0,5456000,10,218,0.0,16044.139662938502,348304.2033635421,348304.20336354204
1.0,322117.8105083293,151247.95154423505,0.0,10,322117.8105083293,219,67425.6176512838,151247.95154423505,367696.40744861454,367696.40744861454,1.0,5480000,10,219,0.0,67425.6176512838,322117.8105083293,322117.8105083293
1.0,344217.7041241779,310447.6958446414,0.0,10,344217.7041241779,220,15900.963481996476,310447.6958446414,363541.7257654225,363541.7257654225,1.0,5504000,10,220,0.0,15900.963481996476,344217.7041241779,344217.7041241779
0.4,82556.6834693705,-98.58942286599107,0.0,10,82556.6834693705,221,131080.6051081689,-98.58942286599107,359929.2268642317,359929.2268642317,0.4,5528000,10,221,0.0,131080.6051081689,82556.6834693705,82556.6834693705
0.2,43785.09878357958,-106.33213813861418,0.0,10,43785.098783579575,222,95909.97079412748,-106.33213813861418,308315.4728605212,308315.4728605212,0.2,5552000,10,222,0.0,95909.97079412748,43785.098783579575,43785.09878357958
0.3,128950.86806919747,-114.46779552276675,0.0,10,128950.86806919744,223,160600.11360064757,-114.46779552276675,369126.4820071561,369126.4820071561,0.3,5576000,10,223,0.0,160600.11360064757,128950.86806919744,128950.86806919747
0.3,66104.57452642676,-102.66483192036608,0.0,10,66104.57452642676,224,115251.49651379752,-102.66483192036608,364556.96288527275,364556.96288527275,0.3,5600000,10,224,0.0,115251.49651379752,66104.57452642676,66104.57452642676
1.0,345611.43088723265,334377.0704594272,0.0,10,345611.43088723265,225,8247.791799787952,334377.0704594272,359565.62309579685,359565.62309579685,1.0,5624000,10,225,0.0,8247.791799787952,345611.43088723265,345611.43088723265
1.0,351846.37083811156,336865.9927047003,0.0,10,351846.3708381116,226,6583.2952008588745,336865.9927047003,360554.7810061072,360554.7810061072,1.0,5648000,10,226,0.0,6583.2952008588745,351846.3708381116,351846.37083811156
1.0,356553.2117356508,340879.1534590487,0.0,10,356553.2117356508,227,7313.419020010081,340879.1534590487,366154.824837646,366154.824837646,1.0,5672000,10,227,0.0,7313.419020010081,356553.2117356508,356553.2117356508
1.0,357430.38063769013,337970.6275166008,0.0,10,357430.3806376902,228,7207.593679456221,337970.6275166008,364156.2964374452,364156.2964374452,1.0,5696000,10,228,0.0,7207.593679456221,357430.3806376902,357430.38063769013
1.0,350497.02349754435,327790.8001030247,0.0,10,350497.02349754435,229,11839.160739561732,327790.8001030247,365658.9089370893,365658.9089370893,1.0,5720000,10,229,0.0,11839.160739561732,350497.02349754435,350497.02349754435
0.9,317807.2854088366,79254.50287958847,0.0,10,317807.2854088366,230,80279.03046319081,79254.50287958847,359814.8227213089,359814.8227213089,0.9,5744000,10,230,0.0,80279.03046319081,317807.2854088366,317807.2854088366
1.0,335181.1230069357,239669.36789160006,0.0,10,335181.1230069357,231,33223.68042214511,239669.36789160006,357928.6247113358,357928.6247113358,1.0,5768000,10,231,0.0,33223.68042214511,335181.1230069357,335181.1230069357
1.0,349189.12367293006,299500.6773449271,0.0,10,349189.1236729302,232,19951.007139360732,299500.6773449271,369516.28567732015,369516.28567732015,1.0,5792000,10,232,0.0,19951.007139360732,349189.1236729302,349189.12367293006
1.0,357563.90091845056,350355.05168511084,0.0,10,357563.90091845056,233,4347.545090737841,350355.05168511084,365946.71118934604,365946.71118934604,1.0,5816000,10,233,0.0,4347.545090737841,357563.90091845056,357563.90091845056
1.0,354436.4831508531,333812.6671586675,0.0,10,354436.4831508531,234,9026.1702259745,333812.6671586675,366362.20784709725,366362.20784709725,1.0,5840000,10,234,0.0,9026.1702259745,354436.4831508531,354436.4831508531
1.0,331024.9960618946,178303.2929320974,0.0,10,331024.9960618945,235,52030.09259218681,178303.2929320974,360382.90101634676,360382.90101634676,1.0,5864000,10,235,0.0,52030.09259218681,331024.9960618945,331024.9960618946
0.9,323676.9556004505,128304.53072997922,0.0,10,323676.9556004504,236,67281.28401711163,128304.53072997922,368644.45785583195,368644.45785583195,0.9,5888000,10,236,0.0,67281.28401711163,323676.9556004504,323676.9556004505
0.8,286156.85780277057,30246.343614742764,0.0,10,286156.85780277045,237,95277.32091379348,30246.343614742764,357164.35613599455,357164.35613599455,0.8,5912000,10,237,0.0,95277.32091379348,286156.85780277045,286156.85780277057
0.8,307971.8894336835,85284.00780656737,0.0,10,307971.8894336834,238,83180.35637347445,85284.00780656737,359116.80128738424,359116.80128738424,0.8,5936000,10,238,0.0,83180.35637347445,307971.8894336834,307971.8894336835
0.6,236523.0540208946,5153.258973825419,0.0,10,236523.0540208947,239,139937.65363211452,5153.258973825419,355820.08159215125,355820.08159215125,0.6,5960000,10,239,0.0,139937.65363211452,236523.0540208947,236523.0540208946
0.9,311342.80657934153,233805.81542990153,0.0,10,311342.8065793415,240,43981.51565462118,233805.81542990153,357778.61470681115,357778.61470681115,0.9,5984000,10,240,0.0,43981.51565462118,311342.8065793415,311342.80657934153
0.8,289420.8421120002,45773.8064867689,0.0,10,289420.8421120003,241,91081.59141763249,45773.8064867689,363104.26288671984,363104.26288671984,0.8,6008000,10,241,0.0,91081.59141763249,289420.8421120003,289420.8421120002
0.8,282970.4230660691,6037.455719338055,0.0,10,282970.42306606896,242,109991.27988325499,6037.455719338055,364705.29830838996,364705.29830838996,0.8,6032000,10,242,0.0,109991.27988325499,282970.42306606896,282970.4230660691
0.8,298457.93230207893,59910.827531532945,0.0,10,298457.932302079,243,85448.6812325371,59910.827531532945,357599.48357080226,357599.48357080226,0.8,6056000,10,243,0.0,85448.6812325371,298457.932302079,298457.93230207893
0.9,322210.44130531664,209491.0894797029,0.0,10,322210.44130531675,244,46786.28113109141,209491.0894797029,359351.20830405236,359351.20830405236,0.9,6080000,10,244,0.0,46786.28113109141,322210.44130531675,322210.44130531664
0.8,295021.5341992846,71295.23719520189,0.0,10,295021.53419928456,245,108773.12063820186,71295.23719520189,361636.4260438424,361636.4260438424,0.8,6104000,10,245,0.0,108773.12063820186,295021.53419928456,295021.5341992846
1.0,318870.6590707624,174660.91901095823,0.0,10,318870.6590707624,246,60159.19643694332,174660.91901095823,365563.8000137659,365563.8000137659,1.0,6128000,10,246,0.0,60159.19643694332,318870.6590707624,318870.6590707624
1.0,344836.58041063667,276971.9361021234,0.0,10,344836.5804106367,247,27384.209900912945,276971.9361021234,366750.0014559837,366750.0014559837,1.0,6152000,10,247,0.0,27384.209900912945,344836.5804106367,344836.58041063667
1.0,342777.49433535413,309005.3285411693,0.0,10,342777.4943353542,248,17933.409767996876,309005.3285411693,360465.69665794494,360465.69665794494,1.0,6176000,10,248,0.0,17933.409767996876,342777.4943353542,342777.49433535413
0.9,310878.6855951636,113993.00995209199,0.0,10,310878.6855951636,249,74801.35900488145,113993.00995209199,365672.228472237,365672.228472237,0.9,6200000,10,249,0.0,74801.35900488145,310878.6855951636,310878.6855951636
0.9,323435.77918302047,188670.82773187495,0.0,10,323435.77918302047,250,51798.42391974613,188670.82773187495,365701.7182344897,365701.7182344897,0.9,6224000,10,250,0.0,51798.42391974613,323435.77918302047,323435.77918302047
0.3,88322.76813357306,-105.95647251796616,0.0,10,88322.7681335731,251,136124.40999020453,-105.95647251796616,347219.9703294991,347219.9703294991,0.3,6248000,10,251,0.0,136124.40999020453,88322.7681335731,88322.76813357306
0.4,153606.46948188735,-76.90395517019572,0.0,10,153606.46948188735,252,158746.96397443206,-76.90395517019572,353576.0630419234,353576.0630419234,0.4,6272000,10,252,0.0,158746.96397443206,153606.46948188735,153606.46948188735
0.5,176721.21238999994,-91.73446824515403,0.0,10,176721.21239000003,253,176827.49307594757,-91.73446824515403,358094.0878804426,358094.0878804426,0.5,6296000,10,253,0.0,176827.49307594757,176721.21239000003,176721.21238999994
0.4,142579.32157537332,-73.47272967932153,0.0,10,142579.32157537332,254,174714.1006974894,-73.47272967932153,363097.1238357389,363097.1238357389,0.4,6320000,10,254,0.0,174714.1006974894,142579.32157537332,142579.32157537332
0.3,132988.5783951516,-13.038925661765202,0.0,10,132988.5783951516,255,140110.2322423237,-13.038925661765202,338586.7827234806,338586.7827234806,0.3,6344000,10,255,0.0,140110.2322423237,132988.5783951516,132988.5783951516
0.2,66469.59280727926,-113.3306476297924,0.0,10,66469.59280727929,256,131315.28650299736,-113.3306476297924,354633.24326430523,354633.24326430523,0.2,6368000,10,256,0.0,131315.28650299736,66469.59280727929,66469.59280727926
0.3,131644.3452282178,-83.45071386248902,0.0,10,131644.3452282178,257,161570.98660511596,-83.45071386248902,352677.62440103927,352677.62440103927,0.3,6392000,10,257,0.0,161570.98660511596,131644.3452282178,131644.3452282178
0.4,154993.53504726492,-21.967622462016728,0.0,10,154993.53504726494,258,159358.99094396137,-21.967622462016728,364120.878408782,364120.878408782,0.4,6416000,10,258,0.0,159358.99094396137,154993.53504726494,154993.53504726492
1.0,312412.96409899613,227217.73569337395,0.0,10,312412.964098996,259,40690.13005745622,227217.73569337395,354781.3848983398,354781.3848983398,1.0,6440000,10,259,0.0,40690.13005745622,312412.964098996,312412.96409899613
1.0,347199.4289468837,312260.108869852,0.0,10,347199.42894688377,260,14361.954270258899,312260.108869852,359156.4737462463,359156.4737462463,1.0,6464000,10,260,0.0,14361.954270258899,347199.42894688377,347199.4289468837
1.0,347309.45152830094,307145.2170904663,0.0,10,347309.4515283009,261,14770.854604024758,307145.2170904663,361415.5129276807,361415.5129276807,1.0,6488000,10,261,0.0,14770.854604024758,347309.4515283009,347309.45152830094
1.0,348270.59687373665,324324.8703369901,0.0,10,348270.5968737366,262,13457.669871882892,324324.8703369901,364080.3074194649,364080.3074194649,1.0,6512000,10,262,0.0,13457.669871882892,348270.5968737366,348270.59687373665
0.9,321837.8454315146,199166.72681021286,0.0,10,321837.84543151455,263,52627.12710176937,199166.72681021286,364455.1887138366,364455.1887138366,0.9,6536000,10,263,0.0,52627.12710176937,321837.84543151455,321837.8454315146
0.8,309269.5278144787,167007.29813298507,0.0,10,309269.52781447873,264,67881.32858641238,167007.29813298507,365169.90688888327,365169.90688888327,0.8,6560000,10,264,0.0,67881.32858641238,309269.52781447873,309269.5278144787
1.0,341747.5496184643,315863.43207799376,0.0,10,341747.5496184643,265,18170.694808893448,315863.43207799376,366829.2002855589,366829.2002855589,1.0,6584000,10,265,0.0,18170.694808893448,341747.5496184643,341747.5496184643
1.0,351455.80816439487,308733.60074513644,0.0,10,351455.8081643948,266,16497.62265579813,308733.60074513644,364702.70211989473,364702.70211989473,1.0,6608000,10,266,0.0,16497.62265579813,351455.8081643948,351455.80816439487
1.0,354852.52764766116,341667.4039478221,0.0,10,354852.5276476613,267,7558.56349462812,341667.4039478221,364924.59751288325,364924.59751288325,1.0,6632000,10,267,0.0,7558.56349462812,354852.5276476613,354852.52764766116
1.0,355327.75785401405,343248.1783184771,0.0,10,355327.75785401405,268,6781.439509248086,343248.1783184771,368510.6453130401,368510.6453130401,1.0,6656000,10,268,0.0,6781.439509248086,355327.75785401405,355327.75785401405
1.0,336181.5829614279,206786.71747665352,0.0,10,336181.5829614278,269,44500.58727094925,206786.71747665352,362238.8606479154,362238.8606479154,1.0,6680000,10,269,0.0,44500.58727094925,336181.5829614278,336181.5829614279
0.5,169307.33945631905,-19.589417014786886,0.0,10,169307.33945631905,270,168610.32973977856,-19.589417014786886,372432.14678972063,372432.14678972063,0.5,6704000,10,270,0.0,168610.32973977856,169307.33945631905,169307.33945631905
0.8,305406.12308484386,112927.19339015505,0.0,10,305406.1230848439,271,93677.37556156814,112927.19339015505,361318.2402157253,361318.2402157253,0.8,6728000,10,271,0.0,93677.37556156814,305406.1230848439,305406.12308484386
0.3,77059.90255366171,-80.31767187876365,0.0,10,77059.90255366173,272,129664.77000268479,-80.31767187876365,360829.12179567205,360829.12179567205,0.3,6752000,10,272,0.0,129664.77000268479,77059.90255366173,77059.90255366171
0.7,187257.93454598036,1695.1769375049182,0.0,10,187257.93454598036,273,139478.05967536476,1695.1769375049182,356795.6668040468,356795.6668040468,0.7,6776000,10,273,0.0,139478.05967536476,187257.93454598036,187257.93454598036
1.0,337550.50123489794,296159.10195724585,0.0,10,337550.50123489794,274,22275.862185812264,296159.10195724585,368849.618508593,368849.618508593,1.0,6800000,10,274,0.0,22275.862185812264,337550.50123489794,337550.50123489794
0.9,329525.9889410394,87433.18554906861,0.0,10,329525.98894103954,275,81641.23903952538,87433.18554906861,369714.21046142094,369714.21046142094,0.9,6824000,10,275,0.0,81641.23903952538,329525.98894103954,329525.9889410394
0.8,289964.1157778108,121199.15694489119,0.0,10,289964.11577781086,276,92458.23499115341,121199.15694489119,362573.60733482963,362573.60733482963,0.8,6848000,10,276,0.0,92458.23499115341,289964.11577781086,289964.1157778108
1.0,349353.91941359604,313998.8541118646,0.0,10,349353.91941359604,277,17625.93604980557,313998.8541118646,375282.2932160366,375282.2932160366,1.0,6872000,10,277,0.0,17625.93604980557,349353.91941359604,349353.91941359604
0.9,312666.63401892397,191199.46248028983,0.0,10,312666.63401892397,278,50260.57860750262,191199.46248028983,357474.67331853,357474.67331853,0.9,6896000,10,278,0.0,50260.57860750262,312666.63401892397,312666.63401892397
0.8,301911.7387575729,120960.05927321933,0.0,10,301911.7387575729,279,75072.47271712575,120960.05927321933,355389.85133715667,355389.85133715667,0.8,6920000,10,279,0.0,75072.47271712575,301911.7387575729,301911.7387575729
0.9,334849.40579700336,273496.66194418794,0.0,10,334849.40579700336,280,28738.342123942213,273496.66194418794,374129.80803222023,374129.80803222023,0.9,6944000,10,280,0.0,28738.342123942213,334849.40579700336,334849.40579700336
1.0,332675.90249138314,234081.32350380268,0.0,10,332675.90249138314,281,35911.01528690489,234081.32350380268,363913.3872673614,363913.3872673614,1.0,6968000,10,281,0.0,35911.01528690489,332675.90249138314,332675.90249138314
1.0,344329.9013627811,322113.20470316126,0.0,10,344329.90136278106,282,12987.051298407396,322113.20470316126,364729.977528457,364729.977528457,1.0,6992000,10,282,0.0,12987.051298407396,344329.90136278106,344329.9013627811
0.9,307774.2725946486,137565.6813866305,0.0,10,307774.27259464853,283,61442.6243113825,137565.6813866305,360209.57863061415,360209.57863061415,0.9,7016000,10,283,0.0,61442.6243113825,307774.27259464853,307774.2725946486
0.9,321228.91187097307,169297.95790409512,0.0,10,321228.91187097307,284,55915.06332507747,169297.95790409512,359818.33837854373,359818.33837854373,0.9,7040000,10,284,0.0,55915.06332507747,321228.91187097307,321228.91187097307
1.0,346237.20778378355,330558.05958071153,0.0,10,346237.20778378344,285,12254.34624427006,330558.05958071153,365562.3276429628,365562.3276429628,1.0,7064000,10,285,0.0,12254.34624427006,346237.20778378344,346237.20778378355
1.0,340874.1132027563,250190.7081341867,0.0,10,340874.11320275645,286,32552.30435056771,250190.7081341867,365066.81829574256,365066.81829574256,1.0,7088000,10,286,0.0,32552.30435056771,340874.11320275645,340874.1132027563
1.0,353662.37037970044,334982.1212100603,0.0,10,353662.3703797004,287,15015.848720753504,334982.1212100603,372719.952549744,372719.952549744,1.0,7112000,10,287,0.0,15015.848720753504,353662.3703797004,353662.37037970044
1.0,328871.2308188566,269915.0103889512,0.0,10,328871.2308188566,288,30305.504726137588,269915.0103889512,365001.3959025298,365001.3959025298,1.0,7136000,10,288,0.0,30305.504726137588,328871.2308188566,328871.2308188566
1.0,345781.2996480822,314078.96506992826,0.0,10,345781.2996480822,289,16156.004811823099,314078.96506992826,365912.1252727912,365912.1252727912,1.0,7160000,10,289,0.0,16156.004811823099,345781.2996480822,345781.2996480822
0.9,326563.2417834463,230969.92727653243,0.0,10,326563.24178344634,290,35598.88394444894,230969.92727653243,363250.766720344,363250.766720344,0.9,7184000,10,290,0.0,35598.88394444894,326563.24178344634,326563.2417834463
1.0,325331.35446891293,247464.81553886482,0.0,10,325331.354468913,291,36517.86964485472,247464.81553886482,361203.5730840093,361203.5730840093,1.0,7208000,10,291,0.0,36517.86964485472,325331.354468913,325331.35446891293
0.5,171367.2200493624,-85.19152473497378,0.0,10,171367.22004936228,292,171766.25346411666,-85.19152473497378,357160.6064170438,357160.6064170438,0.5,7232000,10,292,0.0,171766.25346411666,171367.22004936228,171367.2200493624
1.0,310787.078230437,12588.20757882033,0.0,10,310787.07823043695,293,106028.44231449859,12588.20757882033,372087.88444939384,372087.88444939384,1.0,7256000,10,293,0.0,106028.44231449859,310787.07823043695,310787.078230437
1.0,285763.29649252014,99863.63704675976,0.0,10,285763.29649252014,294,89852.95903434734,99863.63704675976,363065.7245626152,363065.7245626152,1.0,7280000,10,294,0.0,89852.95903434734,285763.29649252014,285763.29649252014
0.9,323690.79236265115,232038.8744830354,0.0,10,323690.7923626512,295,42529.09537984994,232038.8744830354,359001.1310689706,359001.1310689706,0.9,7304000,10,295,0.0,42529.09537984994,323690.7923626512,323690.79236265115
1.0,338804.44196458376,295207.53761410795,0.0,10,338804.4419645838,296,18343.385432603456,295207.53761410795,362236.8754948281,362236.8754948281,1.0,7328000,10,296,0.0,18343.385432603456,338804.4419645838,338804.44196458376
1.0,352624.2186611007,339270.55794472113,0.0,10,352624.21866110084,297,7512.368294164095,339270.55794472113,360987.7385018953,360987.7385018953,1.0,7352000,10,297,0.0,7512.368294164095,352624.21866110084,352624.2186611007
1.0,330362.57907855214,296275.8713213151,0.0,10,330362.5790785522,298,19451.066567995,296275.8713213151,356525.60993665946,356525.60993665946,1.0,7376000,10,298,0.0,19451.066567995,330362.5790785522,330362.57907855214
0.6,189615.8137760777,-15.51811490485731,0.0,10,189615.81377607764,299,156284.08752022017,-15.51811490485731,360891.6509513201,360891.6509513201,0.6,7400000,10,299,0.0,156284.08752022017,189615.81377607764,189615.8137760777
0.8,315921.756304938,213407.04035488633,0.0,10,315921.756304938,300,54990.57592231319,213407.04035488633,370693.91331398085,370693.91331398085,0.8,7424000,10,300,0.0,54990.57592231319,315921.756304938,315921.756304938
0.9,344429.6483218127,264660.4051306983,0.0,10,344429.64832181274,301,28326.614993140614,264660.4051306983,364946.5647965218,364946.5647965218,0.9,7448000,10,301,0.0,28326.614993140614,344429.64832181274,344429.6483218127
1.0,345099.3082590316,322554.3011531025,0.0,10,345099.3082590315,302,11678.891882451173,322554.3011531025,359569.16356599395,359569.16356599395,1.0,7472000,10,302,0.0,11678.891882451173,345099.3082590315,345099.3082590316
1.0,346732.5638042573,289470.5066123088,0.0,10,346732.5638042572,303,24899.587519398396,289470.5066123088,368321.7530784963,368321.7530784963,1.0,7496000,10,303,0.0,24899.587519398396,346732.5638042572,346732.5638042573
0.8,310819.3648933803,232427.46195523383,0.0,10,310819.36489338044,304,44630.74133181661,232427.46195523383,361234.2063221622,361234.2063221622,0.8,7520000,10,304,0.0,44630.74133181661,310819.36489338044,310819.3648933803
0.8,316256.191280335,212067.8093803388,0.0,10,316256.1912803351,305,50873.21705096772,212067.8093803388,362152.6637847457,362152.6637847457,0.8,7544000,10,305,0.0,50873.21705096772,316256.1912803351,316256.191280335
0.9,310969.59412904544,196731.0292941798,0.0,10,310969.59412904544,306,48566.210027297326,196731.0292941798,368839.4302753247,368839.4302753247,0.9,7568000,10,306,0.0,48566.210027297326,310969.59412904544,310969.59412904544
0.3,56179.07367857177,-117.88656737399957,0.0,10,56179.073678571775,307,107851.15900004332,-117.88656737399957,357847.10001622926,357847.10001622926,0.3,7592000,10,307,0.0,107851.15900004332,56179.073678571775,56179.07367857177
0.9,288318.42323603644,68524.72481804124,0.0,10,288318.4232360365,308,106422.48142455837,68524.72481804124,360669.5513460104,360669.5513460104,0.9,7616000,10,308,0.0,106422.48142455837,288318.4232360365,288318.42323603644
0.9,310666.7567084646,210100.03340777082,0.0,10,310666.7567084647,309,56429.80462292086,210100.03340777082,360133.22476593865,360133.22476593865,0.9,7640000,10,309,0.0,56429.80462292086,310666.7567084647,310666.7567084646
1.0,330094.96434524626,248961.49863424627,0.0,10,330094.9643452462,310,31198.238237961225,248961.49863424627,358742.43407153006,358742.43407153006,1.0,7664000,10,310,0.0,31198.238237961225,330094.9643452462,330094.96434524626
0.9,316433.3499939532,237672.14781163563,0.0,10,316433.3499939532,311,42121.43881464046,237672.14781163563,362480.78685531963,362480.78685531963,0.9,7688000,10,311,0.0,42121.43881464046,316433.3499939532,316433.3499939532
1.0,347749.9036328812,314576.052607909,0.0,10,347749.90363288124,312,15583.172581714429,314576.052607909,363618.3575276774,363618.3575276774,1.0,7712000,10,312,0.0,15583.172581714429,347749.90363288124,347749.9036328812
1.0,342704.7652016238,277509.26806454494,0.0,10,342704.7652016238,313,24498.50562891804,277509.26806454494,360241.41678952373,360241.41678952373,1.0,7736000,10,313,0.0,24498.50562891804,342704.7652016238,342704.7652016238
1.0,332754.4528685708,240157.5379307058,0.0,10,332754.4528685708,314,32771.248487232486,240157.5379307058,359396.25050141854,359396.25050141854,1.0,7760000,10,314,0.0,32771.248487232486,332754.4528685708,332754.4528685708
1.0,337720.6107352007,292382.33710160456,0.0,10,337720.6107352007,315,20787.808956182766,292382.33710160456,363578.6550455462,363578.6550455462,1.0,7784000,10,315,0.0,20787.808956182766,337720.6107352007,337720.6107352007
0.9,336712.1042548004,254225.75520791832,0.0,10,336712.1042548004,316,30055.007983300693,254225.75520791832,364669.7279212561,364669.7279212561,0.9,7808000,10,316,0.0,30055.007983300693,336712.1042548004,336712.1042548004
1.0,307424.955528385,210721.58346126604,0.0,10,307424.9555283851,317,51629.00577155301,210721.58346126604,361794.6573750373,361794.6573750373,1.0,7832000,10,317,0.0,51629.00577155301,307424.9555283851,307424.955528385
1.0,344518.90032366785,313165.6217697993,0.0,10,344518.9003236678,318,14000.9183313073,313165.6217697993,360516.9990900328,360516.9990900328,1.0,7856000,10,318,0.0,14000.9183313073,344518.9003236678,344518.90032366785
0.6,81784.5694310308,-12.1728810943654,0.0,10,81784.56943103077,319,141117.44874738625,-12.1728810943654,362763.31266666984,362763.31266666984,0.6,7880000,10,319,0.0,141117.44874738625,81784.56943103077,81784.5694310308
0.5,162432.25651819236,-17.153689157111664,0.0,10,162432.2565181924,320,165124.0860825289,-17.153689157111664,360980.7376793039,360980.7376793039,0.5,7904000,10,320,0.0,165124.0860825289,162432.2565181924,162432.25651819236
0.3,156925.8704761011,-61.97395709406326,0.0,10,156925.87047610106,321,161296.77171204137,-61.97395709406326,359050.2722368381,359050.2722368381,0.3,7928000,10,321,0.0,161296.77171204137,156925.87047610106,156925.8704761011
0.4,164476.06662115906,-20.744735726861318,0.0,10,164476.0666211591,322,168086.62922010187,-20.744735726861318,368189.5752097858,368189.5752097858,0.4,7952000,10,322,0.0,168086.62922010187,164476.0666211591,164476.06662115906
0.3,119958.38622412377,-19.78304726209044,0.0,10,119958.38622412374,323,144474.19519595918,-19.78304726209044,338702.3038346782,338702.3038346782,0.3,7976000,10,323,0.0,144474.19519595918,119958.38622412374,119958.38622412377
1.0,339856.38600830256,289473.1684710367,0.0,10,339856.3860083025,324,26009.26985410306,289473.1684710367,365655.0690622763,365655.0690622763,1.0,8000000,10,324,0.0,26009.26985410306,339856.3860083025,339856.38600830256
0.9,305035.0393897126,198862.4099968973,0.0,10,305035.0393897127,325,42126.34465238279,198862.4099968973,353534.09602180857,353534.09602180857,0.9,8024000,10,325,0.0,42126.34465238279,305035.0393897127,305035.0393897126
0.0,-66.31686177367781,-109.20305840920201,0.0,10,-66.31686177367783,326,35.43326283446879,-109.20305840920201,-16.149875605218558,-16.149875605218558,0.0,8048000,10,326,0.0,35.43326283446879,-66.31686177367783,-66.31686177367781
0.1,38105.64122877132,-105.96961971935445,0.0,10,38105.641228771325,327,108193.9385447561,-105.96961971935445,362620.9595700544,362620.9595700544,0.1,8072000,10,327,0.0,108193.9385447561,38105.641228771325,38105.64122877132
1.0,144025.64000145817,2623.511273276766,0.0,10,144025.64000145817,328,169943.2787522247,2623.511273276766,361670.23547940096,361670.23547940096,1.0,8096000,10,328,0.0,169943.2787522247,144025.64000145817,144025.64000145817
0.2,38264.30452722183,-99.98391714529217,0.0,10,38264.304527221844,329,106602.40300458594,-99.98391714529217,357938.2942760371,357938.2942760371,0.2,8120000,10,329,0.0,106602.40300458594,38264.304527221844,38264.30452722183
0.3,86874.77433607752,-64.57376583464158,0.0,10,86874.77433607749,330,144996.57590313334,-64.57376583464158,371697.4248857086,371697.4248857086,0.3,8144000,10,330,0.0,144996.57590313334,86874.77433607749,86874.77433607752
0.7,311471.21525567875,116779.38472948091,0.0,10,311471.21525567875,331,79303.62492685528,116779.38472948091,372259.4859954747,372259.4859954747,0.7,8168000,10,331,0.0,79303.62492685528,311471.21525567875,311471.21525567875
1.0,343799.92215550214,301484.6059838946,0.0,10,343799.92215550214,332,17048.549116128965,301484.6059838946,360580.12314187764,360580.12314187764,1.0,8192000,10,332,0.0,17048.549116128965,343799.92215550214,343799.92215550214
1.0,347058.39099926624,313301.74753989256,0.0,10,347058.39099926624,333,11797.501676139233,313301.74753989256,355320.4865520201,355320.4865520201,1.0,8216000,10,333,0.0,11797.501676139233,347058.39099926624,347058.39099926624
0.7,291843.6693718031,167868.53932496638,0.0,10,291843.66937180306,334,76970.24816568811,167868.53932496638,358091.40807916084,358091.40807916084,0.7,8240000,10,334,0.0,76970.24816568811,291843.66937180306,291843.6693718031
1.0,353526.9587000689,316940.8213638698,0.0,10,353526.9587000689,335,14446.844680638715,316940.8213638698,369985.5709358545,369985.5709358545,1.0,8264000,10,335,0.0,14446.844680638715,353526.9587000689,353526.9587000689
1.0,356330.48837165494,329754.2534392974,0.0,10,356330.488371655,336,11655.245972764778,329754.2534392974,368806.00167848566,368806.00167848566,1.0,8288000,10,336,0.0,11655.245972764778,356330.488371655,356330.48837165494
1.0,343014.3808820969,268558.3023423661,0.0,10,343014.38088209694,337,28303.011549041767,268558.3023423661,363196.6842924887,363196.6842924887,1.0,8312000,10,337,0.0,28303.011549041767,343014.38088209694,343014.3808820969
0.3,72557.7202851226,-106.06832909523416,0.0,10,72557.72028512257,338,138800.50356389402,-106.06832909523416,366834.1909491287,366834.1909491287,0.3,8336000,10,338,0.0,138800.50356389402,72557.72028512257,72557.7202851226
0.3,97266.84675682057,-43.88435664862452,0.0,10,97266.84675682057,339,147498.8797028749,-43.88435664862452,365573.4184127978,365573.4184127978,0.3,8360000,10,339,0.0,147498.8797028749,97266.84675682057,97266.84675682057
0.5,123061.31975564612,-101.32756088892205,0.0,10,123061.31975564608,340,141633.51207130484,-101.32756088892205,355984.51741736615,355984.51741736615,0.5,8384000,10,340,0.0,141633.51207130484,123061.31975564608,123061.31975564612
0.4,73244.16019146613,-86.17798890202057,0.0,10,73244.1601914661,341,143081.13899347515,-86.17798890202057,360139.7910514507,360139.7910514507,0.4,8408000,10,341,0.0,143081.13899347515,73244.1601914661,73244.16019146613
0.2,87427.80420621598,-134.9318624685419,0.0,10,87427.80420621598,342,138645.95923147487,-134.9318624685419,369670.07542812836,369670.07542812836,0.2,8432000,10,342,0.0,138645.95923147487,87427.80420621598,87427.80420621598
0.7,305159.37991156825,249092.5006897978,0.0,10,305159.3799115683,343,25826.086044433214,249092.5006897978,336878.1806118551,336878.1806118551,0.7,8456000,10,343,0.0,25826.086044433214,305159.3799115683,305159.37991156825
1.0,281984.423178441,10761.575768376937,0.0,10,281984.423178441,344,135535.27694415508,10761.575768376937,360851.04568732396,360851.04568732396,1.0,8480000,10,344,0.0,135535.27694415508,281984.423178441,281984.423178441
1.0,355687.2756199644,332556.603917592,0.0,10,355687.27561996446,345,11922.051658902845,332556.603917592,367066.3149543807,367066.3149543807,1.0,8504000,10,345,0.0,11922.051658902845,355687.27561996446,355687.2756199644
