MetaTest/plate-slide-v1/AverageDiscountedReturn,plate-slide-v1/StdReturn,MetaTest/Average/Iteration,policy/LossAfter,Average/NumEpisodes,Average/AverageDiscountedReturn,MetaTest/Average/NumEpisodes,LinearFeatureBaseline/ExplainedVariance,MetaTest/plate-slide-v1/AverageReturn,plate-slide-v1/TerminationRate,plate-slide-v1/AverageDiscountedReturn,Average/MinReturn,MetaTest/Average/MinReturn,plate-slide-v1/MaxReturn,MetaTest/plate-slide-v1/SuccessRate,Average/MaxReturn,plate-slide-v1/MinReturn,MetaTest/Average/TerminationRate,Average/SuccessRate,policy/KLBefore,TotalEnvSteps,Average/Iteration,policy/KL,plate-slide-v1/NumEpisodes,policy/Entropy,policy/dLoss,Average/StdReturn,MetaTest/Average/AverageDiscountedReturn,MetaTest/plate-slide-v1/NumEpisodes,Average/TerminationRate,policy/LossBefore,Average/AverageReturn,MetaTest/Average/SuccessRate,MetaTest/plate-slide-v1/StdReturn,MetaTest/plate-slide-v1/Iteration,MetaTest/Average/MaxReturn,MetaTest/Average/StdReturn,MetaTest/plate-slide-v1/MaxReturn,plate-slide-v1/Iteration,MetaTest/plate-slide-v1/TerminationRate,MetaTest/Average/AverageReturn,plate-slide-v1/AverageReturn,MetaTest/plate-slide-v1/MinReturn,plate-slide-v1/SuccessRate
-55.88836474973228,10.97299368994064,0,-0.0433578,100,-20.149867693715112,10,0.39824800816396155,-55.88836474973228,0.0,-20.149867693715112,-76.56696222320818,-71.63233747650725,-28.936960315582255,0.0,-28.936960315582255,-76.56696222320818,0.0,0.0,0.0,20000,0,0.013408806,100,5.6877007,0.03462762,10.97299368994064,-55.88836474973228,10,0.0,-0.0087301815,-54.28872184731062,0.0,9.289037822103198,0,-44.701915769931134,9.289037822103198,-44.701915769931134,0,0.0,-55.88836474973228,-54.28872184731062,-71.63233747650725,0.0
,9.970158691794401,,-0.03541956,100,-15.265421882215072,,0.470442735911328,,0.0,-15.265421882215072,-74.50689640272832,,-10.890939087204735,,-10.890939087204735,-74.50689640272832,,0.0,0.0,40000,1,0.02201218,100,5.6864424,0.02586481,9.970158691794401,,,0.0,-0.009554751,-38.799279106867324,,,,,,,1,,,-38.799279106867324,,0.0
,127.49086698774859,,-0.20885962,100,3.4377237598816013,,0.09049923252238168,,0.0,3.4377237598816013,-60.081476215752254,,956.7727320539916,,956.7727320539916,-60.081476215752254,,0.0,0.0,60000,2,0.00839502,100,5.693972,0.17574316,127.49086698774859,,,0.0,-0.033116456,11.957322281465176,,,,,,,2,,,11.957322281465176,,0.0
,306.26011159728984,,-0.24669531,100,37.11477963229661,,0.11599111605862211,,0.0,37.11477963229661,-53.72559240003207,,1704.4754278349405,,1704.4754278349405,-53.72559240003207,,0.0,0.0,80000,3,0.011279737,100,5.6850486,0.42601064,306.26011159728984,,,0.0,0.17931533,103.21778262988205,,,,,,,3,,,103.21778262988205,,0.0
,859.449802628259,,-0.5026746,100,129.49339534822172,,0.10061911689788217,,0.0,129.49339534822172,-54.31190398591222,,4441.681041398952,,4441.681041398952,-54.31190398591222,,0.0,0.0,100000,4,0.0057128225,100,5.661901,0.8282459,859.449802628259,,,0.0,0.3255713,368.1555576711308,,,,,,,4,,,368.1555576711308,,0.0
,1309.5962317063281,,-0.65765625,100,182.5499596869513,,0.18130952292806835,,0.0,182.5499596869513,-50.87078580785022,,7096.193800990603,,7096.193800990603,-50.87078580785022,,0.01,0.0,120000,5,0.0046402854,100,5.6285477,1.4194082,1309.5962317063281,,,0.0,0.76175195,464.27019469593347,,,,,,,5,,,464.27019469593347,,0.01
,1516.3585273014974,,-0.90053517,100,155.98101179148335,,0.10753138651731753,,0.0,155.98101179148335,-50.28602776886761,,11608.671803989646,,11608.671803989646,-50.28602776886761,,0.01,0.0,140000,6,0.006172546,100,5.5983963,1.437068,1516.3585273014974,,,0.0,0.5365328,449.20071518587065,,,,,,,6,,,449.20071518587065,,0.01
,1433.5190793610852,,-1.588839,100,262.21362883531,,0.13552468487834235,,0.0,262.21362883531,-53.801494718649394,,7923.415002055228,,7923.415002055228,-53.801494718649394,,0.0,0.0,160000,7,0.0056480193,100,5.5770135,1.2654117,1433.5190793610852,,,0.0,-0.32342735,687.7873278712452,,,,,,,7,,,687.7873278712452,,0.0
,1764.1014626665992,,-2.3247492,100,311.51929283320527,,0.11602086271087597,,0.0,311.51929283320527,-52.41004202946421,,9590.27458049632,,9590.27458049632,-52.41004202946421,,0.0,0.0,180000,8,0.0041091074,100,5.5720162,1.5829844,1764.1014626665992,,,0.0,-0.74176484,828.6408998037255,,,,,,,8,,,828.6408998037255,,0.0
,3070.1221856883417,,-1.8804344,100,547.2439260504674,,0.2124088089819245,,0.0,547.2439260504674,-56.594898757047964,,18647.890301591568,,18647.890301591568,-56.594898757047964,,0.02,0.0,200000,9,0.0054506278,100,5.5445933,3.133636,3070.1221856883417,,,0.0,1.2532016,1570.252053714666,,,,,,,9,,,1570.252053714666,,0.02
1422.860224914219,2261.2338918125215,1,-4.6026936,100,513.0516644977099,10,0.19504862655523003,1422.8602249142195,0.0,513.0516644977099,-46.56158801807679,-39.144338939945754,13729.62076239257,0.0,13729.62076239257,-46.56158801807679,0.0,0.02,0.0,220000,10,0.0038943298,100,5.537177,2.0706654,2261.2338918125215,1422.860224914219,10,0.0,-2.5320282,1196.895064902709,0.0,1934.9650395696706,1,5543.756887903996,1934.9650395696706,5543.756887903996,10,0.0,1422.8602249142195,1196.895064902709,-39.144338939945754,0.02
,3238.3821314315474,,-3.9104593,100,576.2258464775352,,0.19131796931305345,,0.0,576.2258464775352,-44.39391015790074,,19827.57519470583,,19827.57519470583,-44.39391015790074,,0.02,0.0,240000,11,0.00479198,100,5.519528,3.0062218,3238.3821314315474,,,0.0,-0.9042375,1557.594866808134,,,,,,,11,,,1557.594866808134,,0.02
,2447.322340908856,,-5.8277025,100,620.8636443272807,,0.12189471006090913,,0.0,620.8636443272807,-51.30647304925079,,10500.097363873305,,10500.097363873305,-51.30647304925079,,0.01,0.0,260000,12,0.0046153152,100,5.503319,1.9869912,2447.322340908856,,,0.0,-3.8407114,1565.3058722003127,,,,,,,12,,,1565.3058722003127,,0.01
,3049.321133214389,,-3.590025,100,529.8689659719176,,0.16686479211765548,,0.0,529.8689659719176,-54.30244325032854,,19048.373616377314,,19048.373616377314,-54.30244325032854,,0.01,0.0,280000,13,0.0052436707,100,5.5044913,2.8661594,3049.321133214389,,,0.0,-0.7238656,1473.929185552796,,,,,,,13,,,1473.929185552796,,0.01
,3334.7204746909406,,-2.435961,100,785.6320966316943,,0.11355541644144596,,0.0,785.6320966316943,-49.727119255712815,,20727.66264602324,,20727.66264602324,-49.727119255712815,,0.02,0.0,300000,14,0.0072706505,100,5.505416,2.9076002,3334.7204746909406,,,0.0,0.47163907,1875.8293271278412,,,,,,,14,,,1875.8293271278412,,0.02
,4580.511751027697,,-10.864226,100,1135.180838525451,,0.17245595785101264,,0.0,1135.180838525451,-55.99178111388444,,20220.981185436678,,20220.981185436678,-55.99178111388444,,0.01,0.0,320000,15,0.0071839495,100,5.5105515,4.747941,4580.511751027697,,,0.0,-6.1162853,2744.447584083069,,,,,,,15,,,2744.447584083069,,0.01
,3951.4133470632387,,-1.9716859,100,820.1460375509158,,0.18873196445724516,,0.0,820.1460375509158,-53.06113239720276,,23802.996505982173,,23802.996505982173,-53.06113239720276,,0.03,0.0,340000,16,0.005651094,100,5.495519,2.9180686,3951.4133470632387,,,0.0,0.9463828,2294.3963494245963,,,,,,,16,,,2294.3963494245963,,0.03
,4569.809041440413,,-3.7858765,100,1063.6183469509638,,0.21546716914519293,,0.0,1063.6183469509638,-48.86812869739494,,20351.18880678685,,20351.18880678685,-48.86812869739494,,0.02,0.0,360000,17,0.005666531,100,5.4528203,4.570306,4569.809041440413,,,0.0,0.7844293,2857.1685074722063,,,,,,,17,,,2857.1685074722063,,0.02
,5456.856694731038,,-0.2406125,100,1224.4698004397205,,0.09980171367965662,,0.0,1224.4698004397205,-58.443017114155246,,32526.663992429574,,32526.663992429574,-58.443017114155246,,0.03,0.0,380000,18,0.008455342,100,5.437518,4.4558406,5456.856694731038,,,0.0,4.215228,3301.882922647071,,,,,,,18,,,3301.882922647071,,0.03
,6089.222630357375,,-11.055835,100,1518.704420920432,,0.17099556159819562,,0.0,1518.704420920432,-67.92384440492292,,29070.886377460793,,29070.886377460793,-67.92384440492292,,0.02,0.0,400000,19,0.007476662,100,5.4097285,6.3346643,6089.222630357375,,,0.0,-4.7211704,3971.8599019417866,,,,,,,19,,,3971.8599019417866,,0.02
1635.696328585622,9779.739860008889,2,-13.141315,100,2217.1727421242285,10,0.1568888487066885,1635.696328585622,0.0,2217.1727421242285,-71.83091541280871,-42.931985103742484,72064.79845805015,0.0,72064.79845805015,-71.83091541280871,0.0,0.02,0.0,420000,20,0.007643113,100,5.3825836,8.694987,9779.739860008889,1635.696328585622,10,0.0,-4.446328,6180.603768704588,0.0,2339.2201533885086,2,7287.739598518239,2339.2201533885086,7287.739598518239,20,0.0,1635.696328585622,6180.603768704588,-42.931985103742484,0.02
,4952.267320398838,,-6.373704,100,1671.5171777175624,,0.15874588907391862,,0.0,1671.5171777175624,-66.67116310300182,,18840.502069825783,,18840.502069825783,-66.67116310300182,,0.04,0.0,440000,21,0.006152633,100,5.368322,3.7514048,4952.267320398838,,,0.0,-2.6222992,4100.924873193662,,,,,,,21,,,4100.924873193662,,0.04
,10610.808674473836,,-10.4019,100,3136.133442434004,,0.18801409996802698,,0.0,3136.133442434004,-68.15378815263199,,43230.92144804628,,43230.92144804628,-68.15378815263199,,0.05,0.0,460000,22,0.007859962,100,5.3341627,10.924894,10610.808674473836,,,0.0,0.52299374,9067.197673739623,,,,,,,22,,,9067.197673739623,,0.05
,12566.144143090958,,-8.185856,100,3666.4599951388127,,0.1838786596478018,,0.0,3666.4599951388127,-78.8538468055589,,76004.71777446261,,76004.71777446261,-78.8538468055589,,0.03,0.0,480000,23,0.009704812,100,5.3231807,13.299568,12566.144143090958,,,0.0,5.1137123,10375.278769157325,,,,,,,23,,,10375.278769157325,,0.03
,7958.778391939164,,-2.6544375,100,2463.286761339648,,0.25130687861435375,,0.0,2463.286761339648,-55.80195522529026,,37152.64990949775,,37152.64990949775,-55.80195522529026,,0.06,0.0,500000,24,0.0052965265,100,5.301553,6.738894,7958.778391939164,,,0.0,4.0844564,7341.349820346396,,,,,,,24,,,7341.349820346396,,0.06
,12609.78436020703,,-10.182238,100,4310.877772293886,,0.1669103303284034,,0.0,4310.877772293886,-77.34189796495812,,58828.37078449274,,58828.37078449274,-77.34189796495812,,0.03,0.0,520000,25,0.0065285894,100,5.25251,13.253382,12609.78436020703,,,0.0,3.0711439,11760.729259405973,,,,,,,25,,,11760.729259405973,,0.03
,17124.331095989273,,-2.5119312,100,5291.798746376404,,0.24504672352212697,,0.0,5291.798746376404,-42.27303300518248,,79842.81837912208,,79842.81837912208,-42.27303300518248,,0.05,0.0,540000,26,0.008506523,100,5.23524,17.900618,17124.331095989273,,,0.0,15.388687,14972.844784320774,,,,,,,26,,,14972.844784320774,,0.05
,13174.617043607133,,-20.426813,100,4721.242277103691,,0.28732625875786655,,0.0,4721.242277103691,-61.98780697550573,,43994.93365505824,,43994.93365505824,-61.98780697550573,,0.03,0.0,560000,27,0.006083671,100,5.2086935,12.673213,13174.617043607133,,,0.0,-7.7536,14355.068590747367,,,,,,,27,,,14355.068590747367,,0.03
,16731.190445104032,,-24.948662,100,5628.245491081357,,0.24273403657026438,,0.0,5628.245491081357,14.055145364900293,,71627.69777486393,,71627.69777486393,14.055145364900293,,0.03,0.0,580000,28,0.007287042,100,5.170649,19.747124,16731.190445104032,,,0.0,-5.2015376,15493.608385917472,,,,,,,28,,,15493.608385917472,,0.03
,16345.901107232812,,-2.8914156,100,5915.160660136653,,0.2401140044054192,,0.0,5915.160660136653,-60.8789036897194,,72613.47380764224,,72613.47380764224,-60.8789036897194,,0.04,0.0,600000,29,0.0057849367,100,5.1681967,15.47325,16345.901107232812,,,0.0,12.581835,16758.607089192155,,,,,,,29,,,16758.607089192155,,0.04
16872.308187052582,15908.163556749585,3,-12.138382,100,5872.2134855905715,10,0.33187523581987344,16872.30818705257,0.0,5872.2134855905715,-62.77731700047059,-13.149121018244848,51201.454881238846,0.0,51201.454881238846,-62.77731700047059,0.0,0.02,0.0,620000,30,0.0060601686,100,5.1489644,15.675182,15908.163556749585,16872.308187052582,10,0.0,3.5368,16832.57302416651,0.0,14966.521347156655,3,54922.61087148742,14966.521347156655,54922.61087148742,30,0.0,16872.30818705257,16832.57302416651,-13.149121018244848,0.02
,15302.218827823393,,-18.482374,100,5371.517610985227,,0.21633364460771465,,0.0,5371.517610985227,-48.86023473557583,,70264.07670550993,,70264.07670550993,-48.86023473557583,,0.0,0.0,640000,31,0.0061324583,100,5.12883,13.272612,15302.218827823393,,,0.0,-5.2097626,15309.465709563758,,,,,,,31,,,15309.465709563758,,0.0
,20903.655591034156,,-27.855732,100,6959.229734831646,,0.3042477465584379,,0.0,6959.229734831646,-75.33789916862567,,74666.56557330086,,74666.56557330086,-75.33789916862567,,0.04,0.0,660000,32,0.0048346817,100,5.1184893,18.147243,20903.655591034156,,,0.0,-9.7084875,20413.43358214767,,,,,,,32,,,20413.43358214767,,0.04
,16270.08987595135,,3.9624,100,7022.729219878501,,0.2687414839149389,,0.0,7022.729219878501,-75.1322725336748,,63948.48176830022,,63948.48176830022,-75.1322725336748,,0.04,0.0,680000,33,0.0067794374,100,5.089122,17.750843,16270.08987595135,,,0.0,21.713243,21177.278402062155,,,,,,,33,,,21177.278402062155,,0.04
,22272.142010318083,,-12.927456,100,9350.529382576158,,0.29362151459667496,,0.0,9350.529382576158,-29.707994664346504,,82065.29196176847,,82065.29196176847,-29.707994664346504,,0.01,0.0,700000,34,0.0063565965,100,5.0621214,18.974718,22272.142010318083,,,0.0,6.0472627,26510.66167569268,,,,,,,34,,,26510.66167569268,,0.01
,14171.929403388893,,-19.722574,100,4802.38441168081,,0.21186155584026922,,0.0,4802.38441168081,-21.233311409135233,,58141.152260188246,,58141.152260188246,-21.233311409135233,,0.05,0.0,720000,35,0.007441916,100,5.054451,15.310299,14171.929403388893,,,0.0,-4.412275,15162.605060062977,,,,,,,35,,,15162.605060062977,,0.05
,21593.544027886397,,-15.015656,100,8417.957737148283,,0.3126447218355841,,0.0,8417.957737148283,-44.06660272903682,,86050.55059984229,,86050.55059984229,-44.06660272903682,,0.02,0.0,740000,36,0.005663953,100,5.04259,22.959337,21593.544027886397,,,0.0,7.9436812,24966.977711526575,,,,,,,36,,,24966.977711526575,,0.02
,20496.662506503813,,-6.3867373,100,8461.145290854223,,0.26405239832412564,,0.0,8461.145290854223,-53.16872370681054,,81966.22207493325,,81966.22207493325,-53.16872370681054,,0.03,0.0,760000,37,0.0074544824,100,5.0470815,19.552137,20496.662506503813,,,0.0,13.1654,25346.640147543458,,,,,,,37,,,25346.640147543458,,0.03
,18591.92714029041,,-15.8404875,100,7819.4273110878585,,0.18428723136130043,,0.0,7819.4273110878585,-81.92119064497555,,70643.22303902931,,70643.22303902931,-81.92119064497555,,0.06,0.0,780000,38,0.005416061,100,5.0382395,18.408924,18591.92714029041,,,0.0,2.5684376,22301.616398046925,,,,,,,38,,,22301.616398046925,,0.06
,20245.366584184027,,-30.510769,100,8058.419955523767,,0.2514910663620399,,0.0,8058.419955523767,-27.636093808565235,,69748.77225098894,,69748.77225098894,-27.636093808565235,,0.0,0.0,800000,39,0.0072152046,100,4.995956,22.503862,20245.366584184027,,,0.0,-8.0069065,23451.652334920047,,,,,,,39,,,23451.652334920047,,0.0
28094.18990764474,18064.010392303942,4,-6.006656,100,6870.333939523237,10,0.25748692141449026,28094.189907644737,0.0,6870.333939523237,-43.46646172993757,-37.006362125170426,66992.30678210159,0.0,66992.30678210159,-43.46646172993757,0.0,0.05,0.0,820000,40,0.0053505194,100,4.9556456,17.15163,18064.010392303942,28094.18990764474,10,0.0,11.144975,21085.53123816819,0.0,15355.238661716392,4,51927.05582027122,15355.238661716392,51927.05582027122,40,0.0,28094.189907644737,21085.53123816819,-37.006362125170426,0.05
,21113.541270008114,,-10.949925,100,9954.78289350576,,0.26094000451223676,,0.0,9954.78289350576,-74.1295805189242,,81238.08149782362,,81238.08149782362,-74.1295805189242,,0.01,0.0,840000,41,0.0076460023,100,4.928554,17.243675,21113.541270008114,,,0.0,6.29375,30114.124500544312,,,,,,,41,,,30114.124500544312,,0.01
,23062.07066143083,,-18.652426,100,9857.426953435226,,0.33561507019977455,,0.0,9857.426953435226,-59.77086700266585,,79831.1732189341,,79831.1732189341,-59.77086700266585,,0.03,0.0,860000,42,0.005759117,100,4.9003363,20.508076,23062.07066143083,,,0.0,1.85565,28904.64917251996,,,,,,,42,,,28904.64917251996,,0.03
,20875.585589575454,,-9.767875,100,9403.360300588287,,0.27176304071163804,,0.0,9403.360300588287,-62.66865515281582,,84400.79915491011,,84400.79915491011,-62.66865515281582,,0.02,0.0,880000,43,0.0067854063,100,4.880668,15.681324,20875.585589575454,,,0.0,5.91345,26643.012964252634,,,,,,,43,,,26643.012964252634,,0.02
,22274.46289267743,,-7.3623295,100,9308.74857809954,,0.38126291658349154,,0.0,9308.74857809954,-74.24513239807469,,110081.57786154684,,110081.57786154684,-74.24513239807469,,0.04,0.0,900000,44,0.0054954467,100,4.8680596,18.388458,22274.46289267743,,,0.0,11.026128,26654.054364296062,,,,,,,44,,,26654.054364296062,,0.04
,19490.480323594766,,-2.1231375,100,8917.614023709633,,0.24109805378547466,,0.0,8917.614023709633,-36.78042528954171,,83917.56250923318,,83917.56250923318,-36.78042528954171,,0.05,0.0,920000,45,0.006101332,100,4.836684,16.887482,19490.480323594766,,,0.0,14.764344,25511.773728028344,,,,,,,45,,,25511.773728028344,,0.05
,20140.28931890543,,-12.136474,100,8001.925799118468,,0.2476123105512007,,0.0,8001.925799118468,-23.36218835555605,,69650.71556971066,,69650.71556971066,-23.36218835555605,,0.01,0.0,940000,46,0.0053187367,100,4.806882,14.68341,20140.28931890543,,,0.0,2.546936,22326.359043609686,,,,,,,46,,,22326.359043609686,,0.01
,21332.289383188854,,-11.85345,100,8593.677963367261,,0.31987643681581424,,0.0,8593.677963367261,-67.18603664716993,,80603.1804167223,,80603.1804167223,-67.18603664716993,,0.0,0.0,960000,47,0.006357962,100,4.7916727,17.558012,21332.289383188854,,,0.0,5.7045627,22534.33542221156,,,,,,,47,,,22534.33542221156,,0.0
,19667.896288684296,,-3.6324,100,7458.32012981573,,0.2512501036890391,,0.0,7458.32012981573,-81.1556409950934,,84716.74176926885,,84716.74176926885,-81.1556409950934,,0.01,0.0,980000,48,0.006045643,100,4.767487,16.441412,19667.896288684296,,,0.0,12.809012,20877.712910922608,,,,,,,48,,,20877.712910922608,,0.01
,26256.091797226272,,-5.968225,100,10157.700977234712,,0.28040187668104577,,0.0,10157.700977234712,-13.69935181225302,,118001.4664204572,,118001.4664204572,-13.69935181225302,,0.01,0.0,1000000,49,0.005494532,100,4.736416,24.477776,26256.091797226272,,,0.0,18.50955,28735.71703889233,,,,,,,49,,,28735.71703889233,,0.01
23214.97126968247,22876.45797149273,5,-33.952194,100,10306.016040048635,10,0.34164431267137285,23214.971269682468,0.0,10306.016040048635,-61.6507416183275,3499.307869327491,85643.02412138112,0.1,85643.02412138112,-61.6507416183275,0.0,0.01,0.0,1020000,50,0.0049646203,100,4.7277794,18.16226,22876.45797149273,23214.97126968247,10,0.0,-15.789934,28136.256777898394,0.1,17433.695484819586,5,53877.974453247065,17433.695484819586,53877.974453247065,50,0.0,23214.971269682468,28136.256777898394,3499.307869327491,0.01
,16951.03039899259,,-6.942025,100,7386.227252274748,,0.28244984445299404,,0.0,7386.227252274748,-21.42798101297523,,66752.7247899805,,66752.7247899805,-21.42798101297523,,0.0,0.0,1040000,51,0.0081386985,100,4.715346,11.517063,16951.03039899259,,,0.0,4.5750375,22169.441265518733,,,,,,,51,,,22169.441265518733,,0.0
,23194.379761467466,,-15.15706,100,11044.089612651833,,0.2710411639279481,,0.0,11044.089612651833,-77.26704995690066,,97327.43846903484,,97327.43846903484,-77.26704995690066,,0.01,0.0,1060000,52,0.0055371206,100,4.7086153,18.43171,23194.379761467466,,,0.0,3.27465,30617.484129158845,,,,,,,52,,,30617.484129158845,,0.01
,17814.635377460865,,-9.754638,100,10086.061903488542,,0.31281654872461484,,0.0,10086.061903488542,761.5669307135056,,78442.88794519736,,78442.88794519736,761.5669307135056,,0.02,0.0,1080000,53,0.0047001364,100,4.708998,12.414113,17814.635377460865,,,0.0,2.659475,26527.929840020683,,,,,,,53,,,26527.929840020683,,0.02
,19023.178881102704,,-8.3879,100,8908.248744764323,,0.281864355307052,,0.0,8908.248744764323,-46.4996578192006,,75639.66953217125,,75639.66953217125,-46.4996578192006,,0.03,0.0,1100000,54,0.004983687,100,4.6925817,15.581088,19023.178881102704,,,0.0,7.1931877,24860.82363390158,,,,,,,54,,,24860.82363390158,,0.03
,23252.192170405706,,-27.748459,100,10476.98658710602,,0.29080266771347263,,0.0,10476.98658710602,-26.065465232351343,,91847.52369505378,,91847.52369505378,-26.065465232351343,,0.05,0.0,1120000,55,0.0059444048,100,4.6770835,19.970547,23252.192170405706,,,0.0,-7.7779126,29332.371221213623,,,,,,,55,,,29332.371221213623,,0.05
,21780.548487369506,,-1.7549688,100,12127.835680850309,,0.34520500973315793,,0.0,12127.835680850309,-10.358983157998129,,91050.51169800753,,91050.51169800753,-10.358983157998129,,0.03,0.0,1140000,56,0.00560502,100,4.68447,18.211132,21780.548487369506,,,0.0,16.456163,33634.22495797476,,,,,,,56,,,33634.22495797476,,0.03
,22929.670652233483,,1.920125,100,9985.52560472795,,0.3528386428421434,,0.0,9985.52560472795,-61.58917373195324,,85272.54091203907,,85272.54091203907,-61.58917373195324,,0.04,0.0,1160000,57,0.004603438,100,4.6738596,20.453411,22929.670652233483,,,0.0,22.373537,28430.543547915804,,,,,,,57,,,28430.543547915804,,0.04
,22845.40753831787,,-9.439412,100,10844.221875358871,,0.3145151653226004,,0.0,10844.221875358871,-32.7598620525676,,92054.68538393099,,92054.68538393099,-32.7598620525676,,0.0,0.0,1180000,58,0.007783351,100,4.6725397,17.581112,22845.40753831787,,,0.0,8.1417,32629.035056140758,,,,,,,58,,,32629.035056140758,,0.0
,18588.480705421654,,-4.876756,100,8692.483809501518,,0.31753961680019727,,0.0,8692.483809501518,-61.03124781897072,,75913.84272581336,,75913.84272581336,-61.03124781897072,,0.02,0.0,1200000,59,0.00708067,100,4.6708565,12.676588,18588.480705421654,,,0.0,7.7998314,24148.020135745523,,,,,,,59,,,24148.020135745523,,0.02
22540.473695199693,20887.469655691788,6,-8.67605,100,8953.460668131544,10,0.23326503288292488,22540.473695199693,0.0,8953.460668131544,-72.9864349184979,-12.669255950836758,85963.18400262155,0.0,85963.18400262155,-72.9864349184979,0.0,0.03,0.0,1220000,60,0.007187988,100,4.663877,19.924026,20887.469655691788,22540.473695199693,10,0.0,11.247975,25342.495890687132,0.0,17381.657194976786,6,44963.54927885662,17381.657194976786,44963.54927885662,60,0.0,22540.473695199693,25342.495890687132,-12.669255950836758,0.03
,23638.576602483525,,-5.9599814,100,10223.822668670533,,0.2863303240615094,,0.0,10223.822668670533,875.95332788841,,96836.82659443055,,96836.82659443055,875.95332788841,,0.02,0.0,1240000,61,0.0068572196,100,4.6604843,22.035656,23638.576602483525,,,0.0,16.075674,29687.680167807237,,,,,,,61,,,29687.680167807237,,0.02
,25091.539418479744,,6.9624686,100,11537.917084288503,,0.3075150081544652,,0.0,11537.917084288503,-25.320058348349466,,91960.50159998922,,91960.50159998922,-25.320058348349466,,0.01,0.0,1260000,62,0.005399755,100,4.647323,18.073187,25091.539418479744,,,0.0,25.035656,30534.985562965085,,,,,,,62,,,30534.985562965085,,0.01
,24079.892777085457,,11.435393,100,11092.334843806695,,0.2890784584339875,,0.0,11092.334843806695,-13.699353495396164,,91392.2534018213,,91392.2534018213,-13.699353495396164,,0.0,0.0,1280000,63,0.0049390113,100,4.6348195,16.420925,24079.892777085457,,,0.0,27.85632,31485.88264468544,,,,,,,63,,,31485.88264468544,,0.0
,18031.0074742839,,2.9409313,100,9088.54927608569,,0.26212589648032814,,0.0,9088.54927608569,-16.55679147076179,,62851.98549729523,,62851.98549729523,-16.55679147076179,,0.01,0.0,1300000,64,0.0060152807,100,4.632599,12.592568,18031.0074742839,,,0.0,15.5335,26046.539928843817,,,,,,,64,,,26046.539928843817,,0.01
,25150.144207255293,,-3.4058406,100,14221.709539216052,,0.35213468530424863,,0.0,14221.709539216052,-65.38975180087036,,96577.43975323775,,96577.43975323775,-65.38975180087036,,0.01,0.0,1320000,65,0.006295856,100,4.627385,24.301422,25150.144207255293,,,0.0,20.895582,38820.06534659795,,,,,,,65,,,38820.06534659795,,0.01
,23674.25907516023,,-2.7543626,100,8999.261877012454,,0.33215921916579016,,0.0,8999.261877012454,-60.66259882562299,,93075.2061443748,,93075.2061443748,-60.66259882562299,,0.03,0.0,1340000,66,0.006064416,100,4.630821,20.5975,23674.25907516023,,,0.0,17.843138,24942.47319807111,,,,,,,66,,,24942.47319807111,,0.03
,27807.295127037127,,-3.7115562,100,12650.963079850388,,0.34766932871491596,,0.0,12650.963079850388,-62.92871009096809,,95782.75330401755,,95782.75330401755,-62.92871009096809,,0.03,0.0,1360000,67,0.007822139,100,4.6200867,11.964544,27807.295127037127,,,0.0,8.252988,36232.799492751925,,,,,,,67,,,36232.799492751925,,0.03
,21388.44600492661,,-14.047413,100,10995.340920939558,,0.3686046270747142,,0.0,10995.340920939558,-13.196328115960444,,82255.64808331977,,82255.64808331977,-13.196328115960444,,0.0,0.0,1380000,68,0.0057349284,100,4.6069803,11.957525,21388.44600492661,,,0.0,-2.0898876,29225.869872273197,,,,,,,68,,,29225.869872273197,,0.0
,22728.922026135428,,-1.0268687,100,10860.926572520051,,0.27657758795579723,,0.0,10860.926572520051,1030.8248239795432,,103439.26507646785,,103439.26507646785,1030.8248239795432,,0.02,0.0,1400000,69,0.0059355055,100,4.5969925,14.723094,22728.922026135428,,,0.0,13.696225,31754.614775807182,,,,,,,69,,,31754.614775807182,,0.02
21386.63743921795,22631.489323289046,7,-1.5019125,100,13055.737204069705,10,0.27399236817139205,21386.637439217942,0.0,13055.737204069705,29.638344135520477,1493.6445774719878,90994.71920566911,0.0,90994.71920566911,29.638344135520477,0.0,0.0,0.0,1420000,70,0.0059099547,100,4.584442,16.828907,22631.489323289046,21386.63743921795,10,0.0,15.326994,35461.399727421805,0.0,16104.893859330125,7,48980.43931163066,16104.893859330125,48980.43931163066,70,0.0,21386.637439217942,35461.399727421805,1493.6445774719878,0.0
,23285.610727946892,,-24.696924,100,11015.237219170003,,0.3490018250449619,,0.0,11015.237219170003,662.1023251491984,,104753.36762390638,,104753.36762390638,662.1023251491984,,0.0,0.0,1440000,71,0.0052740523,100,4.565666,20.938187,23285.610727946892,,,0.0,-3.7587376,32128.815136294143,,,,,,,71,,,32128.815136294143,,0.0
,27233.433568439264,,4.1541,100,15060.187148189474,,0.45581721633192585,,0.0,15060.187148189474,796.5966300364962,,95081.48515329452,,95081.48515329452,796.5966300364962,,0.0,0.0,1460000,72,0.006230756,100,4.5601425,23.280449,27233.433568439264,,,0.0,27.43455,42178.04487027654,,,,,,,72,,,42178.04487027654,,0.0
,26088.70939341619,,7.6473937,100,11088.519697911188,,0.3234806891966031,,0.0,11088.519697911188,-42.579524526159716,,105334.11431252897,,105334.11431252897,-42.579524526159716,,0.0,0.0,1480000,73,0.006469568,100,4.566784,19.62918,26088.70939341619,,,0.0,27.276575,31234.791491764383,,,,,,,73,,,31234.791491764383,,0.0
,23079.000276449813,,-12.898719,100,9756.484741450726,,0.2928780910944615,,0.0,9756.484741450726,568.1881390756218,,94029.08720763696,,94029.08720763696,568.1881390756218,,0.02,0.0,1500000,74,0.0055172937,100,4.556972,21.226864,23079.000276449813,,,0.0,8.328144,26767.237237137197,,,,,,,74,,,26767.237237137197,,0.02
,26724.539624569705,,-1.176975,100,12649.148214911578,,0.38322066161602286,,0.0,12649.148214911578,1166.0801976574464,,109730.4901697793,,109730.4901697793,1166.0801976574464,,0.0,0.0,1520000,75,0.005929389,100,4.5447016,22.214563,26724.539624569705,,,0.0,21.037588,34806.96870849085,,,,,,,75,,,34806.96870849085,,0.0
,19966.299669139768,,-26.44805,100,10661.837708706142,,0.328101704860569,,0.0,10661.837708706142,11.940732588908826,,80718.00014161639,,80718.00014161639,11.940732588908826,,0.01,0.0,1540000,76,0.0049828268,100,4.5221944,18.408638,19966.299669139768,,,0.0,-8.0394125,28977.20629445099,,,,,,,76,,,28977.20629445099,,0.01
,28878.566517391057,,12.647963,100,14614.49756994608,,0.44212971413947244,,0.0,14614.49756994608,-16.676190772666125,,91988.36226494783,,91988.36226494783,-16.676190772666125,,0.03,0.0,1560000,77,0.005578086,100,4.507317,26.433462,28878.566517391057,,,0.0,39.081425,40032.425796418574,,,,,,,77,,,40032.425796418574,,0.03
,28150.68171977958,,-22.4945,100,12333.025058823303,,0.4491446342232974,,0.0,12333.025058823303,248.75901265373565,,87940.51208000354,,87940.51208000354,248.75901265373565,,0.01,0.0,1580000,78,0.0061968477,100,4.5008097,23.137112,28150.68171977958,,,0.0,0.6426125,35101.69798535329,,,,,,,78,,,35101.69798535329,,0.01
,25153.010014528772,,-9.771137,100,10080.730784964051,,0.3820034022391193,,0.0,10080.730784964051,134.91044903013392,,93710.07529116499,,93710.07529116499,134.91044903013392,,0.0,0.0,1600000,79,0.0058069816,100,4.495545,23.994274,25153.010014528772,,,0.0,14.223138,27331.10475645109,,,,,,,79,,,27331.10475645109,,0.0
37566.29992755378,27157.319349944235,8,-6.7836437,100,14667.055696029034,10,0.4269439628570113,37566.29992755379,0.0,14667.055696029034,-14.558486928111277,11255.735003111951,96999.35458233836,0.0,96999.35458233836,-14.558486928111277,0.0,0.01,0.0,1620000,80,0.005143707,100,4.4996676,18.208752,27157.319349944235,37566.29992755378,10,0.0,11.425109,39884.17328987361,0.0,25223.20567546996,8,91113.37423215731,25223.20567546996,91113.37423215731,80,0.0,37566.29992755379,39884.17328987361,11255.735003111951,0.01
,25650.409495552194,,4.5838375,100,11760.34525608691,,0.3844140627711028,,0.0,11760.34525608691,1576.9156982721543,,92331.71825556956,,92331.71825556956,1576.9156982721543,,0.01,0.0,1640000,81,0.0050579407,100,4.4864545,18.293526,25650.409495552194,,,0.0,22.877363,31896.61910189058,,,,,,,81,,,31896.61910189058,,0.01
,23767.787982082325,,5.0211,100,11197.032299261276,,0.3273809419191064,,0.0,11197.032299261276,1444.2792658626909,,84730.5401365689,,84730.5401365689,1444.2792658626909,,0.02,0.0,1660000,82,0.0076730447,100,4.469403,15.399938,23767.787982082325,,,0.0,20.421038,30602.918360529457,,,,,,,82,,,30602.918360529457,,0.02
,23475.653039069635,,-22.003975,100,11661.152935044809,,0.4405265526392975,,0.0,11661.152935044809,-13.351029030715623,,93804.83036695585,,93804.83036695585,-13.351029030715623,,0.01,0.0,1680000,83,0.004937534,100,4.4732623,17.016937,23475.653039069635,,,0.0,-4.9870377,30508.466659459,,,,,,,83,,,30508.466659459,,0.01
,27105.307160954857,,-17.863792,100,12704.203577523618,,0.3471013963462438,,0.0,12704.203577523618,1078.035555590553,,94827.63111448681,,94827.63111448681,1078.035555590553,,0.01,0.0,1700000,84,0.0041266405,100,4.4778943,21.421408,27105.307160954857,,,0.0,3.5576155,35556.890539088236,,,,,,,84,,,35556.890539088236,,0.01
,23409.008550773757,,-12.030946,100,11239.543763309892,,0.33449629368541267,,0.0,11239.543763309892,1513.8752263160256,,96112.15128775555,,96112.15128775555,1513.8752263160256,,0.0,0.0,1720000,85,0.0049697766,100,4.4881434,19.024496,23409.008550773757,,,0.0,6.99355,30511.558696395532,,,,,,,85,,,30511.558696395532,,0.0
,23108.198151797344,,-13.251486,100,9893.23542942808,,0.36293185334019995,,0.0,9893.23542942808,-32.90669178000556,,88878.77938756045,,88878.77938756045,-32.90669178000556,,0.0,0.0,1740000,86,0.0054870234,100,4.484688,18.740957,23108.198151797344,,,0.0,5.489472,25445.4264290853,,,,,,,86,,,25445.4264290853,,0.0
,26715.658727009755,,-13.416431,100,13819.637300099428,,0.4039311260349867,,0.0,13819.637300099428,1240.052294507722,,94992.11879668351,,94992.11879668351,1240.052294507722,,0.02,0.0,1760000,87,0.005814119,100,4.473454,21.474957,26715.658727009755,,,0.0,8.058525,38722.116459188655,,,,,,,87,,,38722.116459188655,,0.02
,27005.027279238166,,-11.0572405,100,12762.681081716446,,0.38103262692513884,,0.0,12762.681081716446,-15.078585643795659,,97055.71780367992,,97055.71780367992,-15.078585643795659,,0.01,0.0,1780000,88,0.0048605707,100,4.4738307,20.96336,27005.027279238166,,,0.0,9.906118,36163.82642233291,,,,,,,88,,,36163.82642233291,,0.01
,27745.48474440543,,-2.7054625,100,12491.527953902294,,0.42454828530643696,,0.0,12491.527953902294,62.667560984181684,,110336.07681363096,,110336.07681363096,62.667560984181684,,0.0,0.0,1800000,89,0.00641568,100,4.4692874,24.460014,27745.48474440543,,,0.0,21.75455,32775.05823622465,,,,,,,89,,,32775.05823622465,,0.0
33458.66008114348,26275.967360237566,9,-27.863413,100,12044.111281659805,10,0.4018645105462195,33458.66008114347,0.0,12044.111281659805,545.0256737711929,4845.930800753645,91732.23313085466,0.0,91732.23313085466,545.0256737711929,0.0,0.02,0.0,1820000,90,0.0051496034,100,4.4559627,24.734776,26275.967360237566,33458.66008114348,10,0.0,-3.1286376,32436.335267109418,0.0,21054.549891680785,9,70306.65577809572,21054.549891680785,70306.65577809572,90,0.0,33458.66008114347,32436.335267109418,4845.930800753645,0.02
,24182.160393530477,,-27.82705,100,10977.424986740933,,0.33778826972316456,,0.0,10977.424986740933,-24.0918361751535,,89878.68139060099,,89878.68139060099,-24.0918361751535,,0.01,0.0,1840000,91,0.0062313657,100,4.445057,17.208149,24182.160393530477,,,0.0,-10.6189,31555.25142872563,,,,,,,91,,,31555.25142872563,,0.01
,26245.72846768188,,-23.375826,100,12251.305114477458,,0.41563293573265025,,0.0,12251.305114477458,-36.41778212424701,,96160.17501972412,,96160.17501972412,-36.41778212424701,,0.01,0.0,1860000,92,0.0069155404,100,4.4204407,21.066938,26245.72846768188,,,0.0,-2.3088875,33598.11707050657,,,,,,,92,,,33598.11707050657,,0.01
,26343.12973750032,,10.387675,100,11091.0573920146,,0.3506216306101707,,0.0,11091.0573920146,-13.579041492174747,,93651.09761509982,,93651.09761509982,-13.579041492174747,,0.01,0.0,1880000,93,0.015622772,100,4.3974123,-1.2948627,26343.12973750032,,,0.0,9.092813,29566.206748118784,,,,,,,93,,,29566.206748118784,,0.01
,22909.263074310806,,-9.973753,100,11569.37576767868,,0.34281344374713907,,0.0,11569.37576767868,-15.444392397542904,,89094.74688927844,,89094.74688927844,-15.444392397542904,,0.02,0.0,1900000,94,0.0048952894,100,4.383366,19.072973,22909.263074310806,,,0.0,9.09922,31680.071678851764,,,,,,,94,,,31680.071678851764,,0.02
,21177.996238394942,,-16.1652,100,9211.244352760756,,0.26691640546757867,,0.0,9211.244352760756,-33.4184925644077,,89425.41747108189,,89425.41747108189,-33.4184925644077,,0.01,0.0,1920000,95,0.0053977803,100,4.3982077,19.537012,21177.996238394942,,,0.0,3.3718126,25888.324564432936,,,,,,,95,,,25888.324564432936,,0.01
,27337.508671858777,,-8.629625,100,11042.887701228336,,0.4460686716393679,,0.0,11042.887701228336,-22.491564213245066,,90821.0475234697,,90821.0475234697,-22.491564213245066,,0.0,0.0,1940000,96,0.0048343176,100,4.409866,26.388613,27337.508671858777,,,0.0,17.758987,30053.181770392388,,,,,,,96,,,30053.181770392388,,0.0
,25393.24977996704,,12.408832,100,15093.033025236127,,0.4027626621671354,,0.0,15093.033025236127,1696.56945533989,,101587.74108701393,,101587.74108701393,1696.56945533989,,0.02,0.0,1960000,97,0.0066004656,100,4.404617,18.738773,25393.24977996704,,,0.0,31.147606,42909.576162382786,,,,,,,97,,,42909.576162382786,,0.02
,22944.670889435565,,-14.045568,100,11294.50434084371,,0.3653698829004717,,0.0,11294.50434084371,-16.839236432812474,,81581.1157409279,,81581.1157409279,-16.839236432812474,,0.0,0.0,1980000,98,0.004217548,100,4.4003644,17.014494,22944.670889435565,,,0.0,2.968925,29477.530835801117,,,,,,,98,,,29477.530835801117,,0.0
,24363.13450267971,,-18.482525,100,12245.148665857037,,0.3780936348120364,,0.0,12245.148665857037,460.7044478408813,,84721.18293579954,,84721.18293579954,460.7044478408813,,0.0,0.0,2000000,99,0.0047384016,100,4.3938074,21.1784,24363.13450267971,,,0.0,2.695875,32841.211318060836,,,,,,,99,,,32841.211318060836,,0.0
